t,phase,age_ms,grav_z,base_z,q_FL_abad,q_FL_thigh,q_FL_calf,q_FR_abad,q_FR_thigh,q_FR_calf,q_RL_abad,q_RL_thigh,q_RL_calf,q_RR_abad,q_RR_thigh,q_RR_calf,dq_FL_abad,dq_FL_thigh,dq_FL_calf,dq_FR_abad,dq_FR_thigh,dq_FR_calf,dq_RL_abad,dq_RL_thigh,dq_RL_calf,dq_RR_abad,dq_RR_thigh,dq_RR_calf,qdes_FL_abad,qdes_FL_thigh,qdes_FL_calf,qdes_FR_abad,qdes_FR_thigh,qdes_FR_calf,qdes_RL_abad,qdes_RL_thigh,qdes_RL_calf,qdes_RR_abad,qdes_RR_thigh,qdes_RR_calf,tau_FL_abad,tau_FL_thigh,tau_FL_calf,tau_FR_abad,tau_FR_thigh,tau_FR_calf,tau_RL_abad,tau_RL_thigh,tau_RL_calf,tau_RR_abad,tau_RR_thigh,tau_RR_calf,kp,kd
0.0000,settle,0.4,-0.9998,nan,-0.40751,-0.08543,-0.68667,0.57590,-0.07954,-0.97451,-0.50377,0.38889,-1.27332,0.42799,0.34455,-0.86607,-0.0586,0.0977,0.0195,-0.0195,-0.0586,-0.0195,-0.0977,-0.0195,0.0586,-0.0195,-0.0195,-0.0977,-0.40751,-0.08543,-0.68667,0.57590,-0.07954,-0.97451,-0.50377,0.38889,-1.27332,0.42799,0.34455,-0.86607,0.110,0.037,0.110,0.037,-0.037,-0.037,-0.110,0.037,0.110,-0.110,-0.110,-0.037,0.00,3.000
0.0050,settle,0.6,-0.9998,nan,-0.40740,-0.08543,-0.68670,0.57590,-0.07954,-0.97448,-0.50370,0.38878,-1.27327,0.42799,0.34458,-0.86607,0.0195,0.0586,0.0195,0.0195,-0.0586,-0.0586,-0.0977,0.0586,0.0195,-0.0195,-0.0195,-0.0195,-0.40740,-0.08543,-0.68670,0.57590,-0.07954,-0.97448,-0.50370,0.38878,-1.27327,0.42799,0.34458,-0.86607,0.183,0.037,0.037,0.183,-0.037,-0.110,-0.110,0.110,0.037,-0.037,-0.110,-0.110,0.00,3.000
0.0100,settle,0.5,-0.9998,nan,-0.40740,-0.08543,-0.68670,0.57590,-0.07954,-0.97448,-0.50377,0.38878,-1.27332,0.42799,0.34455,-0.86607,-0.0195,-0.0586,0.0195,0.0195,0.0195,-0.0586,-0.0195,-0.1368,0.1368,-0.0195,0.0586,-0.0586,-0.40740,-0.08543,-0.68670,0.57590,-0.07954,-0.97448,-0.50377,0.38878,-1.27332,0.42799,0.34455,-0.86607,0.037,0.037,0.110,0.110,-0.037,-0.110,-0.110,0.110,0.110,-0.110,-0.110,0.037,0.00,3.000
0.0150,settle,0.5,-0.9998,nan,-0.40740,-0.08532,-0.68661,0.57593,-0.07962,-0.97448,-0.50384,0.38878,-1.27327,0.42799,0.34451,-0.86607,0.0977,0.0195,0.0195,0.1368,-0.0195,-0.0195,-0.0977,0.0195,0.0586,0.0586,-0.0195,-0.0195,-0.40740,-0.08532,-0.68661,0.57593,-0.07962,-0.97448,-0.50384,0.38878,-1.27327,0.42799,0.34451,-0.86607,0.037,0.037,0.110,0.037,-0.110,-0.110,-0.256,0.110,0.037,-0.110,0.037,-0.330,0.00,3.000
0.0200,settle,0.5,-0.9998,nan,-0.40748,-0.08535,-0.68661,0.57593,-0.07962,-0.97448,-0.50384,0.38893,-1.27327,0.42791,0.34455,-0.86607,0.0586,0.0195,0.0195,-0.0195,0.0195,0.0195,-0.0195,0.0586,0.0586,-0.0977,-0.0195,-0.0586,-0.40748,-0.08535,-0.68661,0.57593,-0.07962,-0.97448,-0.50384,0.38893,-1.27327,0.42791,0.34455,-0.86607,0.110,0.037,0.110,0.110,-0.037,-0.110,-0.110,0.110,0.110,-0.256,-0.183,-0.037,0.00,3.000
0.0250,settle,0.5,-0.9998,nan,-0.40740,-0.08535,-0.68661,0.57593,-0.07962,-0.97448,-0.50384,0.38893,-1.27332,0.42788,0.34455,-0.86607,0.0195,0.0195,0.0195,0.1368,0.0195,0.0977,0.0586,0.0586,0.0195,0.0977,-0.0586,-0.0586,-0.40740,-0.08535,-0.68661,0.57593,-0.07962,-0.97448,-0.50384,0.38893,-1.27332,0.42788,0.34455,-0.86607,0.110,0.110,0.110,0.110,-0.110,-0.110,-0.037,0.110,0.110,-0.110,-0.037,-0.037,0.00,3.000
0.0300,settle,0.6,-0.9998,nan,-0.40740,-0.08532,-0.68656,0.57593,-0.07969,-0.97451,-0.50377,0.38889,-1.27327,0.42788,0.34447,-0.86607,0.0195,0.1758,0.0977,-0.0586,0.0195,-0.0195,-0.0977,-0.0977,0.0195,-0.0195,-0.0195,-0.0195,-0.40740,-0.08532,-0.68656,0.57593,-0.07969,-0.97451,-0.50377,0.38889,-1.27327,0.42788,0.34447,-0.86607,0.037,0.037,0.183,0.110,-0.183,-0.183,-0.037,0.110,0.110,-0.183,-0.037,-0.256,0.00,3.000
0.0350,settle,0.4,-0.9998,nan,-0.40740,-0.08532,-0.68670,0.57593,-0.07973,-0.97448,-0.50377,0.38878,-1.27327,0.42791,0.34447,-0.86607,0.0195,0.0195,0.0195,-0.1368,0.0586,-0.0586,-0.0195,-0.0977,0.0195,-0.0586,0.0586,-0.0195,-0.40740,-0.08532,-0.68670,0.57593,-0.07973,-0.97448,-0.50377,0.38878,-1.27327,0.42791,0.34447,-0.86607,0.037,0.110,0.183,0.183,-0.183,-0.037,-0.037,0.256,0.110,-0.183,-0.110,-0.037,0.00,3.000
0.0400,settle,0.4,-0.9998,nan,-0.40740,-0.08532,-0.68670,0.57593,-0.07965,-0.97457,-0.50384,0.38889,-1.27318,0.42788,0.34455,-0.86607,0.0195,0.0195,0.0195,-0.0977,-0.0195,0.0586,-0.0195,0.0586,0.0586,-0.0586,0.0586,0.0195,-0.40740,-0.08532,-0.68670,0.57593,-0.07965,-0.97457,-0.50384,0.38889,-1.27318,0.42788,0.34455,-0.86607,0.183,0.037,0.183,0.037,-0.183,-0.110,-0.110,0.183,0.110,-0.110,-0.110,-0.037,0.00,3.000
0.0450,settle,0.4,-0.9998,nan,-0.40740,-0.08532,-0.68670,0.57604,-0.07969,-0.97445,-0.50384,0.38889,-1.27327,0.42788,0.34447,-0.86607,0.0195,-0.0977,0.0195,0.1758,-0.0586,-0.0195,-0.0195,0.0195,0.0195,-0.0195,-0.0977,-0.0195,-0.40740,-0.08532,-0.68670,0.57604,-0.07969,-0.97445,-0.50384,0.38889,-1.27327,0.42788,0.34447,-0.86607,0.110,0.110,0.110,0.110,-0.110,-0.110,-0.256,0.183,0.110,-0.110,-0.110,-0.256,0.00,3.000
0.0500,settle,0.4,-0.9998,nan,-0.40740,-0.08532,-0.68661,0.57604,-0.07965,-0.97459,-0.50384,0.38889,-1.27329,0.42791,0.34447,-0.86607,0.0195,0.0195,0.0195,0.0195,0.0195,-0.0586,-0.0977,0.0195,0.0195,-0.0977,0.0195,-0.0195,-0.40740,-0.08532,-0.68661,0.57604,-0.07965,-0.97459,-0.50384,0.38889,-1.27329,0.42791,0.34447,-0.86607,0.183,0.183,0.110,0.183,-0.037,-0.110,-0.110,0.110,0.110,-0.256,-0.183,-0.256,0.00,3.000
0.0550,settle,0.4,-0.9998,nan,-0.40740,-0.08532,-0.68661,0.57593,-0.07965,-0.97451,-0.50384,0.38889,-1.27327,0.42791,0.34447,-0.86607,0.0195,0.0195,0.0195,-0.0977,0.0195,0.0586,-0.0195,0.0195,0.0586,-0.0977,0.0586,-0.0195,-0.40740,-0.08532,-0.68661,0.57593,-0.07965,-0.97451,-0.50384,0.38889,-1.27327,0.42791,0.34447,-0.86607,0.183,0.183,0.110,0.183,-0.037,-0.110,-0.256,0.183,0.037,-0.183,-0.110,-0.110,0.00,3.000
0.0600,settle,0.3,-0.9998,nan,-0.40740,-0.08517,-0.68661,0.57604,-0.07962,-0.97448,-0.50384,0.38893,-1.27327,0.42791,0.34447,-0.86607,0.0195,-0.0977,0.0977,0.0586,-0.0586,-0.0586,-0.0195,0.0195,0.0195,0.0586,0.0586,-0.0195,-0.40740,-0.08517,-0.68661,0.57604,-0.07962,-0.97448,-0.50384,0.38893,-1.27327,0.42791,0.34447,-0.86607,0.183,0.110,0.037,0.037,-0.110,-0.256,-0.037,0.037,0.110,-0.110,-0.183,-0.110,0.00,3.000
0.0650,settle,0.3,-0.9998,nan,-0.40740,-0.08521,-0.68670,0.57593,-0.07969,-0.97451,-0.50384,0.38889,-1.27332,0.42791,0.34455,-0.86607,-0.0195,0.0195,0.0195,0.0586,-0.0195,0.0195,-0.0195,-0.0195,-0.0586,-0.1368,-0.0977,-0.0195,-0.40740,-0.08521,-0.68670,0.57593,-0.07969,-0.97451,-0.50384,0.38889,-1.27332,0.42791,0.34455,-0.86607,0.183,0.110,0.110,0.183,-0.110,-0.110,-0.037,0.110,0.110,-0.183,-0.110,-0.037,0.00,3.000
0.0700,settle,0.3,-0.9998,nan,-0.40744,-0.08517,-0.68670,0.57593,-0.07969,-0.97448,-0.50384,0.38889,-1.27332,0.42791,0.34447,-0.86609,0.0195,-0.0195,0.0195,0.0977,0.0195,-0.0195,-0.0977,0.0195,0.0195,-0.0977,-0.0977,-0.0195,-0.40744,-0.08517,-0.68670,0.57593,-0.07969,-0.97448,-0.50384,0.38889,-1.27332,0.42791,0.34447,-0.86609,0.110,0.183,0.110,0.037,-0.256,-0.110,-0.183,0.037,0.110,-0.110,-0.183,-0.110,0.00,3.000
0.0750,settle,0.3,-0.9998,nan,-0.40740,-0.08521,-0.68670,0.57590,-0.07973,-0.97451,-0.50392,0.38889,-1.27327,0.42799,0.34447,-0.86607,0.0195,0.0195,0.0195,-0.0977,-0.0195,0.0195,-0.0195,-0.1758,0.0195,-0.0195,-0.0195,0.0586,-0.40740,-0.08521,-0.68670,0.57590,-0.07973,-0.97451,-0.50392,0.38889,-1.27327,0.42799,0.34447,-0.86607,0.037,0.037,0.110,0.183,-0.256,-0.110,-0.110,0.110,0.110,-0.183,-0.183,-0.110,0.00,3.000
0.0800,settle,0.3,-0.9998,nan,-0.40740,-0.08532,-0.68670,0.57604,-0.07973,-0.97448,-0.50384,0.38889,-1.27327,0.42788,0.34447,-0.86607,0.0977,0.0195,0.0195,0.0195,0.0977,-0.0586,-0.0195,0.1368,-0.0195,0.0195,-0.1368,0.0586,-0.40740,-0.08532,-0.68670,0.57604,-0.07973,-0.97448,-0.50384,0.38889,-1.27327,0.42788,0.34447,-0.86607,0.183,0.183,0.110,0.037,-0.037,-0.110,-0.037,0.110,0.110,-0.183,-0.183,-0.110,0.00,3.000
0.0850,settle,0.2,-0.9998,nan,-0.40748,-0.08521,-0.68661,0.57604,-0.07969,-0.97448,-0.50384,0.38889,-1.27327,0.42788,0.34447,-0.86607,0.0195,-0.0195,0.0195,0.0195,-0.0195,0.0195,-0.0195,0.0195,0.0195,0.0195,0.0195,0.0586,-0.40748,-0.08521,-0.68661,0.57604,-0.07969,-0.97448,-0.50384,0.38889,-1.27327,0.42788,0.34447,-0.86607,0.110,0.110,0.183,0.110,-0.183,-0.110,-0.037,0.183,0.037,-0.183,-0.037,-0.110,0.00,3.000
0.0900,settle,0.2,-0.9998,nan,-0.40740,-0.08521,-0.68661,0.57593,-0.07973,-0.97451,-0.50384,0.38889,-1.27327,0.42788,0.34447,-0.86598,0.0977,0.0195,-0.0586,0.0195,-0.0195,-0.0195,-0.0195,0.0195,0.0195,0.0195,-0.0195,-0.0977,-0.40740,-0.08521,-0.68661,0.57593,-0.07973,-0.97451,-0.50384,0.38889,-1.27327,0.42788,0.34447,-0.86598,0.110,0.256,0.110,0.110,-0.183,-0.330,-0.183,0.110,0.183,-0.183,-0.110,-0.037,0.00,3.000
0.0950,settle,0.2,-0.9998,nan,-0.40744,-0.08521,-0.68661,0.57604,-0.07973,-0.97448,-0.50392,0.38889,-1.27327,0.42788,0.34447,-0.86598,0.0195,0.0195,-0.0586,-0.0977,-0.0195,-0.0586,-0.0195,0.0195,0.0586,0.0195,0.0586,-0.0977,-0.40744,-0.08521,-0.68661,0.57604,-0.07973,-0.97448,-0.50392,0.38889,-1.27327,0.42788,0.34447,-0.86598,0.110,0.110,0.110,0.037,-0.183,-0.110,-0.110,0.183,0.037,-0.183,-0.110,-0.037,0.00,3.000
0.1000,settle,0.2,-0.9998,nan,-0.40740,-0.08532,-0.68661,0.57593,-0.07973,-0.97451,-0.50384,0.38878,-1.27327,0.42788,0.34447,-0.86607,0.0195,-0.0977,0.0195,0.0195,-0.0586,0.0586,-0.0195,0.0195,0.0195,0.0195,0.0586,-0.0195,-0.40740,-0.08532,-0.68661,0.57593,-0.07973,-0.97451,-0.50384,0.38878,-1.27327,0.42788,0.34447,-0.86607,0.183,0.110,0.110,0.256,-0.037,-0.256,-0.183,0.110,0.183,-0.183,-0.183,0.037,0.00,3.000
0.1050,settle,0.1,-0.9998,nan,-0.40740,-0.08521,-0.68661,0.57593,-0.07973,-0.97448,-0.50384,0.38889,-1.27327,0.42788,0.34455,-0.86609,0.0195,0.0195,0.0195,0.1758,0.0195,-0.0586,-0.0195,0.0195,0.0195,0.0195,-0.0195,-0.0195,-0.40740,-0.08521,-0.68661,0.57593,-0.07973,-0.97448,-0.50384,0.38889,-1.27327,0.42788,0.34455,-0.86609,0.183,0.110,0.110,0.183,0.037,-0.330,-0.110,0.110,0.110,-0.183,-0.110,-0.256,0.00,3.000
0.1100,settle,0.1,-0.9998,nan,-0.40740,-0.08521,-0.68661,0.57593,-0.07962,-0.97448,-0.50392,0.38889,-1.27327,0.42788,0.34447,-0.86607,0.0586,0.0195,0.0195,0.1368,-0.0195,-0.0195,0.0586,0.0586,0.0195,-0.0195,0.1368,-0.0195,-0.40740,-0.08521,-0.68661,0.57593,-0.07962,-0.97448,-0.50392,0.38889,-1.27327,0.42788,0.34447,-0.86607,0.183,0.110,0.110,0.110,-0.256,-0.330,-0.183,0.037,0.183,-0.183,-0.037,-0.110,0.00,3.000
0.1150,settle,0.1,-0.9998,nan,-0.40748,-0.08521,-0.68661,0.57604,-0.07962,-0.97448,-0.50392,0.38889,-1.27327,0.42788,0.34447,-0.86607,0.0195,0.0195,0.0195,0.0195,-0.0977,-0.0195,-0.0977,0.0586,-0.0195,-0.0195,-0.0195,-0.0195,-0.40748,-0.08521,-0.68661,0.57604,-0.07962,-0.97448,-0.50392,0.38889,-1.27327,0.42788,0.34447,-0.86607,0.183,0.110,0.110,0.110,-0.110,-0.037,-0.037,0.110,0.183,-0.183,-0.183,-0.110,0.00,3.000
0.1200,settle,0.1,-0.9998,nan,-0.40740,-0.08521,-0.68661,0.57601,-0.07969,-0.97451,-0.50384,0.38893,-1.27327,0.42799,0.34455,-0.86607,0.0195,0.0195,0.0195,0.1368,-0.0586,-0.0195,-0.0195,0.0195,0.0195,-0.0195,0.0195,-0.0195,-0.40740,-0.08521,-0.68661,0.57601,-0.07969,-0.97451,-0.50384,0.38893,-1.27327,0.42799,0.34455,-0.86607,0.110,0.330,0.183,0.110,-0.110,-0.110,-0.110,0.110,0.110,-0.183,-0.037,-0.110,0.00,3.000
0.1250,settle,0.1,-0.9998,nan,-0.40744,-0.08521,-0.68661,0.57604,-0.07973,-0.97448,-0.50384,0.38889,-1.27327,0.42791,0.34447,-0.86607,0.0195,0.0586,0.0195,-0.0977,-0.0586,-0.0195,0.0586,0.0195,0.0195,-0.0586,-0.0586,-0.0195,-0.40744,-0.08521,-0.68661,0.57604,-0.07973,-0.97448,-0.50384,0.38889,-1.27327,0.42791,0.34447,-0.86607,0.110,0.110,0.183,0.183,-0.256,-0.183,-0.110,0.110,0.110,-0.183,-0.037,-0.110,0.00,3.000
0.1300,settle,0.1,-0.9998,nan,-0.40740,-0.08521,-0.68661,0.57604,-0.07973,-0.97448,-0.50384,0.38889,-1.27327,0.42791,0.34447,-0.86607,-0.0195,-0.0195,0.0195,-0.0977,-0.0977,-0.0195,-0.0195,-0.0977,0.0195,-0.0586,-0.0977,-0.0195,-0.40740,-0.08521,-0.68661,0.57604,-0.07973,-0.97448,-0.50384,0.38889,-1.27327,0.42791,0.34447,-0.86607,0.110,0.330,0.183,0.183,-0.110,-0.110,-0.110,0.110,0.110,-0.183,-0.183,-0.110,0.00,3.000
0.1350,settle,0.1,-0.9998,nan,-0.40740,-0.08521,-0.68661,0.57604,-0.07969,-0.97448,-0.50377,0.38889,-1.27327,0.42791,0.34447,-0.86607,0.0195,-0.0977,0.0195,0.0586,-0.0195,-0.0586,-0.0195,0.1368,0.0977,-0.0586,-0.0195,-0.0195,-0.40740,-0.08521,-0.68661,0.57604,-0.07969,-0.97448,-0.50377,0.38889,-1.27327,0.42791,0.34447,-0.86607,0.183,0.110,0.110,0.183,-0.037,-0.110,-0.110,0.110,0.183,-0.183,-0.183,-0.110,0.00,3.000
0.1400,settle,1.0,-0.9998,nan,-0.40740,-0.08521,-0.68661,0.57593,-0.07969,-0.97448,-0.50392,0.38889,-1.27327,0.42791,0.34447,-0.86607,0.0195,-0.0586,0.0195,0.0586,-0.0195,-0.0586,-0.0195,0.0195,0.0977,-0.0195,0.0195,-0.0195,-0.40740,-0.08521,-0.68661,0.57593,-0.07969,-0.97448,-0.50392,0.38889,-1.27327,0.42791,0.34447,-0.86607,0.183,0.110,0.110,0.183,-0.110,-0.110,-0.037,0.110,0.183,-0.110,-0.037,-0.110,0.00,3.000
0.1450,settle,1.0,-0.9998,nan,-0.40744,-0.08521,-0.68661,0.57604,-0.07969,-0.97451,-0.50384,0.38893,-1.27327,0.42791,0.34447,-0.86607,0.0195,0.0195,0.0195,0.0195,-0.0195,-0.0195,0.0586,-0.0195,0.0195,-0.0195,-0.0195,0.0195,-0.40744,-0.08521,-0.68661,0.57604,-0.07969,-0.97451,-0.50384,0.38893,-1.27327,0.42791,0.34447,-0.86607,0.110,0.183,0.183,0.256,-0.037,-0.330,-0.110,0.110,0.110,-0.110,-0.183,-0.256,0.00,3.000
0.1500,settle,1.0,-0.9998,nan,-0.40744,-0.08521,-0.68670,0.57593,-0.07973,-0.97451,-0.50384,0.38889,-1.27327,0.42791,0.34447,-0.86607,-0.0195,-0.0977,-0.0586,0.0195,-0.0195,-0.0586,-0.0195,0.0586,0.0195,-0.0195,-0.0195,0.0195,-0.40744,-0.08521,-0.68670,0.57593,-0.07973,-0.97451,-0.50384,0.38889,-1.27327,0.42791,0.34447,-0.86607,0.183,0.110,0.183,0.110,-0.110,0.037,-0.183,0.110,0.110,-0.110,-0.110,-0.037,0.00,3.000
0.1550,settle,0.9,-0.9998,nan,-0.40740,-0.08521,-0.68670,0.57593,-0.07973,-0.97448,-0.50384,0.38893,-1.27327,0.42791,0.34447,-0.86607,0.0195,-0.0977,-0.0586,0.0195,-0.0195,0.0195,-0.0195,-0.0195,0.0195,-0.0195,-0.0977,-0.0195,-0.40740,-0.08521,-0.68670,0.57593,-0.07973,-0.97448,-0.50384,0.38893,-1.27327,0.42791,0.34447,-0.86607,0.183,0.110,0.183,0.183,-0.110,-0.110,-0.110,0.110,0.110,-0.110,-0.183,-0.256,0.00,3.000
0.1600,settle,0.9,-0.9998,nan,-0.40740,-0.08521,-0.68670,0.57593,-0.07969,-0.97451,-0.50384,0.38878,-1.27327,0.42791,0.34444,-0.86598,0.0195,0.0586,-0.0586,-0.0195,-0.0195,0.0586,0.0586,0.1368,0.0195,0.0195,-0.1368,-0.0195,-0.40740,-0.08521,-0.68670,0.57593,-0.07969,-0.97451,-0.50384,0.38878,-1.27327,0.42791,0.34444,-0.86598,0.037,0.110,0.183,0.110,-0.037,-0.330,-0.110,0.183,0.110,-0.183,-0.110,-0.037,0.00,3.000
0.1650,settle,0.9,-0.9998,nan,-0.40740,-0.08521,-0.68670,0.57593,-0.07969,-0.97451,-0.50392,0.38893,-1.27327,0.42791,0.34447,-0.86609,-0.0195,0.0195,-0.0586,-0.0195,-0.0977,-0.0195,-0.0195,0.0195,0.0195,0.0195,-0.0195,-0.0195,-0.40740,-0.08521,-0.68670,0.57593,-0.07969,-0.97451,-0.50392,0.38893,-1.27327,0.42791,0.34447,-0.86609,0.037,0.183,0.183,0.037,-0.110,-0.037,-0.037,0.183,0.110,-0.183,-0.037,-0.110,0.00,3.000
0.1700,settle,0.9,-0.9998,nan,-0.40740,-0.08521,-0.68661,0.57593,-0.07973,-0.97457,-0.50384,0.38893,-1.27327,0.42788,0.34451,-0.86609,0.0195,0.0586,0.0977,-0.0977,-0.0195,-0.1758,-0.0195,0.0195,0.0195,-0.0195,-0.0195,-0.0195,-0.40740,-0.08521,-0.68661,0.57593,-0.07973,-0.97457,-0.50384,0.38893,-1.27327,0.42788,0.34451,-0.86609,0.110,0.110,0.183,0.183,-0.037,-0.110,-0.037,0.183,0.110,-0.183,-0.183,-0.110,0.00,3.000
0.1750,settle,0.9,-0.9998,nan,-0.40748,-0.08521,-0.68661,0.57593,-0.07973,-0.97451,-0.50384,0.38889,-1.27327,0.42791,0.34455,-0.86609,0.0195,0.0195,0.0195,0.0195,-0.0195,0.0195,-0.0195,0.0195,0.0977,-0.0195,-0.0195,-0.0195,-0.40748,-0.08521,-0.68661,0.57593,-0.07973,-0.97451,-0.50384,0.38889,-1.27327,0.42791,0.34455,-0.86609,0.110,0.183,0.037,0.183,-0.110,-0.110,-0.110,0.183,0.110,-0.183,-0.183,-0.110,0.00,3.000
0.1800,settle,0.8,-0.9998,nan,-0.40744,-0.08521,-0.68670,0.57604,-0.07969,-0.97451,-0.50384,0.38889,-1.27327,0.42788,0.34447,-0.86609,0.0195,0.0195,0.0977,0.0195,-0.0195,-0.0195,-0.0195,0.0195,0.0195,-0.0977,-0.0195,-0.0195,-0.40744,-0.08521,-0.68670,0.57604,-0.07969,-0.97451,-0.50384,0.38889,-1.27327,0.42788,0.34447,-0.86609,0.110,0.110,0.037,0.183,-0.183,0.037,-0.110,0.110,0.110,-0.183,-0.183,-0.110,0.00,3.000
0.1850,settle,0.8,-0.9998,nan,-0.40740,-0.08517,-0.68661,0.57593,-0.07969,-0.97448,-0.50384,0.38889,-1.27327,0.42780,0.34447,-0.86607,-0.0586,-0.0195,0.0195,0.0195,-0.0586,-0.0195,-0.0195,0.1368,0.0195,-0.0195,-0.0977,-0.0195,-0.40740,-0.08517,-0.68661,0.57593,-0.07969,-0.97448,-0.50384,0.38889,-1.27327,0.42780,0.34447,-0.86607,0.110,0.110,0.110,0.037,-0.183,-0.183,-0.183,0.183,0.110,-0.110,-0.183,-0.037,0.00,3.000
0.1900,settle,0.8,-0.9998,nan,-0.40740,-0.08521,-0.68661,0.57604,-0.07973,-0.97451,-0.50384,0.38889,-1.27327,0.42788,0.34447,-0.86607,0.0195,0.0195,0.0195,-0.1368,-0.0977,-0.0195,-0.0195,0.0195,0.0195,0.0195,-0.0195,-0.0195,-0.40740,-0.08521,-0.68661,0.57604,-0.07973,-0.97451,-0.50384,0.38889,-1.27327,0.42788,0.34447,-0.86607,0.183,0.037,0.110,0.110,-0.110,-0.110,-0.110,0.037,0.110,-0.110,-0.110,-0.037,0.00,3.000
0.1950,settle,0.8,-0.9998,nan,-0.40740,-0.08521,-0.68661,0.57601,-0.07973,-0.97448,-0.50384,0.38889,-1.27327,0.42788,0.34447,-0.86607,-0.0195,0.0195,0.0195,0.1368,-0.0195,-0.0586,-0.0977,0.0586,0.0195,0.0195,-0.0195,-0.0195,-0.40740,-0.08521,-0.68661,0.57601,-0.07973,-0.97448,-0.50384,0.38889,-1.27327,0.42788,0.34447,-0.86607,0.183,0.037,0.110,0.183,-0.110,0.037,-0.110,0.183,0.110,-0.110,-0.183,-0.037,0.00,3.000
0.2000,settle,0.8,-0.9998,nan,-0.40740,-0.08521,-0.68661,0.57604,-0.07973,-0.97448,-0.50384,0.38889,-1.27327,0.42788,0.34447,-0.86607,0.0195,0.0195,0.1758,0.0195,-0.0195,-0.0195,-0.0195,0.0977,0.0586,0.0195,-0.0195,-0.0195,-0.40740,-0.08521,-0.68661,0.57604,-0.07973,-0.97448,-0.50384,0.38889,-1.27327,0.42788,0.34447,-0.86607,0.037,0.183,0.110,0.183,-0.037,-0.110,-0.183,0.110,0.110,-0.110,-0.110,-0.037,0.00,3.000
0.2050,settle,0.7,-0.9998,nan,-0.40748,-0.08521,-0.68661,0.57604,-0.07973,-0.97459,-0.50392,0.38889,-1.27327,0.42788,0.34447,-0.86607,-0.0586,0.0195,0.1758,0.0195,-0.0977,-0.0977,0.0586,0.0195,0.0195,0.0195,-0.0586,-0.0195,-0.40748,-0.08521,-0.68661,0.57604,-0.07973,-0.97459,-0.50392,0.38889,-1.27327,0.42788,0.34447,-0.86607,0.037,0.183,0.110,0.110,-0.037,-0.256,-0.037,0.037,0.110,-0.110,-0.183,0.037,0.00,3.000
0.2100,settle,0.7,-0.9998,nan,-0.40740,-0.08521,-0.68670,0.57604,-0.07969,-0.97451,-0.50384,0.38893,-1.27327,0.42788,0.34447,-0.86607,0.0195,0.0195,0.0195,0.1368,0.0195,-0.0195,0.0586,0.0195,0.0195,-0.0195,-0.0586,-0.0195,-0.40740,-0.08521,-0.68670,0.57604,-0.07969,-0.97451,-0.50384,0.38893,-1.27327,0.42788,0.34447,-0.86607,0.110,0.110,0.110,0.183,-0.037,-0.037,-0.110,0.256,0.183,-0.183,-0.183,0.037,0.00,3.000
0.2150,settle,0.7,-0.9998,nan,-0.40740,-0.08521,-0.68670,0.57604,-0.07973,-0.97448,-0.50384,0.38893,-1.27327,0.42791,0.34447,-0.86607,0.0195,0.0195,0.0195,0.0195,0.0977,-0.0586,0.0586,0.1758,0.0977,-0.0195,-0.0586,-0.0195,-0.40740,-0.08521,-0.68670,0.57604,-0.07973,-0.97448,-0.50384,0.38893,-1.27327,0.42791,0.34447,-0.86607,0.183,0.330,0.110,0.037,-0.110,-0.110,-0.110,0.110,0.110,-0.183,-0.183,-0.110,0.00,3.000
0.2200,settle,0.7,-0.9998,nan,-0.40748,-0.08521,-0.68661,0.57601,-0.07973,-0.97451,-0.50384,0.38889,-1.27327,0.42788,0.34447,-0.86607,0.0195,-0.0195,-0.0586,-0.0195,-0.0586,0.0195,-0.0195,0.0195,0.0977,-0.0586,0.0977,-0.0195,-0.40748,-0.08521,-0.68661,0.57601,-0.07973,-0.97451,-0.50384,0.38889,-1.27327,0.42788,0.34447,-0.86607,0.110,0.183,0.110,0.110,-0.183,-0.110,-0.110,0.110,0.110,-0.183,-0.110,-0.256,0.00,3.000
0.2250,settle,0.7,-0.9998,nan,-0.40740,-0.08521,-0.68670,0.57593,-0.07969,-0.97448,-0.50392,0.38893,-1.27327,0.42788,0.34455,-0.86607,0.0195,-0.0195,0.0195,-0.0195,-0.0195,-0.0195,0.0586,-0.0195,0.0586,-0.0586,-0.0977,-0.0195,-0.40740,-0.08521,-0.68670,0.57593,-0.07969,-0.97448,-0.50392,0.38893,-1.27327,0.42788,0.34455,-0.86607,0.183,0.110,0.110,0.183,-0.183,-0.110,-0.110,0.110,0.110,-0.183,-0.183,-0.037,0.00,3.000
0.2300,settle,0.6,-0.9998,nan,-0.40740,-0.08517,-0.68661,0.57593,-0.07965,-0.97457,-0.50384,0.38889,-1.27327,0.42799,0.34447,-0.86607,0.0195,0.0586,-0.0586,0.1368,-0.0586,-0.0195,-0.0977,0.0195,0.0977,-0.0586,-0.0195,-0.0977,-0.40740,-0.08517,-0.68661,0.57593,-0.07965,-0.97457,-0.50384,0.38889,-1.27327,0.42799,0.34447,-0.86607,0.183,0.037,0.110,0.037,-0.256,-0.110,-0.110,0.110,0.110,-0.110,-0.183,-0.110,0.00,3.000
0.2350,settle,0.6,-0.9998,nan,-0.40740,-0.08521,-0.68661,0.57593,-0.07973,-0.97451,-0.50384,0.38893,-1.27327,0.42788,0.34444,-0.86612,0.0195,0.0195,0.0195,0.0195,-0.0195,-0.0195,0.0586,0.1368,0.0195,-0.0195,-0.1368,-0.0195,-0.40740,-0.08521,-0.68661,0.57593,-0.07973,-0.97451,-0.50384,0.38893,-1.27327,0.42788,0.34444,-0.86612,0.110,0.183,0.110,0.037,-0.110,-0.110,-0.183,0.256,0.256,-0.110,-0.110,-0.037,0.00,3.000
0.2400,settle,0.6,-0.9998,nan,-0.40740,-0.08521,-0.68661,0.57590,-0.07969,-0.97448,-0.50384,0.38889,-1.27318,0.42788,0.34447,-0.86607,0.0195,0.1368,0.0195,0.0586,0.0195,-0.0195,-0.0195,0.0195,0.0195,-0.0586,-0.0195,-0.0195,-0.40740,-0.08521,-0.68661,0.57590,-0.07969,-0.97448,-0.50384,0.38889,-1.27318,0.42788,0.34447,-0.86607,0.037,0.183,0.183,0.183,-0.110,-0.110,-0.110,0.110,0.110,-0.183,-0.110,-0.256,0.00,3.000
0.2450,settle,0.6,-0.9998,nan,-0.40740,-0.08521,-0.68661,0.57601,-0.07973,-0.97448,-0.50392,0.38889,-1.27318,0.42791,0.34447,-0.86607,0.0195,0.0195,-0.0586,-0.1368,-0.1368,0.0586,-0.0195,0.0195,-0.0586,-0.0195,-0.0977,-0.0586,-0.40740,-0.08521,-0.68661,0.57601,-0.07973,-0.97448,-0.50392,0.38889,-1.27318,0.42791,0.34447,-0.86607,0.110,0.037,0.110,0.183,-0.183,0.037,-0.110,0.110,0.110,-0.110,-0.037,-0.110,0.00,3.000
0.2500,settle,0.6,-0.9998,nan,-0.40740,-0.08517,-0.68661,0.57593,-0.07973,-0.97451,-0.50384,0.38893,-1.27327,0.42788,0.34447,-0.86609,-0.0586,-0.0977,0.0195,-0.1368,0.0195,-0.0586,-0.0195,0.0586,0.0977,0.0977,-0.0586,-0.0195,-0.40740,-0.08517,-0.68661,0.57593,-0.07973,-0.97451,-0.50384,0.38893,-1.27327,0.42788,0.34447,-0.86609,0.110,0.110,0.110,0.037,-0.110,-0.183,-0.110,0.110,0.110,-0.037,-0.110,-0.256,0.00,3.000
0.2550,settle,0.5,-0.9998,nan,-0.40740,-0.08521,-0.68670,0.57590,-0.07973,-0.97451,-0.50392,0.38889,-1.27318,0.42788,0.34447,-0.86607,-0.0586,0.0195,-0.0586,0.1368,-0.1368,-0.0195,-0.0195,0.1758,0.0195,0.0977,-0.0195,-0.0195,-0.40740,-0.08521,-0.68670,0.57590,-0.07973,-0.97451,-0.50392,0.38889,-1.27318,0.42788,0.34447,-0.86607,0.037,0.110,0.110,0.110,-0.110,-0.037,-0.183,0.110,0.110,-0.037,-0.183,-0.256,0.00,3.000
0.2600,settle,0.5,-0.9998,nan,-0.40740,-0.08532,-0.68661,0.57593,-0.07973,-0.97451,-0.50384,0.38889,-1.27327,0.42791,0.34447,-0.86607,0.0977,-0.0195,0.0195,-0.0977,-0.0195,-0.0586,-0.0195,0.0195,0.0195,-0.0195,-0.0977,0.0195,-0.40740,-0.08532,-0.68661,0.57593,-0.07973,-0.97451,-0.50384,0.38889,-1.27327,0.42791,0.34447,-0.86607,0.110,0.110,0.110,0.256,-0.110,-0.256,-0.256,0.110,0.110,-0.110,-0.110,-0.183,0.00,3.000
0.2650,settle,0.4,-0.9998,nan,-0.40740,-0.08521,-0.68670,0.57604,-0.07973,-0.97448,-0.50384,0.38893,-1.27327,0.42788,0.34447,-0.86609,0.0586,0.0586,-0.0586,0.0586,-0.0977,0.0195,-0.0195,0.0586,0.0195,-0.0195,-0.0977,-0.0195,-0.40740,-0.08521,-0.68670,0.57604,-0.07973,-0.97448,-0.50384,0.38893,-1.27327,0.42788,0.34447,-0.86609,0.037,0.110,0.110,0.183,-0.256,-0.110,-0.110,0.110,0.110,-0.110,-0.183,-0.110,0.00,3.000
0.2700,settle,0.4,-0.9998,nan,-0.40740,-0.08521,-0.68670,0.57593,-0.07973,-0.97451,-0.50384,0.38889,-1.27318,0.42799,0.34447,-0.86607,-0.0586,0.0195,0.0195,0.1368,-0.0586,0.0586,-0.0195,-0.0195,0.0195,-0.0586,-0.0195,0.0195,-0.40740,-0.08521,-0.68670,0.57593,-0.07973,-0.97451,-0.50384,0.38889,-1.27318,0.42799,0.34447,-0.86607,0.110,0.183,0.110,0.110,-0.037,-0.110,-0.110,0.110,0.110,-0.037,-0.183,-0.110,0.00,3.000
0.2750,settle,0.4,-0.9998,nan,-0.40740,-0.08521,-0.68661,0.57590,-0.07969,-0.97451,-0.50384,0.38889,-1.27327,0.42788,0.34455,-0.86607,0.0195,0.0195,0.0195,-0.0586,-0.0195,0.0586,-0.0195,-0.0977,0.0586,0.0195,-0.0586,-0.0195,-0.40740,-0.08521,-0.68661,0.57590,-0.07969,-0.97451,-0.50384,0.38889,-1.27327,0.42788,0.34455,-0.86607,0.183,0.110,0.110,0.183,-0.037,0.037,-0.037,0.256,0.110,-0.183,-0.037,-0.256,0.00,3.000
0.2800,settle,0.4,-0.9998,nan,-0.40740,-0.08521,-0.68661,0.57604,-0.07973,-0.97448,-0.50384,0.38893,-1.27327,0.42791,0.34447,-0.86601,0.0195,0.0195,-0.0586,-0.0586,0.0195,-0.0195,-0.0195,0.0195,0.0195,-0.0195,0.0195,-0.0195,-0.40740,-0.08521,-0.68661,0.57604,-0.07973,-0.97448,-0.50384,0.38893,-1.27327,0.42791,0.34447,-0.86601,0.110,0.330,0.110,0.110,-0.256,-0.110,-0.110,0.110,0.110,-0.183,-0.110,-0.256,0.00,3.000
0.2850,settle,0.4,-0.9998,nan,-0.40740,-0.08532,-0.68661,0.57593,-0.07973,-0.97448,-0.50384,0.38889,-1.27327,0.42788,0.34447,-0.86607,-0.0586,-0.0195,0.0195,0.0195,-0.0195,-0.0195,-0.0195,0.0195,0.0195,-0.0977,-0.0977,0.0195,-0.40740,-0.08532,-0.68661,0.57593,-0.07973,-0.97448,-0.50384,0.38889,-1.27327,0.42788,0.34447,-0.86607,0.110,0.110,0.110,0.183,-0.110,-0.330,-0.037,0.110,0.110,-0.110,-0.110,0.037,0.00,3.000
0.2900,settle,0.3,-0.9998,nan,-0.40740,-0.08521,-0.68661,0.57593,-0.07969,-0.97448,-0.50384,0.38889,-1.27327,0.42788,0.34447,-0.86607,0.0195,0.0195,-0.0586,0.0195,0.0195,-0.0586,-0.0195,0.0195,0.0195,0.0586,-0.0195,-0.0586,-0.40740,-0.08521,-0.68661,0.57593,-0.07969,-0.97448,-0.50384,0.38889,-1.27327,0.42788,0.34447,-0.86607,0.037,0.110,0.183,0.183,-0.256,-0.256,-0.110,0.256,0.110,-0.183,-0.110,-0.037,0.00,3.000
0.2950,settle,0.3,-0.9998,nan,-0.40740,-0.08532,-0.68670,0.57593,-0.07973,-0.97451,-0.50384,0.38889,-1.27327,0.42791,0.34447,-0.86607,0.0195,-0.0977,0.0195,-0.0195,0.0586,-0.0195,-0.0195,-0.0195,-0.0195,-0.0195,-0.0977,0.0195,-0.40740,-0.08532,-0.68670,0.57593,-0.07973,-0.97451,-0.50384,0.38889,-1.27327,0.42791,0.34447,-0.86607,0.183,0.183,0.110,0.183,-0.037,-0.110,-0.110,0.110,0.110,-0.110,-0.110,-0.037,0.00,3.000
0.3000,settle,0.3,-0.9998,nan,-0.40740,-0.08521,-0.68670,0.57593,-0.07973,-0.97448,-0.50384,0.38889,-1.27327,0.42791,0.34447,-0.86607,0.0195,0.0586,0.0195,-0.0195,-0.0195,0.0195,-0.0195,0.0195,-0.0586,-0.0195,-0.0195,-0.0586,-0.40740,-0.08521,-0.68670,0.57593,-0.07973,-0.97448,-0.50384,0.38889,-1.27327,0.42791,0.34447,-0.86607,0.110,0.037,0.110,0.183,-0.110,-0.110,-0.183,0.110,0.110,-0.110,-0.110,0.037,0.00,3.000
0.3050,settle,0.3,-0.9998,nan,-0.40740,-0.08517,-0.68661,0.57593,-0.07973,-0.97451,-0.50384,0.38889,-1.27327,0.42791,0.34444,-0.86607,0.0195,0.0195,-0.0586,0.0195,-0.0977,-0.0195,-0.0195,0.0195,-0.0586,-0.0195,-0.0586,-0.0586,-0.40740,-0.08517,-0.68661,0.57593,-0.07973,-0.97451,-0.50384,0.38889,-1.27327,0.42791,0.34444,-0.86607,0.183,0.183,0.110,0.183,-0.110,-0.110,-0.110,0.110,0.110,-0.110,-0.110,0.037,0.00,3.000
0.3100,settle,0.3,-0.9998,nan,-0.40740,-0.08521,-0.68661,0.57590,-0.07969,-0.97451,-0.50392,0.38889,-1.27327,0.42788,0.34444,-0.86607,0.0195,0.0586,0.0195,0.1368,-0.0977,-0.1368,-0.0195,0.0586,0.0195,-0.0586,-0.0195,-0.0195,-0.40740,-0.08521,-0.68661,0.57590,-0.07969,-0.97451,-0.50392,0.38889,-1.27327,0.42788,0.34444,-0.86607,0.110,0.183,0.110,0.183,-0.037,-0.110,-0.110,0.110,0.110,-0.110,-0.110,-0.037,0.00,3.000
0.3150,settle,0.2,-0.9998,nan,-0.40740,-0.08521,-0.68661,0.57604,-0.07973,-0.97457,-0.50384,0.38889,-1.27318,0.42791,0.34447,-0.86607,0.0195,0.0195,0.0195,0.1368,-0.0977,0.0195,-0.0977,-0.0195,0.0195,0.0195,-0.0977,-0.0195,-0.40740,-0.08521,-0.68661,0.57604,-0.07973,-0.97457,-0.50384,0.38889,-1.27318,0.42791,0.34447,-0.86607,0.110,0.183,0.110,0.037,-0.110,-0.110,-0.256,0.110,0.110,-0.110,-0.183,-0.037,0.00,3.000
0.3200,settle,0.2,-0.9998,nan,-0.40740,-0.08521,-0.68661,0.57604,-0.07969,-0.97451,-0.50384,0.38889,-1.27327,0.42791,0.34444,-0.86607,0.0195,0.0195,0.0195,0.0195,-0.0195,-0.0195,-0.0195,0.0195,-0.0195,-0.0586,-0.0195,-0.0586,-0.40740,-0.08521,-0.68661,0.57604,-0.07969,-0.97451,-0.50384,0.38889,-1.27327,0.42791,0.34444,-0.86607,0.183,0.037,0.110,0.183,-0.183,-0.110,-0.110,0.183,0.183,-0.110,-0.183,-0.183,0.00,3.000
0.3250,settle,0.2,-0.9998,nan,-0.40748,-0.08521,-0.68661,0.57601,-0.07973,-0.97457,-0.50384,0.38889,-1.27327,0.42791,0.34447,-0.86607,-0.0195,0.1368,-0.0586,0.1758,-0.1368,-0.0195,-0.0195,0.0195,-0.0195,-0.0586,-0.0977,-0.0195,-0.40748,-0.08521,-0.68661,0.57601,-0.07973,-0.97457,-0.50384,0.38889,-1.27327,0.42791,0.34447,-0.86607,0.183,0.110,0.110,0.183,-0.110,-0.037,-0.256,0.110,0.110,-0.110,-0.183,-0.110,0.00,3.000
0.3300,settle,0.2,-0.9998,nan,-0.40740,-0.08521,-0.68661,0.57604,-0.07969,-0.97448,-0.50384,0.38878,-1.27327,0.42791,0.34447,-0.86607,0.0195,0.0195,0.0195,0.1368,-0.0586,0.0195,-0.0977,0.1368,0.0586,-0.0586,-0.0195,-0.0195,-0.40740,-0.08521,-0.68661,0.57604,-0.07969,-0.97448,-0.50384,0.38878,-1.27327,0.42791,0.34447,-0.86607,0.183,0.110,0.183,0.183,-0.183,-0.183,-0.110,0.110,0.110,-0.110,-0.183,-0.110,0.00,3.000
0.3350,settle,0.2,-0.9998,nan,-0.40740,-0.08517,-0.68661,0.57590,-0.07969,-0.97448,-0.50384,0.38889,-1.27327,0.42791,0.34455,-0.86598,0.0195,0.0195,0.0195,0.0586,-0.0195,0.0195,-0.0195,0.0195,0.0195,-0.0586,-0.0195,-0.0195,-0.40740,-0.08517,-0.68661,0.57590,-0.07969,-0.97448,-0.50384,0.38889,-1.27327,0.42791,0.34455,-0.86598,0.037,0.110,0.110,0.183,-0.110,-0.110,-0.037,0.110,0.110,-0.110,-0.110,-0.256,0.00,3.000
0.3400,settle,0.1,-0.9998,nan,-0.40740,-0.08532,-0.68670,0.57593,-0.07969,-0.97448,-0.50392,0.38893,-1.27327,0.42791,0.34447,-0.86607,0.0195,0.0195,0.0195,0.0195,-0.0977,-0.0586,-0.0195,0.0195,0.0195,-0.0586,-0.0195,-0.0195,-0.40740,-0.08532,-0.68670,0.57593,-0.07969,-0.97448,-0.50392,0.38893,-1.27327,0.42791,0.34447,-0.86607,0.110,0.183,0.183,0.183,-0.110,-0.110,-0.256,0.110,0.110,-0.110,-0.110,-0.256,0.00,3.000
0.3450,settle,0.1,-0.9998,nan,-0.40740,-0.08521,-0.68661,0.57601,-0.07969,-0.97457,-0.50384,0.38882,-1.27327,0.42780,0.34455,-0.86607,-0.0195,-0.0195,0.0195,0.0586,0.0195,-0.0195,-0.0195,0.0195,0.0195,-0.0195,-0.0195,-0.0195,-0.40740,-0.08521,-0.68661,0.57601,-0.07969,-0.97457,-0.50384,0.38882,-1.27327,0.42780,0.34455,-0.86607,0.110,0.110,0.183,0.037,-0.110,-0.110,-0.183,0.110,0.110,-0.110,-0.183,-0.256,0.00,3.000
0.3500,settle,0.1,-0.9998,nan,-0.40744,-0.08521,-0.68661,0.57604,-0.07969,-0.97457,-0.50384,0.38893,-1.27318,0.42788,0.34447,-0.86607,0.0195,0.0195,0.0977,0.0195,-0.0195,0.0586,-0.0195,0.0195,-0.0586,-0.0586,0.0586,-0.0195,-0.40744,-0.08521,-0.68661,0.57604,-0.07969,-0.97457,-0.50384,0.38893,-1.27318,0.42788,0.34447,-0.86607,0.110,0.110,0.183,0.183,-0.256,-0.183,-0.110,0.110,0.110,-0.110,-0.037,-0.256,0.00,3.000
0.3550,settle,0.1,-0.9998,nan,-0.40740,-0.08521,-0.68661,0.57593,-0.07980,-0.97459,-0.50384,0.38889,-1.27327,0.42788,0.34447,-0.86607,0.0977,0.0195,0.0977,0.0586,0.0195,-0.0586,-0.0977,-0.0195,-0.0195,-0.0586,-0.0195,-0.0195,-0.40740,-0.08521,-0.68661,0.57593,-0.07980,-0.97459,-0.50384,0.38889,-1.27327,0.42788,0.34447,-0.86607,0.183,0.110,0.183,0.256,-0.037,-0.110,-0.110,0.110,0.110,-0.110,-0.110,-0.256,0.00,3.000
0.3600,settle,0.1,-0.9998,nan,-0.40740,-0.08521,-0.68661,0.57590,-0.07973,-0.97448,-0.50384,0.38889,-1.27327,0.42788,0.34447,-0.86607,0.0195,-0.0195,0.0195,-0.0977,-0.0977,-0.0586,-0.0195,0.0195,0.0195,-0.0586,-0.0195,-0.0195,-0.40740,-0.08521,-0.68661,0.57590,-0.07973,-0.97448,-0.50384,0.38889,-1.27327,0.42788,0.34447,-0.86607,0.110,0.110,0.110,0.183,-0.183,-0.183,-0.110,0.256,0.110,-0.110,-0.110,-0.256,0.00,3.000
0.3650,settle,0.1,-0.9998,nan,-0.40740,-0.08521,-0.68661,0.57604,-0.07962,-0.97451,-0.50392,0.38889,-1.27327,0.42788,0.34447,-0.86607,0.0195,-0.0195,0.0195,0.0195,-0.0586,-0.1368,-0.0195,0.0586,0.0195,-0.0586,-0.0195,-0.0195,-0.40740,-0.08521,-0.68661,0.57604,-0.07962,-0.97451,-0.50392,0.38889,-1.27327,0.42788,0.34447,-0.86607,0.183,0.037,0.110,0.183,-0.110,-0.110,-0.183,0.110,0.110,-0.110,-0.183,-0.110,0.00,3.000
0.3700,settle,0.1,-0.9998,nan,-0.40748,-0.08517,-0.68661,0.57590,-0.07962,-0.97451,-0.50392,0.38889,-1.27329,0.42788,0.34447,-0.86607,0.0195,0.0195,0.0195,0.0195,-0.0195,-0.0195,0.0586,0.0195,0.0195,-0.0586,-0.1368,-0.0195,-0.40748,-0.08517,-0.68661,0.57590,-0.07962,-0.97451,-0.50392,0.38889,-1.27329,0.42788,0.34447,-0.86607,0.110,0.110,0.110,0.183,-0.110,-0.037,-0.037,0.110,0.110,-0.110,-0.183,-0.256,0.00,3.000
0.3750,settle,1.0,-0.9998,nan,-0.40740,-0.08521,-0.68661,0.57593,-0.07965,-0.97448,-0.50392,0.38889,-1.27327,0.42788,0.34458,-0.86607,0.0195,0.0195,0.0195,0.0977,0.0586,-0.0195,-0.0195,0.0195,0.0195,-0.0586,-0.0195,-0.0195,-0.40740,-0.08521,-0.68661,0.57593,-0.07965,-0.97448,-0.50392,0.38889,-1.27327,0.42788,0.34458,-0.86607,0.110,0.110,0.110,0.183,-0.183,-0.330,-0.110,0.183,0.110,-0.110,-0.110,-0.037,0.00,3.000
0.3800,settle,1.0,-0.9998,nan,-0.40740,-0.08521,-0.68670,0.57590,-0.07973,-0.97451,-0.50384,0.38889,-1.27327,0.42788,0.34447,-0.86607,0.0195,0.0195,0.0977,0.1368,-0.0586,-0.0977,-0.0195,0.0586,0.0195,-0.0195,0.0195,-0.0195,-0.40740,-0.08521,-0.68670,0.57590,-0.07973,-0.97451,-0.50384,0.38889,-1.27327,0.42788,0.34447,-0.86607,0.183,0.183,0.110,0.037,-0.110,-0.110,-0.110,0.110,0.110,-0.110,-0.110,-0.037,0.00,3.000
0.3850,settle,1.0,-0.9998,nan,-0.40740,-0.08521,-0.68670,0.57604,-0.07965,-0.97448,-0.50384,0.38878,-1.27327,0.42788,0.34455,-0.86607,0.0195,0.0586,0.0977,0.1368,-0.0195,-0.0586,-0.0195,0.0195,0.0195,-0.0195,0.0586,-0.0195,-0.40740,-0.08521,-0.68670,0.57604,-0.07965,-0.97448,-0.50384,0.38878,-1.27327,0.42788,0.34455,-0.86607,0.037,0.110,0.110,0.110,-0.037,-0.183,-0.037,0.110,0.110,-0.183,-0.110,-0.037,0.00,3.000
0.3900,settle,0.9,-0.9998,nan,-0.40740,-0.08521,-0.68670,0.57590,-0.07969,-0.97448,-0.50392,0.38889,-1.27321,0.42791,0.34455,-0.86607,0.0195,-0.0977,0.0977,0.1368,-0.0586,-0.0977,-0.0195,0.0586,0.0586,-0.0195,0.0195,-0.0195,-0.40740,-0.08521,-0.68670,0.57590,-0.07969,-0.97448,-0.50392,0.38889,-1.27321,0.42791,0.34455,-0.86607,0.037,0.256,0.110,0.183,-0.110,-0.110,-0.037,0.110,0.183,-0.110,-0.110,-0.037,0.00,3.000
0.3950,settle,0.9,-0.9998,nan,-0.40737,-0.08521,-0.68670,0.57604,-0.07973,-0.97448,-0.50384,0.38889,-1.27321,0.42791,0.34447,-0.86607,0.0195,0.0195,0.0977,0.1368,-0.0195,-0.0586,-0.0195,0.0586,0.0586,-0.0195,-0.0977,-0.0195,-0.40737,-0.08521,-0.68670,0.57604,-0.07973,-0.97448,-0.50384,0.38889,-1.27321,0.42791,0.34447,-0.86607,0.183,0.110,0.110,0.183,-0.183,-0.110,-0.037,0.183,0.183,-0.110,-0.110,-0.037,0.00,3.000
0.4000,settle,0.9,-0.9998,nan,-0.40740,-0.08521,-0.68670,0.57590,-0.07965,-0.97451,-0.50384,0.38889,-1.27327,0.42791,0.34455,-0.86607,0.0195,-0.0195,0.0977,-0.0195,-0.0195,0.0195,-0.0195,0.0195,0.0586,-0.0195,-0.0977,0.0195,-0.40740,-0.08521,-0.68670,0.57590,-0.07965,-0.97451,-0.50384,0.38889,-1.27327,0.42791,0.34455,-0.86607,0.110,0.256,0.110,0.183,-0.183,-0.110,-0.037,0.037,0.183,-0.110,-0.183,-0.110,0.00,3.000
0.4050,settle,0.9,-0.9998,nan,-0.40740,-0.08532,-0.68670,0.57604,-0.07969,-0.97448,-0.50384,0.38889,-1.27327,0.42788,0.34447,-0.86607,0.0195,0.0195,0.0977,0.0586,-0.0195,0.0195,-0.0195,0.0195,-0.0977,-0.0195,-0.0977,0.0586,-0.40740,-0.08532,-0.68670,0.57604,-0.07969,-0.97448,-0.50384,0.38889,-1.27327,0.42788,0.34447,-0.86607,0.183,0.037,0.110,0.110,-0.110,-0.110,-0.110,0.110,0.110,-0.110,-0.183,-0.110,0.00,3.000
0.4100,settle,0.9,-0.9998,nan,-0.40740,-0.08521,-0.68661,0.57593,-0.07973,-0.97448,-0.50384,0.38889,-1.27327,0.42791,0.34451,-0.86607,0.0195,0.0195,0.0977,0.0977,-0.0586,0.0195,-0.0195,0.0195,-0.0977,-0.0195,0.0195,0.0586,-0.40740,-0.08521,-0.68661,0.57593,-0.07973,-0.97448,-0.50384,0.38889,-1.27327,0.42791,0.34451,-0.86607,0.110,0.183,0.110,0.256,-0.183,-0.110,-0.183,0.110,0.110,-0.110,-0.110,-0.330,0.00,3.000
0.4150,settle,0.8,-0.9998,nan,-0.40740,-0.08521,-0.68670,0.57601,-0.07973,-0.97451,-0.50384,0.38889,-1.27327,0.42791,0.34444,-0.86607,0.0195,-0.0586,-0.0586,0.0195,-0.0977,-0.0586,0.0586,0.0195,0.0195,-0.0195,-0.0977,0.0586,-0.40740,-0.08521,-0.68670,0.57601,-0.07973,-0.97451,-0.50384,0.38889,-1.27327,0.42791,0.34444,-0.86607,0.110,0.110,0.037,0.110,-0.183,-0.110,-0.110,0.110,0.110,-0.110,-0.110,-0.330,0.00,3.000
0.4200,settle,0.8,-0.9998,nan,-0.40740,-0.08521,-0.68670,0.57604,-0.07973,-0.97448,-0.50384,0.38889,-1.27327,0.42791,0.34444,-0.86607,0.0195,-0.0977,-0.0586,0.1368,-0.0195,-0.0195,-0.0977,0.0195,0.0195,0.0195,0.0586,0.0586,-0.40740,-0.08521,-0.68670,0.57604,-0.07973,-0.97448,-0.50384,0.38889,-1.27327,0.42791,0.34444,-0.86607,0.183,0.110,0.037,0.037,-0.110,-0.110,-0.256,0.110,0.110,-0.183,-0.183,-0.330,0.00,3.000
0.4250,settle,0.8,-0.9998,nan,-0.40740,-0.08521,-0.68670,0.57593,-0.07973,-0.97457,-0.50384,0.38889,-1.27327,0.42791,0.34447,-0.86607,0.0195,0.0195,-0.0586,-0.0195,-0.0977,0.0586,-0.0195,-0.0977,0.0195,0.0195,-0.0195,0.0586,-0.40740,-0.08521,-0.68670,0.57593,-0.07973,-0.97457,-0.50384,0.38889,-1.27327,0.42791,0.34447,-0.86607,0.110,0.183,0.037,0.183,-0.037,-0.110,-0.110,0.110,0.110,-0.183,-0.183,-0.330,0.00,3.000
0.4300,settle,0.8,-0.9998,nan,-0.40740,-0.08521,-0.68670,0.57604,-0.07973,-0.97448,-0.50384,0.38889,-1.27327,0.42791,0.34444,-0.86607,0.0195,0.0195,0.0195,0.0586,0.0195,-0.0195,-0.0977,0.0195,0.0195,0.0195,-0.0586,0.0586,-0.40740,-0.08521,-0.68670,0.57604,-0.07973,-0.97448,-0.50384,0.38889,-1.27327,0.42791,0.34444,-0.86607,0.110,0.110,0.183,0.183,-0.183,-0.037,-0.110,0.110,0.110,-0.183,-0.110,-0.330,0.00,3.000
0.4350,settle,0.7,-0.9998,nan,-0.40744,-0.08521,-0.68661,0.57604,-0.07973,-0.97448,-0.50384,0.38889,-1.27318,0.42791,0.34447,-0.86607,0.0195,0.0195,-0.0586,0.0586,0.0195,-0.0195,0.0586,-0.1368,0.0977,0.0195,0.0195,0.0195,-0.40744,-0.08521,-0.68661,0.57604,-0.07973,-0.97448,-0.50384,0.38889,-1.27318,0.42791,0.34447,-0.86607,0.110,0.110,0.183,0.183,-0.037,-0.110,-0.110,0.110,0.183,-0.183,-0.183,-0.110,0.00,3.000
0.4400,settle,0.7,-0.9998,nan,-0.40748,-0.08514,-0.68661,0.57593,-0.07973,-0.97451,-0.50384,0.38889,-1.27327,0.42791,0.34447,-0.86607,-0.0195,0.0195,-0.0586,0.0195,-0.0195,0.0195,-0.0195,0.0586,0.0195,0.0195,-0.0195,0.0195,-0.40748,-0.08514,-0.68661,0.57593,-0.07973,-0.97451,-0.50384,0.38889,-1.27327,0.42791,0.34447,-0.86607,0.110,0.183,0.183,0.037,-0.110,-0.330,-0.183,0.183,0.110,-0.183,-0.183,-0.110,0.00,3.000
0.4450,settle,0.7,-0.9998,nan,-0.40740,-0.08521,-0.68661,0.57593,-0.07973,-0.97451,-0.50384,0.38889,-1.27327,0.42791,0.34447,-0.86612,-0.0195,0.0195,0.0977,-0.1368,-0.0586,-0.0586,0.0586,-0.0586,0.0195,0.0195,0.0586,-0.0195,-0.40740,-0.08521,-0.68661,0.57593,-0.07973,-0.97451,-0.50384,0.38889,-1.27327,0.42791,0.34447,-0.86612,0.183,0.183,0.037,0.110,-0.110,-0.037,-0.183,0.110,0.183,-0.183,-0.110,-0.256,0.00,3.000
0.4500,settle,0.7,-0.9998,nan,-0.40740,-0.08521,-0.68661,0.57604,-0.07969,-0.97448,-0.50384,0.38893,-1.27327,0.42788,0.34447,-0.86609,0.0195,0.0195,0.0195,-0.0195,-0.0195,0.0195,-0.0195,0.0195,-0.0586,-0.0195,0.0586,-0.0195,-0.40740,-0.08521,-0.68661,0.57604,-0.07969,-0.97448,-0.50384,0.38893,-1.27327,0.42788,0.34447,-0.86609,0.183,0.110,0.183,0.183,-0.037,-0.256,-0.110,0.110,0.110,-0.110,-0.110,-0.256,0.00,3.000
0.4550,settle,0.7,-0.9998,nan,-0.40740,-0.08521,-0.68670,0.57593,-0.07969,-0.97448,-0.50392,0.38893,-1.27329,0.42791,0.34447,-0.86607,0.0195,0.0195,0.0195,-0.0977,-0.0586,0.0586,-0.0195,0.0195,0.0586,0.0586,-0.0195,-0.0977,-0.40740,-0.08521,-0.68670,0.57593,-0.07969,-0.97448,-0.50392,0.38893,-1.27329,0.42791,0.34447,-0.86607,0.183,0.037,0.183,0.037,-0.110,-0.110,-0.256,0.110,0.183,-0.110,-0.110,-0.037,0.00,3.000
0.4600,settle,0.6,-0.9998,nan,-0.40740,-0.08521,-0.68661,0.57604,-0.07969,-0.97448,-0.50384,0.38889,-1.27327,0.42788,0.34444,-0.86607,0.0195,0.0195,-0.0586,-0.0977,-0.0195,-0.0195,-0.0977,0.0586,0.0195,-0.0586,0.0195,-0.0195,-0.40740,-0.08521,-0.68661,0.57604,-0.07969,-0.97448,-0.50384,0.38889,-1.27327,0.42788,0.34444,-0.86607,0.183,0.183,0.183,0.037,-0.256,-0.183,-0.110,0.110,0.110,-0.110,-0.183,-0.110,0.00,3.000
0.4650,settle,0.6,-0.9998,nan,-0.40740,-0.08517,-0.68670,0.57604,-0.07973,-0.97448,-0.50384,0.38889,-1.27327,0.42788,0.34447,-0.86612,0.0195,0.0195,0.0195,0.0195,0.0195,-0.0195,-0.0195,-0.0195,0.0195,0.0195,-0.0195,-0.0195,-0.40740,-0.08517,-0.68670,0.57604,-0.07973,-0.97448,-0.50384,0.38889,-1.27327,0.42788,0.34447,-0.86612,0.110,0.110,0.110,0.037,-0.110,-0.110,-0.037,0.110,0.183,-0.110,-0.037,-0.110,0.00,3.000
0.4700,settle,0.6,-0.9998,nan,-0.40740,-0.08521,-0.68661,0.57593,-0.07965,-0.97448,-0.50384,0.38889,-1.27327,0.42788,0.34447,-0.86607,0.0195,0.0195,0.0195,0.0977,0.0977,-0.0195,-0.0195,-0.0195,-0.0195,0.0195,-0.0195,-0.0195,-0.40740,-0.08521,-0.68661,0.57593,-0.07965,-0.97448,-0.50384,0.38889,-1.27327,0.42788,0.34447,-0.86607,0.110,0.110,0.183,0.037,-0.110,-0.110,-0.037,0.110,0.256,-0.183,-0.110,-0.256,0.00,3.000
0.4750,settle,0.6,-0.9998,nan,-0.40740,-0.08517,-0.68661,0.57604,-0.07969,-0.97448,-0.50384,0.38889,-1.27327,0.42788,0.34455,-0.86607,0.0195,0.0195,0.0977,0.0195,0.0195,-0.0195,-0.0195,0.0195,0.0195,-0.0195,-0.0977,-0.0195,-0.40740,-0.08517,-0.68661,0.57604,-0.07969,-0.97448,-0.50384,0.38889,-1.27327,0.42788,0.34455,-0.86607,0.110,0.183,0.110,0.183,-0.037,-0.110,-0.110,0.183,0.110,-0.110,-0.110,0.037,0.00,3.000
0.4800,settle,0.6,-0.9998,nan,-0.40740,-0.08521,-0.68670,0.57604,-0.07969,-0.97457,-0.50384,0.38889,-1.27327,0.42791,0.34447,-0.86607,0.0195,0.0195,0.0195,0.0195,-0.0195,-0.0195,-0.0195,0.0195,0.0195,-0.0586,-0.0586,0.0586,-0.40740,-0.08521,-0.68670,0.57604,-0.07969,-0.97457,-0.50384,0.38889,-1.27327,0.42791,0.34447,-0.86607,0.110,0.110,0.110,0.037,-0.256,-0.183,-0.037,0.110,0.183,-0.183,-0.110,-0.110,0.00,3.000
0.4850,settle,0.5,-0.9998,nan,-0.40740,-0.08521,-0.68661,0.57604,-0.07965,-0.97448,-0.50384,0.38893,-1.27327,0.42788,0.34444,-0.86607,0.0195,-0.1758,0.0195,-0.0195,-0.0195,-0.0195,-0.0195,0.0195,0.0586,-0.0195,-0.0195,-0.0195,-0.40740,-0.08521,-0.68661,0.57604,-0.07965,-0.97448,-0.50384,0.38893,-1.27327,0.42788,0.34444,-0.86607,0.110,0.183,0.183,0.183,-0.183,-0.110,-0.110,0.110,0.183,-0.110,-0.110,0.037,0.00,3.000
0.4900,settle,0.5,-0.9998,nan,-0.40740,-0.08521,-0.68661,0.57593,-0.07973,-0.97448,-0.50384,0.38889,-1.27318,0.42788,0.34447,-0.86607,0.0195,0.0195,0.0195,0.0195,-0.0586,-0.0977,-0.0195,0.0195,0.0195,-0.0195,-0.0195,-0.0586,-0.40740,-0.08521,-0.68661,0.57593,-0.07973,-0.97448,-0.50384,0.38889,-1.27318,0.42788,0.34447,-0.86607,0.183,0.110,0.183,0.037,-0.110,-0.256,-0.110,0.037,0.110,-0.183,-0.110,-0.110,0.00,3.000
0.4950,settle,0.5,-0.9998,nan,-0.40733,-0.08521,-0.68661,0.57601,-0.07969,-0.97459,-0.50384,0.38893,-1.27327,0.42780,0.34447,-0.86607,-0.0195,0.0195,-0.0586,0.0195,-0.0977,0.0195,-0.0195,0.0195,0.0195,-0.0195,0.0586,-0.0195,-0.40733,-0.08521,-0.68661,0.57601,-0.07969,-0.97459,-0.50384,0.38893,-1.27327,0.42780,0.34447,-0.86607,0.110,0.183,0.183,0.183,-0.256,-0.256,-0.037,0.110,0.110,-0.110,-0.110,0.037,0.00,3.000
0.5000,settle,0.4,-0.9998,nan,-0.40740,-0.08521,-0.68661,0.57593,-0.07973,-0.97448,-0.50392,0.38893,-1.27327,0.42791,0.34447,-0.86607,0.0586,0.0195,0.0195,-0.0195,0.0586,-0.0977,-0.0195,-0.0977,0.0195,-0.0195,-0.1368,-0.0586,-0.40740,-0.08521,-0.68661,0.57593,-0.07973,-0.97448,-0.50392,0.38893,-1.27327,0.42791,0.34447,-0.86607,0.183,0.183,0.110,0.037,-0.110,0.037,-0.110,0.110,0.110,-0.183,-0.183,0.037,0.00,3.000
0.5050,settle,0.4,-0.9998,nan,-0.40748,-0.08521,-0.68661,0.57604,-0.07973,-0.97448,-0.50384,0.38889,-1.27327,0.42784,0.34447,-0.86607,0.0195,0.0195,0.0195,0.0195,-0.0195,-0.0586,-0.0977,0.1758,0.0195,-0.0586,0.0195,-0.0586,-0.40748,-0.08521,-0.68661,0.57604,-0.07973,-0.97448,-0.50384,0.38889,-1.27327,0.42784,0.34447,-0.86607,0.183,0.110,0.110,0.183,-0.256,-0.110,-0.110,0.256,0.183,-0.110,-0.183,0.037,0.00,3.000
0.5100,settle,0.4,-0.9998,nan,-0.40740,-0.08521,-0.68661,0.57590,-0.07973,-0.97448,-0.50384,0.38893,-1.27327,0.42791,0.34447,-0.86609,-0.0195,0.0195,0.0195,0.0977,-0.0586,-0.0977,-0.0195,0.0195,0.0195,-0.0586,-0.0195,-0.0195,-0.40740,-0.08521,-0.68661,0.57590,-0.07973,-0.97448,-0.50384,0.38893,-1.27327,0.42791,0.34447,-0.86609,0.037,0.183,0.037,0.183,-0.110,-0.110,-0.110,0.110,0.110,-0.183,-0.110,-0.037,0.00,3.000
0.5150,settle,0.4,-0.9998,nan,-0.40740,-0.08517,-0.68661,0.57604,-0.07973,-0.97451,-0.50392,0.38889,-1.27327,0.42791,0.34451,-0.86612,0.0195,0.0195,0.0195,0.0586,-0.0195,-0.0195,-0.0195,0.0195,0.0195,-0.0586,-0.0586,-0.0195,-0.40740,-0.08517,-0.68661,0.57604,-0.07973,-0.97451,-0.50392,0.38889,-1.27327,0.42791,0.34451,-0.86612,0.037,0.183,0.037,0.183,-0.037,-0.110,-0.110,0.110,0.110,-0.183,-0.110,-0.256,0.00,3.000
0.5200,settle,0.4,-0.9998,nan,-0.40740,-0.08521,-0.68670,0.57590,-0.07973,-0.97448,-0.50399,0.38889,-1.27327,0.42791,0.34444,-0.86612,0.0195,-0.0977,0.0195,-0.0977,0.0977,0.0195,-0.0195,-0.0195,0.0195,-0.0195,-0.0195,-0.0195,-0.40740,-0.08521,-0.68670,0.57590,-0.07973,-0.97448,-0.50399,0.38889,-1.27327,0.42791,0.34444,-0.86612,0.183,0.110,0.110,0.183,-0.183,-0.183,-0.183,0.110,0.110,-0.110,-0.183,-0.256,0.00,3.000
0.5250,settle,0.3,-0.9998,nan,-0.40744,-0.08521,-0.68670,0.57601,-0.07973,-0.97448,-0.50384,0.38882,-1.27327,0.42791,0.34447,-0.86607,0.0195,0.1758,0.0977,-0.0977,-0.1368,0.0195,-0.0195,0.0195,0.0195,-0.0195,-0.0977,-0.1758,-0.40744,-0.08521,-0.68670,0.57601,-0.07973,-0.97448,-0.50384,0.38882,-1.27327,0.42791,0.34447,-0.86607,0.183,0.256,0.183,0.183,-0.110,-0.110,-0.037,0.110,0.183,-0.110,-0.183,-0.037,0.00,3.000
0.5300,settle,0.3,-0.9998,nan,-0.40748,-0.08521,-0.68670,0.57604,-0.07973,-0.97459,-0.50384,0.38893,-1.27327,0.42788,0.34447,-0.86607,-0.0586,0.0195,0.0977,0.1368,-0.1368,-0.0195,0.0586,-0.0195,0.0195,-0.0195,-0.0586,-0.0195,-0.40748,-0.08521,-0.68670,0.57604,-0.07973,-0.97459,-0.50384,0.38893,-1.27327,0.42788,0.34447,-0.86607,0.110,0.110,0.183,0.037,-0.110,-0.110,-0.037,0.256,0.037,-0.110,-0.183,0.037,0.00,3.000
0.5350,settle,0.3,-0.9998,nan,-0.40740,-0.08521,-0.68670,0.57604,-0.07965,-0.97448,-0.50384,0.38889,-1.27327,0.42788,0.34455,-0.86607,0.0195,0.0195,0.0977,-0.1368,-0.0195,-0.0195,-0.0195,0.0195,0.0195,-0.0195,-0.0195,-0.0195,-0.40740,-0.08521,-0.68670,0.57604,-0.07965,-0.97448,-0.50384,0.38889,-1.27327,0.42788,0.34455,-0.86607,0.183,0.110,0.183,0.183,-0.183,0.037,-0.110,0.183,0.110,-0.110,-0.256,0.037,0.00,3.000
0.5400,settle,0.3,-0.9998,nan,-0.40744,-0.08535,-0.68670,0.57604,-0.07973,-0.97451,-0.50384,0.38893,-1.27327,0.42791,0.34447,-0.86607,0.0977,0.0195,0.0195,0.1368,-0.0195,-0.0195,-0.0195,-0.0977,0.0195,-0.0195,-0.0195,-0.0195,-0.40744,-0.08535,-0.68670,0.57604,-0.07973,-0.97451,-0.50384,0.38893,-1.27327,0.42791,0.34447,-0.86607,0.183,0.183,0.110,0.183,-0.037,-0.110,-0.037,0.183,0.110,-0.110,-0.110,0.037,0.00,3.000
0.5450,settle,0.3,-0.9998,nan,-0.40740,-0.08521,-0.68670,0.57601,-0.07973,-0.97448,-0.50384,0.38889,-1.27327,0.42791,0.34444,-0.86607,0.0195,0.0195,0.0195,0.0195,0.0195,0.0586,0.0586,0.1758,0.0977,-0.0195,-0.1368,0.0195,-0.40740,-0.08521,-0.68670,0.57601,-0.07973,-0.97448,-0.50384,0.38889,-1.27327,0.42791,0.34444,-0.86607,0.183,0.110,0.110,0.037,-0.037,-0.110,-0.037,0.110,0.183,-0.110,-0.110,-0.110,0.00,3.000
0.5500,settle,0.2,-0.9998,nan,-0.40740,-0.08521,-0.68670,0.57593,-0.07969,-0.97451,-0.50392,0.38889,-1.27327,0.42788,0.34447,-0.86607,-0.0586,0.1758,0.0195,-0.0977,-0.0195,-0.0195,-0.0195,0.0195,0.0195,-0.0195,-0.0586,-0.0195,-0.40740,-0.08521,-0.68670,0.57593,-0.07969,-0.97451,-0.50392,0.38889,-1.27327,0.42788,0.34447,-0.86607,0.183,0.110,0.183,0.037,-0.037,-0.256,-0.256,0.110,0.110,-0.110,-0.183,-0.256,0.00,3.000
0.5550,settle,0.2,-0.9998,nan,-0.40740,-0.08521,-0.68661,0.57604,-0.07969,-0.97459,-0.50392,0.38889,-1.27327,0.42788,0.34455,-0.86607,0.0195,0.0586,0.0195,0.1368,0.0195,-0.0977,-0.0195,-0.0195,0.0195,-0.0195,0.0195,-0.0195,-0.40740,-0.08521,-0.68661,0.57604,-0.07969,-0.97459,-0.50392,0.38889,-1.27327,0.42788,0.34455,-0.86607,0.183,0.110,0.110,0.183,-0.183,-0.110,-0.256,0.110,0.183,-0.110,-0.110,-0.256,0.00,3.000
0.5600,settle,0.2,-0.9998,nan,-0.40740,-0.08517,-0.68661,0.57590,-0.07969,-0.97448,-0.50392,0.38893,-1.27327,0.42788,0.34455,-0.86607,0.0195,0.0195,0.0195,0.1368,-0.0195,-0.0195,-0.0977,0.0195,0.0195,-0.0195,-0.0195,-0.0195,-0.40740,-0.08517,-0.68661,0.57590,-0.07969,-0.97448,-0.50392,0.38893,-1.27327,0.42788,0.34455,-0.86607,0.183,0.110,0.110,0.110,-0.110,-0.183,-0.110,0.256,0.183,-0.037,-0.037,-0.256,0.00,3.000
0.5650,settle,0.2,-0.9998,nan,-0.40740,-0.08517,-0.68661,0.57604,-0.07969,-0.97448,-0.50392,0.38893,-1.27327,0.42791,0.34447,-0.86607,0.0195,0.0195,0.0195,0.1368,-0.0586,-0.0586,-0.0195,0.1368,0.0195,-0.0195,0.0195,-0.0195,-0.40740,-0.08517,-0.68661,0.57604,-0.07969,-0.97448,-0.50392,0.38893,-1.27327,0.42791,0.34447,-0.86607,0.183,0.110,0.110,0.037,-0.037,-0.330,-0.110,0.110,0.183,-0.037,-0.037,-0.256,0.00,3.000
0.5700,settle,0.2,-0.9998,nan,-0.40740,-0.08521,-0.68661,0.57604,-0.07973,-0.97451,-0.50392,0.38893,-1.27327,0.42791,0.34447,-0.86607,0.0195,0.1368,0.0195,0.1368,0.0195,-0.0195,-0.0195,-0.0195,0.0195,-0.0195,-0.0195,-0.0195,-0.40740,-0.08521,-0.68661,0.57604,-0.07973,-0.97451,-0.50392,0.38893,-1.27327,0.42791,0.34447,-0.86607,0.110,0.037,0.110,0.110,-0.256,-0.110,-0.037,0.183,0.110,-0.037,-0.110,0.037,0.00,3.000
0.5750,settle,0.1,-0.9998,nan,-0.40740,-0.08521,-0.68670,0.57604,-0.07969,-0.97448,-0.50377,0.38889,-1.27327,0.42791,0.34447,-0.86612,0.0195,0.1368,0.0195,0.0195,0.0195,0.0586,-0.0195,0.0977,0.0195,-0.0195,-0.0977,-0.0195,-0.40740,-0.08521,-0.68670,0.57604,-0.07969,-0.97448,-0.50377,0.38889,-1.27327,0.42791,0.34447,-0.86612,0.110,0.037,0.183,0.110,-0.183,-0.183,-0.183,0.110,0.183,-0.037,-0.183,-0.183,0.00,3.000
0.5800,settle,0.1,-0.9998,nan,-0.40740,-0.08521,-0.68661,0.57604,-0.07973,-0.97448,-0.50384,0.38889,-1.27327,0.42791,0.34447,-0.86607,0.0977,0.1368,0.0195,0.0195,-0.0195,-0.0586,-0.0195,-0.0195,0.0586,-0.0195,0.0977,-0.0195,-0.40740,-0.08521,-0.68661,0.57604,-0.07973,-0.97448,-0.50384,0.38889,-1.27327,0.42791,0.34447,-0.86607,0.183,0.037,0.183,0.183,-0.037,-0.110,-0.110,0.110,0.110,-0.037,-0.110,-0.037,0.00,3.000
0.5850,settle,0.1,-0.9998,nan,-0.40740,-0.08517,-0.68661,0.57601,-0.07973,-0.97451,-0.50384,0.38889,-1.27327,0.42788,0.34447,-0.86607,-0.0977,0.0977,-0.0586,0.1368,-0.0586,-0.0586,-0.0195,0.0195,0.0195,0.0195,-0.0195,-0.0195,-0.40740,-0.08517,-0.68661,0.57601,-0.07973,-0.97451,-0.50384,0.38889,-1.27327,0.42788,0.34447,-0.86607,0.037,0.037,0.256,0.110,-0.110,-0.110,-0.110,0.110,0.110,-0.110,-0.183,-0.037,0.00,3.000
0.5900,settle,0.1,-0.9998,nan,-0.40751,-0.08521,-0.68661,0.57593,-0.07973,-0.97451,-0.50392,0.38889,-1.27327,0.42788,0.34447,-0.86607,0.0195,0.0195,0.0195,0.0586,-0.0977,-0.0195,-0.0195,0.1368,0.0195,0.0195,-0.0977,-0.0195,-0.40751,-0.08521,-0.68661,0.57593,-0.07973,-0.97451,-0.50392,0.38889,-1.27327,0.42788,0.34447,-0.86607,0.183,0.110,0.110,0.183,-0.256,-0.256,-0.110,0.256,0.183,-0.110,-0.110,-0.037,0.00,3.000
0.5950,settle,0.1,-0.9998,nan,-0.40740,-0.08514,-0.68661,0.57604,-0.07973,-0.97448,-0.50384,0.38889,-1.27318,0.42788,0.34447,-0.86607,0.0195,0.0195,0.0977,0.0195,-0.0195,-0.0586,-0.0977,0.0586,0.0195,0.0195,0.0195,-0.0195,-0.40740,-0.08514,-0.68661,0.57604,-0.07973,-0.97448,-0.50384,0.38889,-1.27318,0.42788,0.34447,-0.86607,0.110,0.110,0.110,0.183,-0.037,-0.110,-0.183,0.110,0.183,-0.110,-0.037,-0.037,0.00,3.000
0.6000,settle,0.1,-0.9998,nan,-0.40740,-0.08521,-0.68661,0.57593,-0.07973,-0.97448,-0.50392,0.38893,-1.27327,0.42788,0.34455,-0.86607,0.0195,-0.0977,0.0977,0.0195,-0.0195,0.0195,-0.0977,0.0195,0.0195,0.0195,-0.0586,-0.0195,-0.40740,-0.08521,-0.68661,0.57593,-0.07973,-0.97448,-0.50392,0.38893,-1.27327,0.42788,0.34455,-0.86607,0.183,0.183,0.110,0.110,-0.183,-0.037,-0.256,0.256,0.183,-0.110,-0.183,-0.037,0.00,3.000
0.6050,settle,0.1,-0.9998,nan,-0.40740,-0.08521,-0.68661,0.57593,-0.07973,-0.97448,-0.50384,0.38893,-1.27327,0.42788,0.34444,-0.86607,0.0195,0.0195,-0.0195,-0.0977,-0.0195,-0.0195,-0.0195,0.0195,0.0195,0.0195,-0.0195,-0.0195,-0.40740,-0.08521,-0.68661,0.57593,-0.07973,-0.97448,-0.50384,0.38893,-1.27327,0.42788,0.34444,-0.86607,0.183,0.110,0.037,0.183,-0.037,-0.110,-0.110,0.183,0.110,-0.110,-0.110,-0.256,0.00,3.000
0.6100,settle,1.0,-0.9998,nan,-0.40740,-0.08521,-0.68661,0.57604,-0.07969,-0.97448,-0.50384,0.38893,-1.27327,0.42788,0.34447,-0.86607,0.0195,0.0195,0.0977,0.1758,-0.0195,-0.0195,-0.0977,0.0195,0.0977,0.0195,0.0586,-0.0195,-0.40740,-0.08521,-0.68661,0.57604,-0.07969,-0.97448,-0.50384,0.38893,-1.27327,0.42788,0.34447,-0.86607,0.037,0.110,0.110,0.110,-0.183,-0.110,-0.110,0.183,0.110,-0.110,-0.183,-0.256,0.00,3.000
0.6150,settle,1.0,-0.9998,nan,-0.40740,-0.08521,-0.68661,0.57601,-0.07973,-0.97448,-0.50384,0.38889,-1.27327,0.42788,0.34447,-0.86609,0.0195,0.0195,0.0977,0.0586,-0.0586,0.0586,-0.0195,0.0195,0.1368,0.0195,-0.0195,-0.0195,-0.40740,-0.08521,-0.68661,0.57601,-0.07973,-0.97448,-0.50384,0.38889,-1.27327,0.42788,0.34447,-0.86609,0.183,0.110,0.110,0.183,-0.110,-0.110,-0.183,0.183,0.110,-0.110,-0.256,-0.256,0.00,3.000
0.6200,settle,1.0,-0.9998,nan,-0.40733,-0.08521,-0.68661,0.57604,-0.07973,-0.97451,-0.50384,0.38889,-1.27327,0.42788,0.34447,-0.86609,-0.0195,0.0195,0.0977,-0.0586,-0.0977,-0.0195,-0.0195,0.0977,0.1368,-0.0195,-0.0195,-0.0195,-0.40733,-0.08521,-0.68661,0.57604,-0.07973,-0.97451,-0.50384,0.38889,-1.27327,0.42788,0.34447,-0.86609,0.037,0.110,0.110,0.183,-0.110,-0.110,-0.256,0.110,0.110,-0.183,-0.110,-0.110,0.00,3.000
0.6250,settle,0.9,-0.9998,nan,-0.40740,-0.08521,-0.68661,0.57601,-0.07973,-0.97451,-0.50384,0.38889,-1.27318,0.42788,0.34444,-0.86609,0.0195,0.0195,0.0195,0.0586,-0.0195,-0.0977,0.0586,0.0586,-0.0586,-0.0195,-0.0195,-0.0195,-0.40740,-0.08521,-0.68661,0.57601,-0.07973,-0.97451,-0.50384,0.38889,-1.27318,0.42788,0.34444,-0.86609,0.037,0.110,0.183,0.037,-0.110,-0.330,-0.037,0.110,0.110,-0.183,-0.183,-0.110,0.00,3.000
0.6300,settle,0.9,-0.9998,nan,-0.40744,-0.08521,-0.68661,0.57593,-0.07973,-0.97448,-0.50384,0.38878,-1.27327,0.42788,0.34447,-0.86609,0.0195,0.0586,0.0195,-0.0195,-0.0195,-0.0195,-0.0195,-0.0195,0.0195,-0.0195,0.0195,-0.0195,-0.40744,-0.08521,-0.68661,0.57593,-0.07973,-0.97448,-0.50384,0.38878,-1.27327,0.42788,0.34447,-0.86609,0.110,0.110,0.110,0.110,-0.110,-0.110,-0.110,0.256,0.110,-0.183,-0.183,-0.110,0.00,3.000
0.6350,settle,0.9,-0.9998,nan,-0.40740,-0.08521,-0.68661,0.57604,-0.07962,-0.97448,-0.50384,0.38889,-1.27327,0.42788,0.34455,-0.86607,0.0195,0.0195,0.0195,-0.0586,-0.0586,-0.0586,-0.0195,-0.0195,0.0195,-0.0195,-0.0195,-0.0586,-0.40740,-0.08521,-0.68661,0.57604,-0.07962,-0.97448,-0.50384,0.38889,-1.27327,0.42788,0.34455,-0.86607,0.110,0.110,0.110,0.037,-0.183,-0.183,-0.037,0.110,0.110,-0.110,-0.110,-0.110,0.00,3.000
0.6400,settle,0.9,-0.9998,nan,-0.40740,-0.08514,-0.68661,0.57601,-0.07973,-0.97451,-0.50384,0.38889,-1.27327,0.42788,0.34447,-0.86607,0.0195,0.0586,0.0195,0.0195,-0.0195,-0.0195,-0.0977,0.0195,0.0195,-0.0195,-0.0586,-0.0195,-0.40740,-0.08514,-0.68661,0.57601,-0.07973,-0.97451,-0.50384,0.38889,-1.27327,0.42788,0.34447,-0.86607,0.183,0.256,0.110,0.037,-0.037,-0.256,-0.110,0.037,0.110,-0.110,-0.183,0.037,0.00,3.000
0.6450,settle,0.9,-0.9998,nan,-0.40740,-0.08521,-0.68670,0.57590,-0.07973,-0.97451,-0.50384,0.38889,-1.27327,0.42788,0.34447,-0.86607,0.0977,0.0195,0.0195,-0.0586,-0.0195,-0.0195,0.0586,0.0195,0.0195,-0.0195,0.0195,-0.0195,-0.40740,-0.08521,-0.68670,0.57590,-0.07973,-0.97451,-0.50384,0.38889,-1.27327,0.42788,0.34447,-0.86607,0.110,0.183,0.183,0.110,-0.256,-0.110,-0.037,0.110,0.256,-0.110,-0.037,0.037,0.00,3.000
0.6500,settle,0.8,-0.9998,nan,-0.40740,-0.08521,-0.68661,0.57593,-0.07969,-0.97451,-0.50384,0.38889,-1.27321,0.42788,0.34455,-0.86607,0.0195,0.0195,0.0195,0.0195,0.0586,-0.0195,-0.0195,0.0195,-0.0586,-0.0195,0.0586,-0.0586,-0.40740,-0.08521,-0.68661,0.57593,-0.07969,-0.97451,-0.50384,0.38889,-1.27321,0.42788,0.34455,-0.86607,0.037,0.330,0.183,0.037,-0.037,-0.110,-0.110,0.110,0.110,-0.110,-0.183,-0.037,0.00,3.000
0.6550,settle,0.8,-0.9998,nan,-0.40740,-0.08521,-0.68670,0.57593,-0.07973,-0.97451,-0.50384,0.38889,-1.27318,0.42791,0.34447,-0.86607,0.0195,-0.0977,0.0195,0.1758,-0.0977,-0.0586,-0.0977,0.0195,-0.0195,-0.0195,-0.0195,-0.0195,-0.40740,-0.08521,-0.68670,0.57593,-0.07973,-0.97451,-0.50384,0.38889,-1.27318,0.42791,0.34447,-0.86607,0.183,0.183,0.110,0.110,-0.110,-0.183,-0.037,0.110,0.110,-0.110,-0.110,-0.256,0.00,3.000
0.6600,settle,0.8,-0.9998,nan,-0.40740,-0.08521,-0.68670,0.57604,-0.07973,-0.97448,-0.50384,0.38889,-1.27327,0.42791,0.34447,-0.86607,0.0195,-0.0195,0.0195,-0.0586,-0.0586,0.0195,-0.0195,-0.0195,0.0195,-0.0195,-0.0195,0.0195,-0.40740,-0.08521,-0.68670,0.57604,-0.07973,-0.97448,-0.50384,0.38889,-1.27327,0.42791,0.34447,-0.86607,0.183,0.110,0.183,0.256,-0.110,-0.110,-0.110,0.110,0.110,-0.110,-0.183,-0.256,0.00,3.000
0.6650,settle,0.8,-0.9998,nan,-0.40740,-0.08521,-0.68661,0.57601,-0.07973,-0.97451,-0.50392,0.38893,-1.27329,0.42791,0.34455,-0.86607,0.0195,0.0195,0.0977,0.0195,-0.0195,-0.0586,-0.0977,0.0977,0.0195,-0.0977,-0.0195,-0.0195,-0.40740,-0.08521,-0.68661,0.57601,-0.07973,-0.97451,-0.50392,0.38893,-1.27329,0.42791,0.34455,-0.86607,0.183,0.183,0.037,0.256,-0.183,-0.110,-0.110,0.110,0.110,-0.183,-0.110,-0.110,0.00,3.000
0.6700,settle,0.7,-0.9998,nan,-0.40740,-0.08521,-0.68656,0.57601,-0.07973,-0.97448,-0.50384,0.38893,-1.27327,0.42788,0.34447,-0.86607,0.0195,-0.0195,0.0195,0.0195,-0.0195,-0.0195,-0.0195,-0.0195,-0.0586,0.0195,-0.0195,-0.0586,-0.40740,-0.08521,-0.68656,0.57601,-0.07973,-0.97448,-0.50384,0.38893,-1.27327,0.42788,0.34447,-0.86607,0.183,0.110,0.110,0.183,-0.110,-0.110,-0.037,0.110,0.110,-0.110,-0.110,-0.110,0.00,3.000
0.6750,settle,0.7,-0.9998,nan,-0.40740,-0.08521,-0.68661,0.57601,-0.07973,-0.97451,-0.50384,0.38893,-1.27315,0.42788,0.34444,-0.86607,-0.0195,0.1368,-0.0586,0.0586,-0.0195,-0.0195,-0.0195,0.1368,0.0195,-0.1368,-0.0195,-0.0586,-0.40740,-0.08521,-0.68661,0.57601,-0.07973,-0.97451,-0.50384,0.38893,-1.27315,0.42788,0.34444,-0.86607,0.183,0.183,0.110,0.183,-0.183,-0.110,-0.110,0.183,0.256,-0.110,-0.183,-0.110,0.00,3.000
0.6800,settle,0.7,-0.9998,nan,-0.40740,-0.08532,-0.68661,0.57604,-0.07969,-0.97451,-0.50384,0.38889,-1.27327,0.42788,0.34455,-0.86607,0.0195,0.0195,0.0195,0.0195,-0.0586,-0.0195,-0.0195,0.0586,0.0195,-0.1368,-0.0195,-0.0195,-0.40740,-0.08532,-0.68661,0.57604,-0.07969,-0.97451,-0.50384,0.38889,-1.27327,0.42788,0.34455,-0.86607,0.183,0.110,0.110,0.183,-0.110,-0.330,-0.037,0.110,0.183,-0.110,-0.183,-0.256,0.00,3.000
0.6850,settle,0.7,-0.9998,nan,-0.40740,-0.08517,-0.68661,0.57601,-0.07969,-0.97448,-0.50384,0.38889,-1.27327,0.42791,0.34447,-0.86607,0.0195,0.0586,0.0195,0.0195,-0.0977,-0.0195,-0.0195,-0.0195,0.0195,0.0586,0.0586,-0.0195,-0.40740,-0.08517,-0.68661,0.57601,-0.07969,-0.97448,-0.50384,0.38889,-1.27327,0.42791,0.34447,-0.86607,0.110,0.110,0.110,0.110,-0.183,-0.183,-0.037,0.183,0.110,-0.110,-0.183,-0.256,0.00,3.000
0.6900,settle,0.6,-0.9998,nan,-0.40740,-0.08521,-0.68661,0.57604,-0.07969,-0.97451,-0.50384,0.38893,-1.27318,0.42788,0.34455,-0.86607,0.0195,0.0195,0.0195,-0.0586,-0.0586,-0.0586,-0.0195,0.0195,-0.0195,-0.0195,-0.0195,-0.0195,-0.40740,-0.08521,-0.68661,0.57604,-0.07969,-0.97451,-0.50384,0.38893,-1.27318,0.42788,0.34455,-0.86607,0.183,0.110,0.183,0.183,-0.183,-0.037,-0.183,0.110,0.110,-0.183,-0.183,-0.256,0.00,3.000
0.6950,settle,0.6,-0.9998,nan,-0.40740,-0.08521,-0.68661,0.57604,-0.07973,-0.97451,-0.50384,0.38900,-1.27329,0.42788,0.34447,-0.86607,0.0195,0.1368,0.0195,0.0195,0.0195,-0.0195,-0.0195,-0.0195,0.0195,-0.0195,-0.0195,-0.0195,-0.40740,-0.08521,-0.68661,0.57604,-0.07973,-0.97451,-0.50384,0.38900,-1.27329,0.42788,0.34447,-0.86607,0.110,0.183,0.183,0.183,-0.037,-0.110,-0.110,0.110,0.110,-0.110,-0.110,-0.110,0.00,3.000
0.7000,settle,0.6,-0.9998,nan,-0.40740,-0.08521,-0.68670,0.57601,-0.07969,-0.97459,-0.50392,0.38889,-1.27327,0.42788,0.34447,-0.86609,0.0195,-0.2149,0.0977,-0.0586,-0.0195,-0.0195,-0.0195,0.0195,0.0195,0.0195,-0.0195,0.0195,-0.40740,-0.08521,-0.68670,0.57601,-0.07969,-0.97459,-0.50392,0.38889,-1.27327,0.42788,0.34447,-0.86609,0.183,0.110,0.183,0.183,-0.183,-0.110,-0.110,0.110,0.183,-0.183,-0.037,-0.110,0.00,3.000
0.7050,settle,0.6,-0.9998,nan,-0.40740,-0.08521,-0.68661,0.57593,-0.07973,-0.97448,-0.50384,0.38882,-1.27327,0.42799,0.34447,-0.86607,0.0195,0.0195,-0.0586,0.1758,-0.0195,0.0586,-0.0977,0.0195,0.0195,-0.0586,0.0586,0.0195,-0.40740,-0.08521,-0.68661,0.57593,-0.07973,-0.97448,-0.50384,0.38882,-1.27327,0.42799,0.34447,-0.86607,0.110,0.037,0.183,0.183,-0.110,-0.110,-0.256,0.110,0.110,-0.183,-0.183,-0.037,0.00,3.000
0.7100,settle,0.6,-0.9998,nan,-0.40740,-0.08521,-0.68661,0.57593,-0.07969,-0.97448,-0.50384,0.38893,-1.27329,0.42791,0.34447,-0.86598,0.0195,0.0195,0.0195,0.0586,-0.0195,-0.0195,-0.0195,0.0195,0.0977,-0.0586,-0.0977,0.0586,-0.40740,-0.08521,-0.68661,0.57593,-0.07969,-0.97448,-0.50384,0.38893,-1.27329,0.42791,0.34447,-0.86598,0.110,0.183,0.110,0.256,-0.183,-0.110,-0.110,0.110,0.110,-0.110,-0.110,-0.037,0.00,3.000
0.7150,settle,0.6,-0.9998,nan,-0.40740,-0.08517,-0.68670,0.57604,-0.07973,-0.97451,-0.50384,0.38893,-1.27327,0.42791,0.34447,-0.86609,0.0195,0.0195,-0.0586,0.0977,-0.0586,-0.0977,-0.0195,0.0195,0.0195,0.0977,-0.0586,-0.0195,-0.40740,-0.08517,-0.68670,0.57604,-0.07973,-0.97451,-0.50384,0.38893,-1.27327,0.42791,0.34447,-0.86609,0.110,0.110,0.183,0.183,-0.037,-0.330,-0.110,0.110,0.110,-0.110,-0.037,-0.037,0.00,3.000
0.7200,settle,0.5,-0.9998,nan,-0.40740,-0.08521,-0.68661,0.57604,-0.07973,-0.97448,-0.50384,0.38893,-1.27327,0.42788,0.34447,-0.86607,0.0195,0.0586,-0.0586,0.0586,0.0195,-0.0195,-0.0195,-0.0195,0.0195,-0.0586,-0.0977,-0.0195,-0.40740,-0.08521,-0.68661,0.57604,-0.07973,-0.97448,-0.50384,0.38893,-1.27327,0.42788,0.34447,-0.86607,0.183,0.110,0.110,0.183,-0.037,0.037,-0.256,0.110,0.110,-0.110,-0.183,-0.183,0.00,3.000
0.7250,settle,0.5,-0.9998,nan,-0.40740,-0.08521,-0.68661,0.57593,-0.07965,-0.97448,-0.50384,0.38889,-1.27327,0.42791,0.34447,-0.86607,0.0977,-0.0977,0.0195,0.1368,-0.0195,0.0195,0.0586,-0.0195,0.0195,-0.0195,0.0195,-0.0195,-0.40740,-0.08521,-0.68661,0.57593,-0.07965,-0.97448,-0.50384,0.38889,-1.27327,0.42791,0.34447,-0.86607,0.183,0.037,0.110,0.037,-0.183,-0.183,-0.256,0.037,0.110,-0.110,-0.110,-0.037,0.00,3.000
0.7300,settle,0.5,-0.9998,nan,-0.40740,-0.08521,-0.68661,0.57593,-0.07969,-0.97448,-0.50392,0.38889,-1.27327,0.42788,0.34447,-0.86607,0.0977,0.0195,0.0977,0.0586,0.0195,-0.0195,-0.0977,0.0586,0.0195,0.0195,-0.0195,-0.0977,-0.40740,-0.08521,-0.68661,0.57593,-0.07969,-0.97448,-0.50392,0.38889,-1.27327,0.42788,0.34447,-0.86607,0.183,0.110,0.110,0.183,-0.110,-0.110,-0.256,0.110,0.110,-0.110,-0.110,-0.256,0.00,3.000
0.7350,settle,0.5,-0.9998,nan,-0.40740,-0.08521,-0.68667,0.57604,-0.07973,-0.97448,-0.50384,0.38893,-1.27318,0.42788,0.34447,-0.86607,0.0195,0.0195,0.0195,-0.0195,0.0195,-0.0586,0.0586,0.0586,0.0195,0.0195,-0.0195,0.0195,-0.40740,-0.08521,-0.68667,0.57604,-0.07973,-0.97448,-0.50384,0.38893,-1.27318,0.42788,0.34447,-0.86607,0.037,0.110,0.183,0.110,-0.110,-0.110,-0.037,0.183,0.110,-0.110,-0.183,-0.110,0.00,3.000
0.7400,settle,0.5,-0.9998,nan,-0.40740,-0.08521,-0.68661,0.57601,-0.07973,-0.97451,-0.50392,0.38882,-1.27327,0.42788,0.34455,-0.86607,0.0195,-0.1368,0.0195,0.0586,-0.0195,-0.0586,0.0586,-0.0586,0.0977,-0.0195,-0.0195,-0.0195,-0.40740,-0.08521,-0.68661,0.57601,-0.07973,-0.97451,-0.50392,0.38882,-1.27327,0.42788,0.34455,-0.86607,0.183,0.183,0.183,0.183,-0.110,-0.110,-0.256,0.110,0.183,-0.183,-0.037,-0.183,0.00,3.000
0.7450,settle,0.4,-0.9998,nan,-0.40740,-0.08521,-0.68661,0.57590,-0.07969,-0.97451,-0.50384,0.38893,-1.27327,0.42791,0.34447,-0.86607,-0.0586,-0.0977,0.0195,0.0195,0.0586,-0.0586,-0.0977,-0.0195,0.0195,-0.0195,-0.0977,0.0195,-0.40740,-0.08521,-0.68661,0.57590,-0.07969,-0.97451,-0.50384,0.38893,-1.27327,0.42791,0.34447,-0.86607,0.183,0.110,0.183,0.256,-0.037,-0.110,-0.110,0.110,0.110,-0.183,-0.110,-0.256,0.00,3.000
0.7500,settle,0.4,-0.9998,nan,-0.40740,-0.08521,-0.68661,0.57604,-0.07973,-0.97451,-0.50392,0.38889,-1.27327,0.42788,0.34447,-0.86607,-0.0195,0.0195,0.0195,-0.0977,-0.0977,-0.0195,-0.0977,-0.0977,0.0977,-0.0195,0.0195,-0.0195,-0.40740,-0.08521,-0.68661,0.57604,-0.07973,-0.97451,-0.50392,0.38889,-1.27327,0.42788,0.34447,-0.86607,0.110,0.110,0.183,0.110,-0.256,-0.037,-0.183,0.110,0.110,-0.183,-0.110,-0.110,0.00,3.000
0.7550,settle,0.4,-0.9998,nan,-0.40740,-0.08521,-0.68661,0.57604,-0.07973,-0.97448,-0.50392,0.38893,-1.27327,0.42788,0.34447,-0.86607,0.0195,0.0195,0.0195,0.1368,-0.0195,0.0195,-0.0195,0.0195,0.0195,0.0195,0.0586,-0.0195,-0.40740,-0.08521,-0.68661,0.57604,-0.07973,-0.97448,-0.50392,0.38893,-1.27327,0.42788,0.34447,-0.86607,0.037,0.110,0.183,0.110,-0.110,-0.183,-0.037,0.110,0.110,-0.037,-0.183,-0.183,0.00,3.000
0.7600,settle,0.4,-0.9998,nan,-0.40744,-0.08521,-0.68661,0.57593,-0.07962,-0.97451,-0.50384,0.38893,-1.27327,0.42788,0.34447,-0.86607,0.0195,0.0195,0.0195,0.0586,-0.0586,-0.0195,-0.0195,0.0195,0.0195,0.0195,-0.0195,-0.0195,-0.40744,-0.08521,-0.68661,0.57593,-0.07962,-0.97451,-0.50384,0.38893,-1.27327,0.42788,0.34447,-0.86607,0.110,0.110,0.183,0.183,-0.110,-0.037,-0.110,0.110,0.183,-0.183,-0.183,-0.110,0.00,3.000
0.7650,settle,0.3,-0.9998,nan,-0.40740,-0.08521,-0.68661,0.57604,-0.07973,-0.97448,-0.50384,0.38889,-1.27321,0.42791,0.34447,-0.86607,0.0195,0.1368,0.0195,0.0195,-0.0195,-0.0586,-0.0195,0.0195,0.0195,-0.0195,-0.0195,-0.0586,-0.40740,-0.08521,-0.68661,0.57604,-0.07973,-0.97448,-0.50384,0.38889,-1.27321,0.42791,0.34447,-0.86607,0.037,0.110,0.183,0.110,-0.183,-0.110,-0.110,0.110,0.110,-0.183,-0.183,-0.256,0.00,3.000
0.7700,settle,0.3,-0.9998,nan,-0.40740,-0.08521,-0.68661,0.57601,-0.07973,-0.97451,-0.50392,0.38889,-1.27327,0.42791,0.34447,-0.86607,0.0195,0.0195,0.0977,0.0195,0.0195,-0.0195,-0.0977,0.0195,0.0195,-0.0195,-0.0195,0.0977,-0.40740,-0.08521,-0.68661,0.57601,-0.07973,-0.97451,-0.50392,0.38889,-1.27327,0.42791,0.34447,-0.86607,0.110,0.110,0.110,0.183,-0.183,-0.037,-0.037,0.256,0.110,-0.110,-0.110,-0.037,0.00,3.000
0.7750,settle,0.3,-0.9998,nan,-0.40740,-0.08521,-0.68661,0.57604,-0.07973,-0.97451,-0.50392,0.38889,-1.27318,0.42791,0.34444,-0.86609,0.0195,0.0195,0.0977,0.1758,0.0195,-0.0195,-0.0977,0.0195,0.0195,-0.0586,-0.0195,-0.0195,-0.40740,-0.08521,-0.68661,0.57604,-0.07973,-0.97451,-0.50392,0.38889,-1.27318,0.42791,0.34444,-0.86609,0.183,0.183,0.110,0.110,-0.183,-0.183,-0.110,0.110,0.110,-0.183,-0.110,-0.256,0.00,3.000
0.7800,settle,0.3,-0.9998,nan,-0.40740,-0.08521,-0.68661,0.57590,-0.07973,-0.97459,-0.50384,0.38889,-1.27321,0.42791,0.34447,-0.86607,0.0195,0.0195,0.0195,-0.0195,-0.0586,-0.0195,-0.0195,0.0195,0.0195,-0.0195,0.0195,-0.0586,-0.40740,-0.08521,-0.68661,0.57590,-0.07973,-0.97459,-0.50384,0.38889,-1.27321,0.42791,0.34447,-0.86607,0.110,0.037,0.110,0.183,-0.110,-0.110,-0.110,0.110,0.110,-0.110,-0.183,-0.256,0.00,3.000
0.7850,settle,0.3,-0.9998,nan,-0.40740,-0.08521,-0.68670,0.57604,-0.07969,-0.97448,-0.50384,0.38889,-1.27327,0.42791,0.34444,-0.86609,0.0195,-0.0977,0.0195,0.0195,-0.0195,-0.0195,0.0586,-0.0195,0.0195,-0.0195,-0.0195,-0.0195,-0.40740,-0.08521,-0.68670,0.57604,-0.07969,-0.97448,-0.50384,0.38889,-1.27327,0.42791,0.34444,-0.86609,0.037,0.037,0.183,0.110,-0.110,-0.110,-0.110,0.183,0.183,-0.037,-0.183,-0.256,0.00,3.000
0.7900,settle,0.3,-0.9998,nan,-0.40740,-0.08521,-0.68661,0.57593,-0.07973,-0.97448,-0.50384,0.38889,-1.27327,0.42788,0.34455,-0.86607,0.0586,-0.0195,-0.0586,0.0195,-0.0586,-0.0195,-0.0195,0.0586,0.0195,-0.0195,0.0195,-0.0586,-0.40740,-0.08521,-0.68661,0.57593,-0.07973,-0.97448,-0.50384,0.38889,-1.27327,0.42788,0.34455,-0.86607,0.183,0.037,0.110,0.110,-0.037,-0.110,-0.110,0.037,0.110,-0.110,-0.183,-0.037,0.00,3.000
0.7950,settle,0.2,-0.9998,nan,-0.40740,-0.08521,-0.68670,0.57593,-0.07973,-0.97448,-0.50384,0.38900,-1.27327,0.42791,0.34444,-0.86598,0.0195,-0.0195,0.0195,0.0195,-0.0586,-0.0195,-0.0195,0.0195,0.0195,0.0195,0.0586,-0.0195,-0.40740,-0.08521,-0.68670,0.57593,-0.07973,-0.97448,-0.50384,0.38900,-1.27327,0.42791,0.34444,-0.86598,0.110,0.183,0.110,0.110,-0.110,-0.037,-0.037,0.110,0.110,-0.183,-0.037,-0.183,0.00,3.000
0.8000,settle,0.2,-0.9998,nan,-0.40740,-0.08532,-0.68670,0.57590,-0.07969,-0.97448,-0.50384,0.38889,-1.27327,0.42791,0.34455,-0.86607,0.0977,-0.0195,-0.0586,0.0195,-0.0195,-0.0195,-0.0195,0.0195,0.0195,0.0195,-0.0195,-0.0195,-0.40740,-0.08532,-0.68670,0.57590,-0.07969,-0.97448,-0.50384,0.38889,-1.27327,0.42791,0.34455,-0.86607,0.110,0.110,0.183,0.183,-0.256,-0.110,-0.256,0.183,0.110,-0.183,-0.110,-0.183,0.00,3.000
0.8050,settle,0.2,-0.9998,nan,-0.40740,-0.08521,-0.68661,0.57593,-0.07973,-0.97451,-0.50392,0.38889,-1.27327,0.42791,0.34451,-0.86609,0.0195,-0.1368,0.0977,0.1758,-0.0195,0.0195,-0.0195,0.0195,0.0195,-0.0586,-0.0586,-0.0586,-0.40740,-0.08521,-0.68661,0.57593,-0.07973,-0.97451,-0.50392,0.38889,-1.27327,0.42791,0.34451,-0.86609,0.183,0.110,0.183,0.183,-0.256,-0.183,-0.183,0.110,0.183,-0.183,-0.037,-0.183,0.00,3.000
0.8100,settle,0.2,-0.9998,nan,-0.40740,-0.08517,-0.68661,0.57604,-0.07973,-0.97451,-0.50384,0.38889,-1.27318,0.42791,0.34455,-0.86607,0.0195,0.0977,-0.0586,0.0195,-0.0195,0.0195,-0.0195,0.0195,0.0195,-0.0586,-0.0195,-0.0586,-0.40740,-0.08517,-0.68661,0.57604,-0.07973,-0.97451,-0.50384,0.38889,-1.27318,0.42791,0.34455,-0.86607,0.110,0.037,0.256,0.110,-0.110,-0.110,-0.110,0.110,0.183,-0.183,-0.183,-0.256,0.00,3.000
0.8150,settle,0.1,-0.9998,nan,-0.40740,-0.08521,-0.68661,0.57601,-0.07973,-0.97448,-0.50392,0.38889,-1.27327,0.42788,0.34444,-0.86607,0.0195,-0.1368,-0.0586,-0.0977,-0.0195,-0.0195,-0.0195,0.0586,0.0195,-0.0195,-0.0195,-0.0195,-0.40740,-0.08521,-0.68661,0.57601,-0.07973,-0.97448,-0.50392,0.38889,-1.27327,0.42788,0.34444,-0.86607,0.183,0.183,0.256,0.110,-0.110,-0.037,-0.256,0.183,0.110,-0.183,-0.183,-0.110,0.00,3.000
0.8200,settle,0.1,-0.9998,nan,-0.40740,-0.08521,-0.68661,0.57604,-0.07973,-0.97451,-0.50384,0.38889,-1.27327,0.42788,0.34447,-0.86607,0.1368,0.0195,0.0195,0.0195,0.0195,-0.0195,0.0586,0.0977,0.0586,-0.0195,-0.0977,-0.0977,-0.40740,-0.08521,-0.68661,0.57604,-0.07973,-0.97451,-0.50384,0.38889,-1.27327,0.42788,0.34447,-0.86607,0.183,0.183,0.037,0.037,-0.110,-0.256,-0.037,0.110,0.183,-0.183,-0.110,-0.256,0.00,3.000
0.8250,settle,0.1,-0.9998,nan,-0.40740,-0.08532,-0.68661,0.57593,-0.07973,-0.97448,-0.50384,0.38889,-1.27318,0.42791,0.34455,-0.86607,-0.0586,0.0195,0.0195,-0.0977,-0.0195,-0.0195,-0.0977,0.0195,-0.0195,-0.0586,-0.0977,-0.0195,-0.40740,-0.08532,-0.68661,0.57593,-0.07973,-0.97448,-0.50384,0.38889,-1.27318,0.42791,0.34455,-0.86607,0.110,0.110,0.110,0.183,-0.037,-0.183,-0.110,0.183,0.183,-0.110,-0.110,-0.110,0.00,3.000
0.8300,settle,0.1,-0.9998,nan,-0.40737,-0.08517,-0.68661,0.57604,-0.07969,-0.97448,-0.50384,0.38893,-1.27327,0.42791,0.34447,-0.86609,0.0195,0.0195,0.0195,0.0195,-0.0586,-0.0195,-0.0195,0.0195,0.0195,-0.0586,0.0586,-0.0586,-0.40737,-0.08517,-0.68661,0.57604,-0.07969,-0.97448,-0.50384,0.38893,-1.27327,0.42791,0.34447,-0.86609,0.037,0.183,0.110,0.037,-0.110,-0.037,-0.256,0.183,0.183,-0.183,-0.183,-0.037,0.00,3.000
0.8350,settle,0.1,-0.9998,nan,-0.40740,-0.08521,-0.68661,0.57604,-0.07973,-0.97448,-0.50384,0.38889,-1.27327,0.42791,0.34455,-0.86607,0.0195,0.0195,0.0195,0.0195,-0.0586,-0.0195,-0.0195,0.0586,0.0195,-0.0195,0.0195,-0.0195,-0.40740,-0.08521,-0.68661,0.57604,-0.07973,-0.97448,-0.50384,0.38889,-1.27327,0.42791,0.34455,-0.86607,0.110,0.183,0.183,0.183,-0.183,-0.110,-0.183,0.110,0.110,-0.037,-0.110,-0.037,0.00,3.000
0.8400,settle,0.1,-0.9998,nan,-0.40740,-0.08521,-0.68661,0.57604,-0.07973,-0.97448,-0.50384,0.38889,-1.27327,0.42788,0.34447,-0.86607,0.0195,0.0195,0.0195,0.0195,-0.0586,-0.0586,-0.0195,0.0195,0.0195,-0.0586,0.0586,-0.0195,-0.40740,-0.08521,-0.68661,0.57604,-0.07973,-0.97448,-0.50384,0.38889,-1.27327,0.42788,0.34447,-0.86607,0.037,0.110,0.110,0.256,-0.256,-0.183,-0.110,0.183,0.110,-0.183,-0.183,0.037,0.00,3.000
0.8450,settle,0.1,-0.9998,nan,-0.40740,-0.08524,-0.68661,0.57604,-0.07969,-0.97451,-0.50384,0.38889,-1.27327,0.42788,0.34444,-0.86607,-0.0586,0.0195,0.0195,0.0195,-0.0195,-0.0586,-0.0195,-0.0977,0.0195,-0.0586,0.0195,-0.0195,-0.40740,-0.08524,-0.68661,0.57604,-0.07969,-0.97451,-0.50384,0.38889,-1.27327,0.42788,0.34444,-0.86607,0.110,0.110,0.110,0.037,-0.183,-0.037,-0.256,0.110,0.110,-0.110,-0.183,-0.110,0.00,3.000
0.8500,settle,1.0,-0.9998,nan,-0.40740,-0.08521,-0.68661,0.57604,-0.07973,-0.97448,-0.50384,0.38889,-1.27327,0.42788,0.34447,-0.86607,0.0195,0.1368,-0.0586,0.0195,0.0195,-0.0195,-0.0195,-0.0195,0.0195,-0.0195,-0.0195,-0.0195,-0.40740,-0.08521,-0.68661,0.57604,-0.07973,-0.97448,-0.50384,0.38889,-1.27327,0.42788,0.34447,-0.86607,0.183,0.256,0.183,0.256,-0.110,-0.037,-0.037,0.110,0.110,-0.110,-0.183,-0.110,0.00,3.000
0.8550,settle,1.0,-0.9998,nan,-0.40733,-0.08524,-0.68661,0.57604,-0.07969,-0.97451,-0.50384,0.38878,-1.27327,0.42788,0.34455,-0.86607,0.0195,-0.0195,0.0977,0.0195,0.0195,0.0195,-0.0195,-0.0195,0.0195,-0.0195,-0.0195,-0.0195,-0.40733,-0.08524,-0.68661,0.57604,-0.07969,-0.97451,-0.50384,0.38878,-1.27327,0.42788,0.34455,-0.86607,0.110,0.110,0.110,0.110,-0.110,-0.110,-0.183,0.110,0.110,-0.110,-0.110,-0.256,0.00,3.000
0.8600,settle,1.0,-0.9998,nan,-0.40740,-0.08521,-0.68661,0.57604,-0.07973,-0.97451,-0.50384,0.38889,-1.27327,0.42788,0.34447,-0.86607,0.0195,0.0195,0.0195,0.0195,-0.0586,0.0586,0.0586,0.0195,0.0195,0.0195,0.0977,-0.0195,-0.40740,-0.08521,-0.68661,0.57604,-0.07973,-0.97451,-0.50384,0.38889,-1.27327,0.42788,0.34447,-0.86607,0.183,0.110,0.110,0.183,-0.037,-0.037,0.037,0.110,0.110,-0.110,-0.110,-0.110,0.00,3.000
0.8650,settle,0.9,-0.9998,nan,-0.40737,-0.08521,-0.68661,0.57604,-0.07973,-0.97448,-0.50384,0.38889,-1.27329,0.42791,0.34455,-0.86601,0.0195,0.0195,0.0195,-0.0977,-0.0195,0.0195,-0.0195,0.0195,0.0195,-0.1368,0.0586,-0.0195,-0.40737,-0.08521,-0.68661,0.57604,-0.07973,-0.97448,-0.50384,0.38889,-1.27329,0.42791,0.34455,-0.86601,0.037,0.110,0.110,0.037,-0.110,-0.110,-0.110,0.110,0.183,-0.183,-0.110,-0.110,0.00,3.000
0.8700,settle,0.9,-0.9998,nan,-0.40740,-0.08521,-0.68670,0.57604,-0.07973,-0.97448,-0.50384,0.38878,-1.27327,0.42791,0.34444,-0.86609,0.0195,0.0195,-0.0195,0.1368,0.0195,-0.0195,-0.0195,0.0195,0.0195,-0.1368,-0.0195,-0.0195,-0.40740,-0.08521,-0.68670,0.57604,-0.07973,-0.97448,-0.50384,0.38878,-1.27327,0.42791,0.34444,-0.86609,0.037,0.183,0.110,0.110,-0.037,-0.110,-0.110,0.110,0.110,-0.183,-0.183,-0.110,0.00,3.000
0.8750,settle,0.9,-0.9998,nan,-0.40740,-0.08532,-0.68670,0.57604,-0.07973,-0.97448,-0.50384,0.38889,-1.27327,0.42791,0.34447,-0.86607,0.0195,-0.0586,-0.0195,0.0195,-0.0586,0.0586,0.0586,0.0195,0.0195,0.0195,0.0586,-0.0195,-0.40740,-0.08532,-0.68670,0.57604,-0.07973,-0.97448,-0.50384,0.38889,-1.27327,0.42791,0.34447,-0.86607,0.110,0.256,0.110,0.183,-0.183,-0.256,-0.110,0.256,0.110,-0.110,-0.183,0.037,0.00,3.000
0.8800,settle,0.9,-0.9998,nan,-0.40740,-0.08521,-0.68661,0.57593,-0.07965,-0.97451,-0.50384,0.38889,-1.27327,0.42791,0.34447,-0.86607,0.0195,0.0195,-0.0586,0.1368,-0.1368,-0.0586,-0.0195,-0.0195,0.0195,-0.0195,-0.0195,-0.0195,-0.40740,-0.08521,-0.68661,0.57593,-0.07965,-0.97451,-0.50384,0.38889,-1.27327,0.42791,0.34447,-0.86607,0.110,0.183,0.183,0.183,-0.256,-0.110,-0.110,0.110,0.110,-0.183,-0.183,0.037,0.00,3.000
0.8850,settle,0.9,-0.9998,nan,-0.40740,-0.08521,-0.68661,0.57590,-0.07973,-0.97448,-0.50384,0.38889,-1.27327,0.42788,0.34444,-0.86607,0.0195,0.0195,-0.0586,-0.0977,-0.0195,-0.0977,0.0586,-0.0195,0.0977,0.0195,0.0977,-0.0195,-0.40740,-0.08521,-0.68661,0.57590,-0.07973,-0.97448,-0.50384,0.38889,-1.27327,0.42788,0.34444,-0.86607,0.183,0.183,0.183,0.037,-0.110,-0.183,-0.110,0.110,0.110,-0.110,-0.183,-0.256,0.00,3.000
0.8900,settle,0.8,-0.9998,nan,-0.40740,-0.08532,-0.68656,0.57604,-0.07973,-0.97448,-0.50392,0.38889,-1.27327,0.42788,0.34455,-0.86607,-0.0586,0.0195,-0.0586,0.0195,-0.0195,0.0586,-0.0195,0.0195,-0.0586,0.0195,-0.0195,-0.0195,-0.40740,-0.08532,-0.68656,0.57604,-0.07973,-0.97448,-0.50392,0.38889,-1.27327,0.42788,0.34455,-0.86607,0.110,0.183,0.183,0.183,-0.256,-0.110,-0.256,0.110,0.110,-0.110,-0.110,-0.256,0.00,3.000
0.8950,settle,0.8,-0.9998,nan,-0.40740,-0.08532,-0.68661,0.57604,-0.07973,-0.97451,-0.50384,0.38893,-1.27327,0.42788,0.34451,-0.86607,0.0195,0.0195,0.0195,0.0195,-0.0195,-0.0195,-0.0195,0.0195,0.0586,0.0195,-0.0977,-0.0195,-0.40740,-0.08532,-0.68661,0.57604,-0.07973,-0.97451,-0.50384,0.38893,-1.27327,0.42788,0.34451,-0.86607,0.110,0.110,0.110,0.256,-0.403,-0.110,-0.037,0.110,0.183,-0.110,-0.110,-0.110,0.00,3.000
0.9000,settle,0.8,-0.9998,nan,-0.40740,-0.08521,-0.68661,0.57604,-0.07965,-0.97451,-0.50384,0.38889,-1.27327,0.42788,0.34447,-0.86607,0.0195,0.0195,0.0195,0.1368,-0.0586,-0.0586,0.0586,-0.0195,0.0195,-0.0586,0.0195,-0.0586,-0.40740,-0.08521,-0.68661,0.57604,-0.07965,-0.97451,-0.50384,0.38889,-1.27327,0.42788,0.34447,-0.86607,0.110,0.183,0.110,0.183,-0.183,-0.110,-0.037,0.110,0.110,-0.037,-0.037,-0.110,0.00,3.000
0.9050,settle,0.8,-0.9998,nan,-0.40740,-0.08521,-0.68670,0.57604,-0.07969,-0.97448,-0.50384,0.38889,-1.27327,0.42788,0.34447,-0.86607,0.0195,-0.0977,0.0977,0.0195,0.0195,-0.0195,-0.0195,0.0195,0.0195,-0.0586,0.0195,-0.0586,-0.40740,-0.08521,-0.68670,0.57604,-0.07969,-0.97448,-0.50384,0.38889,-1.27327,0.42788,0.34447,-0.86607,0.110,0.037,0.183,0.037,-0.183,-0.183,-0.183,0.110,0.110,-0.037,-0.037,-0.110,0.00,3.000
0.9100,settle,0.7,-0.9998,nan,-0.40740,-0.08521,-0.68661,0.57604,-0.07962,-0.97451,-0.50399,0.38889,-1.27327,0.42791,0.34451,-0.86607,0.0195,0.0586,-0.0586,0.1758,0.0586,0.0195,-0.0195,-0.0977,0.0195,-0.0195,-0.0195,-0.0586,-0.40740,-0.08521,-0.68661,0.57604,-0.07962,-0.97451,-0.50399,0.38889,-1.27327,0.42791,0.34451,-0.86607,0.183,0.037,0.110,0.037,-0.110,-0.256,-0.110,0.110,0.110,-0.183,-0.183,-0.110,0.00,3.000
0.9150,settle,0.7,-0.9998,nan,-0.40740,-0.08521,-0.68661,0.57593,-0.07969,-0.97448,-0.50384,0.38889,-1.27327,0.42791,0.34447,-0.86607,0.0195,-0.0195,-0.0586,0.0195,0.0195,-0.0195,-0.0195,0.0977,0.0195,-0.0195,0.0977,-0.0586,-0.40740,-0.08521,-0.68661,0.57593,-0.07969,-0.97448,-0.50384,0.38889,-1.27327,0.42791,0.34447,-0.86607,0.183,0.110,0.110,0.110,-0.110,-0.110,-0.256,0.110,0.110,-0.183,-0.110,-0.110,0.00,3.000
0.9200,settle,0.7,-0.9998,nan,-0.40737,-0.08521,-0.68670,0.57604,-0.07965,-0.97448,-0.50392,0.38889,-1.27327,0.42791,0.34455,-0.86607,0.0195,0.0195,0.0195,0.1368,-0.0195,-0.0195,-0.0977,0.0586,0.0195,-0.0195,-0.0195,-0.0195,-0.40737,-0.08521,-0.68670,0.57604,-0.07965,-0.97448,-0.50392,0.38889,-1.27327,0.42791,0.34455,-0.86607,0.110,0.037,0.110,0.183,-0.256,-0.110,-0.256,0.110,0.183,-0.183,-0.183,-0.183,0.00,3.000
0.9250,settle,0.7,-0.9998,nan,-0.40740,-0.08521,-0.68661,0.57590,-0.07969,-0.97457,-0.50392,0.38889,-1.27318,0.42791,0.34455,-0.86607,-0.0586,0.0195,0.0195,0.0195,-0.0977,-0.0977,-0.0977,-0.0195,0.0195,0.0977,-0.0195,-0.0195,-0.40740,-0.08521,-0.68661,0.57590,-0.07969,-0.97457,-0.50392,0.38889,-1.27318,0.42791,0.34455,-0.86607,0.183,0.037,0.110,0.110,-0.037,-0.110,-0.110,0.110,0.110,-0.183,-0.037,-0.183,0.00,3.000
0.9300,settle,0.7,-0.9998,nan,-0.40740,-0.08521,-0.68661,0.57593,-0.07969,-0.97448,-0.50384,0.38889,-1.27327,0.42791,0.34455,-0.86607,0.0195,0.0195,0.0195,0.0195,-0.0586,0.0195,-0.0195,0.0195,0.0586,0.0195,-0.0977,0.0195,-0.40740,-0.08521,-0.68661,0.57593,-0.07969,-0.97448,-0.50384,0.38889,-1.27327,0.42791,0.34455,-0.86607,-0.037,0.110,0.110,0.183,-0.110,-0.183,-0.183,0.256,0.110,-0.037,-0.183,-0.256,0.00,3.000
0.9350,settle,0.7,-0.9998,nan,-0.40748,-0.08521,-0.68661,0.57604,-0.07973,-0.97451,-0.50384,0.38889,-1.27327,0.42788,0.34451,-0.86607,-0.0195,-0.0195,0.0195,0.0195,-0.1368,-0.0586,-0.0977,0.0586,0.0195,-0.0586,-0.0195,0.0195,-0.40748,-0.08521,-0.68661,0.57604,-0.07973,-0.97451,-0.50384,0.38889,-1.27327,0.42788,0.34451,-0.86607,0.110,0.183,0.110,0.183,-0.256,-0.256,-0.183,0.110,0.110,-0.183,-0.110,-0.256,0.00,3.000
0.9400,settle,0.6,-0.9998,nan,-0.40740,-0.08521,-0.68661,0.57590,-0.07962,-0.97448,-0.50392,0.38893,-1.27327,0.42788,0.34447,-0.86607,0.0977,0.0195,0.0195,0.0195,-0.0195,-0.0195,-0.0195,-0.0195,0.0195,0.0195,0.0195,0.0195,-0.40740,-0.08521,-0.68661,0.57590,-0.07962,-0.97448,-0.50392,0.38893,-1.27327,0.42788,0.34447,-0.86607,0.110,0.110,0.110,0.256,-0.110,-0.256,-0.037,0.183,0.110,-0.110,-0.037,-0.256,0.00,3.000
0.9450,settle,0.6,-0.9998,nan,-0.40740,-0.08517,-0.68661,0.57593,-0.07973,-0.97448,-0.50384,0.38889,-1.27327,0.42788,0.34447,-0.86607,0.1368,0.0195,0.0195,-0.0977,-0.0586,-0.0195,-0.0195,0.0195,-0.0586,0.0586,0.0977,-0.0195,-0.40740,-0.08517,-0.68661,0.57593,-0.07973,-0.97448,-0.50384,0.38889,-1.27327,0.42788,0.34447,-0.86607,0.183,0.110,0.110,0.037,-0.110,-0.110,-0.183,0.256,0.110,-0.183,-0.183,-0.037,0.00,3.000
0.9500,settle,0.6,-0.9998,nan,-0.40740,-0.08521,-0.68661,0.57593,-0.07973,-0.97448,-0.50392,0.38893,-1.27327,0.42788,0.34451,-0.86607,0.0977,0.0195,0.0195,0.1368,0.0195,-0.0195,-0.0977,0.0195,-0.0586,0.0586,0.0586,-0.0977,-0.40740,-0.08521,-0.68661,0.57593,-0.07973,-0.97448,-0.50392,0.38893,-1.27327,0.42788,0.34451,-0.86607,0.110,0.110,0.110,0.183,-0.037,-0.110,-0.110,0.037,0.110,-0.183,-0.183,-0.256,0.00,3.000
0.9550,settle,0.6,-0.9998,nan,-0.40740,-0.08521,-0.68661,0.57604,-0.07973,-0.97442,-0.50384,0.38889,-1.27327,0.42788,0.34447,-0.86607,0.0195,0.0586,0.0195,-0.0195,-0.0195,0.0195,-0.0195,0.0195,0.0586,0.0586,-0.0977,-0.0977,-0.40740,-0.08521,-0.68661,0.57604,-0.07973,-0.97442,-0.50384,0.38889,-1.27327,0.42788,0.34447,-0.86607,0.110,0.110,0.183,0.183,-0.110,-0.037,-0.110,0.110,0.110,-0.183,-0.183,-0.256,0.00,3.000
0.9600,settle,0.5,-0.9998,nan,-0.40740,-0.08532,-0.68670,0.57604,-0.07973,-0.97451,-0.50384,0.38889,-1.27327,0.42791,0.34447,-0.86607,-0.0586,0.0195,0.0195,0.0195,-0.0586,-0.0195,-0.0977,0.0195,-0.0195,-0.0195,0.0586,-0.0195,-0.40740,-0.08532,-0.68670,0.57604,-0.07973,-0.97451,-0.50384,0.38889,-1.27327,0.42791,0.34447,-0.86607,0.183,0.110,0.110,0.183,-0.037,-0.110,-0.037,0.110,0.110,-0.183,-0.183,-0.037,0.00,3.000
0.9650,settle,0.5,-0.9998,nan,-0.40740,-0.08521,-0.68661,0.57593,-0.07973,-0.97451,-0.50384,0.38889,-1.27327,0.42788,0.34444,-0.86607,0.0195,0.0195,0.0195,0.0195,-0.0195,0.0195,-0.0195,0.0586,-0.0586,0.0195,-0.0195,0.0195,-0.40740,-0.08521,-0.68661,0.57593,-0.07973,-0.97451,-0.50384,0.38889,-1.27327,0.42788,0.34444,-0.86607,0.110,0.110,0.183,0.037,-0.183,-0.110,-0.256,0.110,0.110,-0.110,-0.110,-0.256,0.00,3.000
0.9700,settle,0.5,-0.9998,nan,-0.40740,-0.08521,-0.68661,0.57593,-0.07969,-0.97442,-0.50384,0.38889,-1.27327,0.42788,0.34447,-0.86607,0.0586,0.0195,0.0195,0.0195,0.0195,-0.0195,0.0586,-0.0195,-0.0586,0.0195,-0.0586,-0.0195,-0.40740,-0.08521,-0.68661,0.57593,-0.07969,-0.97442,-0.50384,0.38889,-1.27327,0.42788,0.34447,-0.86607,0.110,0.037,0.183,0.183,-0.037,-0.110,-0.110,0.110,0.110,-0.110,-0.183,-0.256,0.00,3.000
0.9750,settle,0.5,-0.9998,nan,-0.40740,-0.08521,-0.68661,0.57604,-0.07969,-0.97448,-0.50392,0.38893,-1.27327,0.42791,0.34455,-0.86609,0.0195,0.0195,0.0977,0.1368,0.0977,-0.0195,0.0586,0.0195,0.0195,-0.0195,-0.0586,-0.0195,-0.40740,-0.08521,-0.68661,0.57604,-0.07969,-0.97448,-0.50392,0.38893,-1.27327,0.42791,0.34455,-0.86609,0.183,0.110,0.110,0.037,-0.110,-0.110,-0.183,0.183,0.110,-0.183,-0.037,-0.110,0.00,3.000
0.9800,settle,0.4,-0.9998,nan,-0.40740,-0.08521,-0.68670,0.57604,-0.07969,-0.97448,-0.50384,0.38889,-1.27327,0.42791,0.34444,-0.86607,-0.0195,0.0195,-0.0586,0.0195,-0.0195,-0.0195,-0.0195,0.0586,0.0195,-0.0195,-0.0586,-0.0195,-0.40740,-0.08521,-0.68670,0.57604,-0.07969,-0.97448,-0.50384,0.38889,-1.27327,0.42791,0.34444,-0.86607,0.037,0.183,0.110,0.183,-0.256,-0.110,-0.110,0.037,0.183,-0.183,-0.037,0.037,0.00,3.000
0.9850,settle,0.4,-0.9998,nan,-0.40740,-0.08514,-0.68661,0.57604,-0.07973,-0.97448,-0.50392,0.38889,-1.27318,0.42788,0.34455,-0.86607,0.0195,0.0195,0.0195,0.0195,-0.0195,-0.0195,-0.0195,0.0195,0.0195,-0.0195,0.0195,-0.0586,-0.40740,-0.08514,-0.68661,0.57604,-0.07973,-0.97448,-0.50392,0.38889,-1.27318,0.42788,0.34455,-0.86607,0.183,0.110,0.183,0.037,-0.110,-0.037,-0.037,0.037,0.110,-0.110,-0.037,0.037,0.00,3.000
0.9900,settle,0.4,-0.9998,nan,-0.40733,-0.08517,-0.68661,0.57593,-0.07969,-0.97448,-0.50399,0.38889,-1.27327,0.42788,0.34447,-0.86607,0.0195,0.0195,0.0195,0.0195,-0.0586,0.0195,-0.0195,0.0195,-0.0195,-0.0195,-0.0586,-0.0195,-0.40733,-0.08517,-0.68661,0.57593,-0.07969,-0.97448,-0.50399,0.38889,-1.27327,0.42788,0.34447,-0.86607,0.183,0.037,0.110,0.110,-0.037,-0.183,-0.256,0.183,0.183,-0.110,-0.183,-0.037,0.00,3.000
0.9950,settle,0.4,-0.9998,nan,-0.40740,-0.08517,-0.68661,0.57604,-0.07969,-0.97451,-0.50384,0.38889,-1.27327,0.42788,0.34447,-0.86601,0.0977,0.0195,0.0195,0.0195,-0.0586,-0.0195,-0.0195,0.0586,0.0977,-0.0586,-0.0195,-0.0195,-0.40740,-0.08517,-0.68661,0.57604,-0.07969,-0.97451,-0.50384,0.38889,-1.27327,0.42788,0.34447,-0.86601,0.183,0.037,0.110,0.256,-0.183,-0.110,-0.037,0.110,0.110,-0.110,-0.110,-0.256,0.00,3.000
1.0000,ramp,0.4,-0.9998,nan,-0.40737,-0.08532,-0.68670,0.57604,-0.07973,-0.97448,-0.50384,0.38889,-1.27329,0.42791,0.34447,-0.86607,0.0586,0.0195,0.0977,0.0195,-0.0195,0.0195,-0.0195,0.0195,-0.0977,-0.0195,-0.0586,-0.0195,-0.40737,-0.08532,-0.68670,0.57604,-0.07973,-0.97448,-0.50384,0.38889,-1.27329,0.42791,0.34447,-0.86607,0.183,0.183,0.183,0.110,-0.256,-0.183,-0.110,0.256,0.183,-0.110,-0.037,-0.037,30.00,1.200
1.0050,ramp,0.4,-0.9998,nan,-0.40740,-0.08521,-0.68670,0.57604,-0.07973,-0.97448,-0.50392,0.38889,-1.27327,0.42791,0.34447,-0.86607,0.0195,-0.0586,-0.0586,0.0195,0.0195,-0.0977,0.0586,0.0195,0.0195,-0.1368,-0.0195,-0.0195,-0.40737,-0.08530,-0.68670,0.57604,-0.07971,-0.97448,-0.50384,0.38890,-1.27329,0.42791,0.34449,-0.86607,0.183,0.110,0.037,0.256,-0.256,-0.110,-0.037,0.256,0.110,-0.037,-0.037,-0.256,30.00,1.200
1.0100,ramp,0.3,-0.9998,nan,-0.40740,-0.08521,-0.68661,0.57593,-0.07969,-0.97457,-0.50384,0.38878,-1.27327,0.42791,0.34447,-0.86607,0.0195,0.0195,-0.0586,-0.0977,-0.0977,-0.0586,-0.0195,0.0195,0.0977,0.0195,0.0586,-0.0195,-0.40737,-0.08526,-0.68670,0.57604,-0.07967,-0.97448,-0.50384,0.38895,-1.27329,0.42791,0.34453,-0.86607,0.110,0.110,0.110,0.183,-0.183,-0.110,-0.110,0.110,0.037,-0.110,-0.110,-0.183,30.00,1.200
1.0150,ramp,0.3,-0.9998,nan,-0.40740,-0.08532,-0.68661,0.57590,-0.07962,-0.97451,-0.50384,0.38889,-1.27318,0.42791,0.34447,-0.86607,0.0586,0.0195,0.0195,0.0195,-0.0586,-0.0195,-0.0195,0.0586,-0.0586,-0.0586,0.0586,-0.0195,-0.40737,-0.08519,-0.68670,0.57604,-0.07960,-0.97448,-0.50384,0.38902,-1.27329,0.42791,0.34460,-0.86607,0.110,0.110,0.183,0.110,-0.037,-0.110,-0.183,0.110,0.110,-0.183,-0.110,-0.037,30.00,1.200
1.0200,ramp,0.3,-0.9998,nan,-0.40740,-0.08532,-0.68670,0.57590,-0.07969,-0.97448,-0.50384,0.38882,-1.27327,0.42799,0.34455,-0.86607,0.0586,0.0195,0.0195,-0.0195,-0.0977,0.0195,-0.0195,-0.0195,0.0195,0.0586,0.0195,-0.0195,-0.40737,-0.08509,-0.68670,0.57604,-0.07950,-0.97448,-0.50384,0.38912,-1.27329,0.42791,0.34470,-0.86607,0.037,0.037,0.183,0.110,-0.183,-0.110,-0.110,0.110,0.110,-0.110,-0.110,-0.110,30.00,1.200
1.0250,ramp,0.3,-0.9998,nan,-0.40748,-0.08532,-0.68661,0.57593,-0.07973,-0.97448,-0.50384,0.38893,-1.27327,0.42788,0.34447,-0.86607,0.0195,0.0195,-0.0586,0.0195,-0.0977,0.0195,-0.0195,0.0195,-0.0195,-0.0586,0.0195,0.0195,-0.40737,-0.08497,-0.68670,0.57604,-0.07937,-0.97448,-0.50384,0.38924,-1.27329,0.42791,0.34482,-0.86607,0.037,0.110,0.110,0.110,-0.037,-0.110,-0.037,0.110,0.110,-0.110,-0.110,-0.037,30.00,1.200
1.0300,ramp,0.2,-0.9998,nan,-0.40740,-0.08521,-0.68661,0.57593,-0.07962,-0.97451,-0.50384,0.38889,-1.27327,0.42791,0.34455,-0.86607,0.0977,-0.0977,0.0195,0.0195,-0.0195,-0.0195,-0.0195,0.0586,-0.0977,-0.0195,0.0586,0.0586,-0.40737,-0.08481,-0.68670,0.57604,-0.07922,-0.97448,-0.50384,0.38940,-1.27329,0.42791,0.34498,-0.86607,0.037,0.037,0.110,0.037,-0.110,-0.110,-0.110,0.110,0.110,-0.037,-0.037,-0.110,30.00,1.200
1.0350,ramp,0.2,-0.9998,nan,-0.40748,-0.08532,-0.68670,0.57593,-0.07962,-0.97448,-0.50384,0.38893,-1.27327,0.42791,0.34455,-0.86598,0.0195,0.0195,0.0195,-0.0195,0.0586,-0.0195,-0.0195,0.0195,0.0586,-0.0195,-0.0977,-0.0586,-0.40737,-0.08463,-0.68670,0.57604,-0.07904,-0.97448,-0.50384,0.38958,-1.27329,0.42791,0.34516,-0.86607,0.037,0.110,0.110,0.110,-0.037,-0.110,-0.183,0.110,0.037,-0.110,-0.037,-0.037,30.00,1.200
1.0400,ramp,0.2,-0.9998,nan,-0.40740,-0.08532,-0.68661,0.57593,-0.07962,-0.97448,-0.50384,0.38893,-1.27327,0.42791,0.34455,-0.86609,0.0977,0.0586,0.0977,-0.0977,0.0195,-0.0195,-0.0195,0.0195,-0.0195,0.0586,-0.0195,-0.0195,-0.40737,-0.08442,-0.68670,0.57604,-0.07883,-0.97448,-0.50384,0.38979,-1.27329,0.42791,0.34537,-0.86607,0.110,0.110,0.110,0.037,-0.037,-0.110,-0.110,0.110,0.110,-0.110,-0.110,-0.110,30.00,1.200
1.0450,ramp,0.2,-0.9998,nan,-0.40748,-0.08521,-0.68661,0.57593,-0.07965,-0.97448,-0.50384,0.38889,-1.27318,0.42791,0.34455,-0.86598,0.0195,0.0195,0.0195,0.1368,-0.0195,-0.0195,-0.0195,0.0195,0.0586,-0.0195,-0.0195,-0.0195,-0.40737,-0.08418,-0.68670,0.57604,-0.07859,-0.97448,-0.50384,0.39002,-1.27329,0.42791,0.34560,-0.86607,0.110,0.110,0.110,0.037,-0.037,-0.110,-0.037,0.110,0.110,-0.110,-0.037,-0.037,30.00,1.200
1.0500,ramp,0.2,-0.9998,nan,-0.40740,-0.08532,-0.68670,0.57593,-0.07962,-0.97459,-0.50384,0.38889,-1.27329,0.42791,0.34447,-0.86607,0.0195,-0.0977,0.0195,0.0195,-0.0195,-0.0195,-0.0195,0.1368,0.0195,-0.0977,-0.0195,0.0195,-0.40737,-0.08392,-0.68670,0.57604,-0.07833,-0.97448,-0.50384,0.39029,-1.27329,0.42791,0.34587,-0.86607,0.037,0.110,0.110,0.110,-0.037,-0.110,-0.037,0.183,0.110,-0.110,-0.037,-0.110,30.00,1.200
1.0550,ramp,0.1,-0.9998,nan,-0.40740,-0.08521,-0.68670,0.57593,-0.07962,-0.97442,-0.50384,0.38893,-1.27327,0.42791,0.34451,-0.86607,0.0195,0.0195,0.0195,0.0586,-0.0195,-0.0195,-0.0195,0.0586,0.0195,-0.0195,-0.0586,-0.0195,-0.40737,-0.08363,-0.68670,0.57604,-0.07804,-0.97448,-0.50384,0.39057,-1.27329,0.42791,0.34616,-0.86607,0.183,0.110,0.110,0.110,-0.037,-0.037,-0.110,0.110,0.110,-0.037,-0.037,-0.037,30.00,1.200
1.0600,ramp,0.1,-0.9998,nan,-0.40740,-0.08535,-0.68661,0.57593,-0.07962,-0.97448,-0.50384,0.38889,-1.27327,0.42799,0.34455,-0.86607,0.0977,0.1368,0.0977,0.0195,0.0195,0.0195,-0.0195,-0.0195,-0.0586,-0.0195,-0.0195,0.0586,-0.40737,-0.08332,-0.68670,0.57604,-0.07773,-0.97448,-0.50384,0.39089,-1.27329,0.42791,0.34647,-0.86607,0.037,0.183,0.110,0.110,-0.037,-0.110,-0.037,0.110,0.110,-0.110,-0.037,-0.110,30.00,1.200
1.0650,ramp,0.1,-0.9998,nan,-0.40740,-0.08521,-0.68661,0.57590,-0.07954,-0.97448,-0.50377,0.38889,-1.27327,0.42791,0.34455,-0.86607,0.0195,0.1368,0.0586,0.0195,-0.0195,0.0195,-0.0195,0.0586,0.0195,-0.0195,-0.0195,-0.0195,-0.40737,-0.08298,-0.68670,0.57604,-0.07739,-0.97448,-0.50384,0.39123,-1.27329,0.42791,0.34681,-0.86607,0.037,0.110,0.037,0.110,-0.037,-0.110,-0.037,0.183,0.110,-0.037,-0.037,0.037,30.00,1.200
1.0700,ramp,0.1,-0.9998,nan,-0.40748,-0.08521,-0.68670,0.57593,-0.07962,-0.97457,-0.50384,0.38893,-1.27327,0.42791,0.34455,-0.86607,0.0586,0.0195,0.0977,0.0195,-0.0195,-0.0195,-0.0195,-0.0977,0.0195,-0.0195,-0.0586,-0.0195,-0.40737,-0.08262,-0.68670,0.57604,-0.07703,-0.97448,-0.50384,0.39159,-1.27329,0.42791,0.34717,-0.86607,0.183,0.110,0.037,0.037,-0.110,-0.110,-0.037,0.110,0.110,-0.037,-0.037,-0.110,30.00,1.200
1.0750,ramp,0.1,-0.9998,nan,-0.40740,-0.08517,-0.68661,0.57590,-0.07954,-0.97448,-0.50384,0.38889,-1.27327,0.42788,0.34455,-0.86607,0.0195,0.0195,0.0195,0.0195,0.0195,-0.0586,-0.0195,-0.0195,-0.0195,0.0977,0.0195,-0.0195,-0.40737,-0.08223,-0.68670,0.57604,-0.07664,-0.97448,-0.50384,0.39198,-1.27329,0.42791,0.34756,-0.86607,0.037,0.183,0.110,0.183,-0.037,-0.110,-0.110,0.110,0.110,-0.110,-0.037,-0.110,30.00,1.200
1.0800,ramp,0.0,-0.9998,nan,-0.40748,-0.08521,-0.68670,0.57590,-0.07954,-0.97448,-0.50384,0.38900,-1.27327,0.42788,0.34458,-0.86607,0.0977,0.0195,0.0195,0.0195,-0.0195,0.0195,-0.0195,0.0195,0.0195,-0.0195,-0.0586,-0.0586,-0.40737,-0.08182,-0.68670,0.57604,-0.07623,-0.97448,-0.50384,0.39239,-1.27329,0.42791,0.34797,-0.86607,0.037,0.183,0.110,0.110,-0.037,-0.110,-0.110,0.110,0.110,-0.110,-0.037,0.037,30.00,1.200
1.0850,ramp,0.1,-0.9998,nan,-0.40740,-0.08510,-0.68661,0.57590,-0.07951,-0.97451,-0.50384,0.38893,-1.27327,0.42791,0.34458,-0.86601,0.0195,0.0195,0.0195,0.0195,0.0586,-0.0195,-0.0195,0.1368,0.0195,-0.0977,0.0195,-0.0195,-0.40737,-0.08139,-0.68670,0.57604,-0.07580,-0.97448,-0.50384,0.39282,-1.27329,0.42791,0.34840,-0.86607,0.037,0.183,0.110,0.110,-0.037,-0.110,-0.110,0.110,0.037,-0.037,-0.037,-0.110,30.00,1.200
1.0900,ramp,1.0,-0.9998,nan,-0.40740,-0.08510,-0.68661,0.57590,-0.07951,-0.97451,-0.50384,0.38889,-1.27327,0.42799,0.34465,-0.86601,-0.0586,0.0195,0.0195,0.0195,-0.0195,-0.0195,-0.0195,-0.0977,0.1368,0.0586,0.0586,-0.0195,-0.40737,-0.08093,-0.68670,0.57604,-0.07534,-0.97448,-0.50384,0.39328,-1.27329,0.42791,0.34886,-0.86607,0.110,0.183,0.110,0.110,-0.037,-0.110,-0.110,0.110,0.110,-0.037,-0.037,-0.110,30.00,1.200
1.0950,ramp,1.0,-0.9998,nan,-0.40740,-0.08510,-0.68670,0.57590,-0.07940,-0.97448,-0.50384,0.38893,-1.27327,0.42799,0.34462,-0.86601,0.0195,0.0586,0.0195,0.0586,0.0195,0.0586,0.0586,0.1368,0.0586,-0.0977,-0.0195,-0.0195,-0.40737,-0.08046,-0.68670,0.57604,-0.07486,-0.97448,-0.50384,0.39375,-1.27329,0.42791,0.34933,-0.86607,0.037,0.256,0.110,0.110,-0.037,-0.110,-0.183,0.183,0.183,-0.037,-0.037,-0.110,30.00,1.200
1.1000,ramp,1.0,-0.9998,nan,-0.40740,-0.08510,-0.68670,0.57590,-0.07932,-0.97448,-0.50384,0.38900,-1.27318,0.42799,0.34473,-0.86607,0.0195,0.0195,0.0977,0.0195,-0.0977,-0.0586,-0.0977,0.0586,0.0195,-0.0977,-0.0195,-0.0195,-0.40737,-0.07996,-0.68670,0.57604,-0.07437,-0.97448,-0.50384,0.39425,-1.27329,0.42791,0.34983,-0.86607,0.037,0.330,0.110,0.110,0.037,-0.110,-0.110,0.183,0.110,-0.037,0.037,-0.110,30.00,1.200
1.1050,ramp,0.9,-0.9998,nan,-0.40737,-0.08510,-0.68670,0.57593,-0.07925,-0.97448,-0.50384,0.38889,-1.27327,0.42799,0.34473,-0.86607,0.0586,-0.1368,0.0195,0.0195,-0.0977,-0.0195,-0.0195,0.0586,0.0195,-0.0977,0.0586,-0.0195,-0.40737,-0.07944,-0.68670,0.57604,-0.07385,-0.97448,-0.50384,0.39476,-1.27329,0.42791,0.35035,-0.86607,0.110,0.183,0.110,0.037,-0.037,-0.110,-0.110,0.256,0.110,-0.037,-0.037,-0.110,30.00,1.200
1.1100,ramp,0.9,-0.9998,nan,-0.40748,-0.08510,-0.68670,0.57593,-0.07925,-0.97448,-0.50384,0.38900,-1.27327,0.42799,0.34473,-0.86607,0.0195,0.0195,0.0977,0.1368,0.0195,-0.0586,-0.0977,0.0195,0.0977,-0.0195,-0.0195,-0.0195,-0.40737,-0.07891,-0.68670,0.57604,-0.07332,-0.97448,-0.50384,0.39530,-1.27329,0.42791,0.35088,-0.86607,0.037,0.183,0.110,0.110,0.037,-0.110,-0.037,0.183,0.110,-0.037,0.037,-0.110,30.00,1.200
1.1150,ramp,0.9,-0.9998,nan,-0.40740,-0.08488,-0.68661,0.57593,-0.07914,-0.97448,-0.50384,0.38900,-1.27327,0.42799,0.34473,-0.86607,-0.0586,-0.0195,0.0195,0.0586,-0.0586,-0.0195,-0.0195,0.0977,0.0195,-0.0195,-0.0977,0.0195,-0.40737,-0.07836,-0.68670,0.57604,-0.07276,-0.97448,-0.50384,0.39585,-1.27329,0.42791,0.35143,-0.86607,0.037,0.183,0.037,0.037,0.037,-0.110,-0.037,0.256,0.110,-0.110,0.037,-0.256,30.00,1.200
1.1200,ramp,0.9,-0.9998,nan,-0.40740,-0.08488,-0.68661,0.57593,-0.07903,-0.97448,-0.50384,0.38900,-1.27327,0.42799,0.34480,-0.86607,0.0195,0.0195,0.0195,0.0195,-0.0195,-0.0195,-0.0195,0.0195,0.0195,-0.0195,-0.0195,0.0195,-0.40737,-0.07779,-0.68670,0.57604,-0.07219,-0.97448,-0.50384,0.39642,-1.27329,0.42791,0.35200,-0.86607,0.037,0.256,0.110,0.110,-0.037,-0.110,-0.183,0.256,0.110,-0.110,0.110,-0.256,30.00,1.200
1.1250,ramp,0.9,-0.9998,nan,-0.40737,-0.08481,-0.68661,0.57590,-0.07885,-0.97448,-0.50384,0.38900,-1.27327,0.42799,0.34484,-0.86612,0.0195,-0.0586,0.0195,0.0195,-0.0195,-0.0586,-0.0195,0.0195,0.0195,-0.0195,-0.0195,-0.0195,-0.40737,-0.07720,-0.68670,0.57604,-0.07161,-0.97448,-0.50384,0.39701,-1.27329,0.42791,0.35259,-0.86607,0.037,0.256,0.037,0.110,0.037,-0.110,-0.037,0.256,0.110,-0.110,0.037,-0.037,30.00,1.200
1.1300,ramp,0.8,-0.9998,nan,-0.40740,-0.08473,-0.68661,0.57590,-0.07874,-0.97451,-0.50384,0.38911,-1.27327,0.42799,0.34484,-0.86607,0.0195,0.0977,0.0195,0.0195,0.0586,-0.0195,-0.0195,0.1368,0.0195,-0.0195,0.0586,-0.0195,-0.40737,-0.07660,-0.68670,0.57604,-0.07101,-0.97448,-0.50384,0.39761,-1.27329,0.42791,0.35319,-0.86607,0.110,0.256,0.037,0.110,0.037,-0.183,-0.037,0.256,0.110,-0.110,0.037,-0.110,30.00,1.200
1.1350,ramp,0.8,-0.9998,nan,-0.40740,-0.08473,-0.68661,0.57590,-0.07837,-0.97448,-0.50384,0.38911,-1.27327,0.42799,0.34502,-0.86607,0.0977,0.0195,0.0195,0.0195,0.0195,-0.0195,-0.0195,0.0977,0.0586,-0.0195,0.0195,-0.0195,-0.40737,-0.07598,-0.68670,0.57604,-0.07039,-0.97448,-0.50384,0.39822,-1.27329,0.42791,0.35381,-0.86607,0.037,0.183,0.110,0.110,-0.037,-0.110,-0.037,0.256,0.110,-0.110,0.037,-0.110,30.00,1.200
1.1400,ramp,0.8,-0.9998,nan,-0.40740,-0.08459,-0.68661,0.57593,-0.07812,-0.97448,-0.50384,0.38911,-1.27327,0.42791,0.34506,-0.86607,0.0195,0.0195,-0.0195,-0.0195,0.2149,0.0195,0.0586,0.0977,0.0586,-0.0195,-0.0195,-0.0195,-0.40737,-0.07536,-0.68670,0.57604,-0.06976,-0.97448,-0.50384,0.39885,-1.27329,0.42791,0.35443,-0.86607,0.110,0.330,0.110,0.110,0.037,-0.110,-0.110,0.256,0.037,-0.110,0.110,-0.110,30.00,1.200
1.1450,ramp,0.8,-0.9998,nan,-0.40740,-0.08466,-0.68661,0.57582,-0.07801,-0.97448,-0.50384,0.38922,-1.27327,0.42799,0.34509,-0.86607,0.0195,0.0195,-0.0195,-0.0195,-0.0195,-0.0195,-0.0977,0.1368,0.0195,-0.0586,-0.0977,-0.0195,-0.40737,-0.07472,-0.68670,0.57604,-0.06912,-0.97448,-0.50384,0.39949,-1.27329,0.42791,0.35507,-0.86607,0.110,0.256,0.110,0.037,0.037,-0.110,-0.110,0.330,0.110,-0.037,0.037,-0.110,30.00,1.200
1.1500,ramp,0.7,-0.9998,nan,-0.40740,-0.08459,-0.68661,0.57586,-0.07742,-0.97448,-0.50384,0.38944,-1.27327,0.42799,0.34517,-0.86607,0.0195,0.0977,0.0195,0.0195,0.0586,0.0586,-0.0195,0.0586,0.0195,-0.0195,-0.0195,-0.0195,-0.40737,-0.07407,-0.68670,0.57604,-0.06847,-0.97448,-0.50384,0.40014,-1.27329,0.42791,0.35572,-0.86607,0.110,0.256,0.110,0.110,0.037,-0.110,-0.110,0.330,0.110,-0.110,0.110,-0.110,30.00,1.200
1.1550,ramp,0.7,-0.9998,nan,-0.40740,-0.08451,-0.68661,0.57593,-0.07684,-0.97448,-0.50384,0.38955,-1.27327,0.42799,0.34524,-0.86609,-0.0195,0.0195,0.0195,0.0195,0.1368,-0.0586,-0.0195,0.1368,0.0586,-0.0195,0.0586,0.0195,-0.40737,-0.07341,-0.68670,0.57604,-0.06781,-0.97448,-0.50384,0.40080,-1.27329,0.42791,0.35638,-0.86607,0.110,0.403,0.110,0.110,0.037,-0.110,-0.110,0.330,0.037,-0.110,0.110,-0.256,30.00,1.200
1.1600,ramp,0.7,-0.9998,nan,-0.40740,-0.08440,-0.68661,0.57590,-0.07647,-0.97451,-0.50384,0.38955,-1.27327,0.42799,0.34546,-0.86609,0.0195,0.0195,0.0195,0.0195,-0.0195,-0.0195,-0.0195,0.0195,0.0586,-0.0195,0.0977,0.0195,-0.40737,-0.07274,-0.68670,0.57604,-0.06715,-0.97448,-0.50384,0.40147,-1.27329,0.42791,0.35705,-0.86607,0.110,0.330,0.110,0.110,0.037,-0.110,-0.110,0.330,0.037,-0.110,0.110,-0.256,30.00,1.200
1.1650,ramp,0.7,-0.9998,nan,-0.40740,-0.08440,-0.68661,0.57590,-0.07614,-0.97448,-0.50384,0.38977,-1.27327,0.42799,0.34553,-0.86609,0.0195,0.0586,0.0195,0.0195,0.0586,-0.0195,-0.0195,0.0195,0.0586,-0.0195,0.0195,0.0195,-0.40737,-0.07206,-0.68670,0.57604,-0.06647,-0.97448,-0.50384,0.40215,-1.27329,0.42791,0.35773,-0.86607,0.110,0.330,0.110,0.110,0.037,-0.110,-0.037,0.403,0.037,-0.110,0.183,-0.256,30.00,1.200
1.1700,ramp,0.7,-0.9998,nan,-0.40737,-0.08429,-0.68670,0.57586,-0.07545,-0.97448,-0.50384,0.38984,-1.27327,0.42799,0.34572,-0.86609,0.0195,-0.0977,-0.0586,0.0195,0.1368,-0.0195,-0.0977,-0.0977,0.0586,-0.0195,0.0586,0.0195,-0.40737,-0.07138,-0.68670,0.57604,-0.06579,-0.97448,-0.50384,0.40283,-1.27329,0.42791,0.35841,-0.86607,0.183,0.256,0.110,0.110,0.037,-0.110,-0.110,0.403,0.037,-0.110,0.110,-0.256,30.00,1.200
1.1750,ramp,0.7,-0.9998,nan,-0.40748,-0.08418,-0.68670,0.57593,-0.07497,-0.97448,-0.50384,0.38995,-1.27327,0.42799,0.34593,-0.86609,0.0977,0.0195,-0.0586,0.0586,0.0586,-0.0586,-0.0195,0.1368,0.0586,-0.0195,0.1368,0.0195,-0.40737,-0.07069,-0.68670,0.57604,-0.06510,-0.97448,-0.50384,0.40352,-1.27329,0.42791,0.35910,-0.86607,0.037,0.476,0.110,0.110,0.037,-0.110,-0.183,0.403,0.037,-0.110,0.183,-0.256,30.00,1.200
1.1800,ramp,0.6,-0.9998,nan,-0.40740,-0.08407,-0.68661,0.57593,-0.07439,-0.97448,-0.50384,0.39028,-1.27327,0.42795,0.34612,-0.86609,0.0195,-0.0586,0.0977,-0.0195,0.0586,0.0195,-0.0195,0.0195,0.0195,-0.0195,-0.0195,0.0195,-0.40737,-0.07000,-0.68670,0.57604,-0.06441,-0.97448,-0.50384,0.40421,-1.27329,0.42791,0.35979,-0.86607,0.037,0.476,0.110,0.110,-0.037,-0.110,-0.037,0.403,0.037,-0.110,0.183,-0.256,30.00,1.200
1.1850,ramp,0.6,-0.9998,nan,-0.40740,-0.08404,-0.68670,0.57590,-0.07362,-0.97448,-0.50384,0.39064,-1.27327,0.42799,0.34641,-0.86607,0.0195,0.0195,0.0195,0.0195,0.0977,0.0195,-0.0195,0.0195,0.0977,-0.0195,0.0977,0.1368,-0.40737,-0.06931,-0.68670,0.57604,-0.06371,-0.97448,-0.50384,0.40490,-1.27329,0.42791,0.36048,-0.86607,0.110,0.476,0.110,0.110,-0.037,-0.110,-0.037,0.403,0.110,-0.183,0.183,-0.110,30.00,1.200
1.1900,ramp,0.6,-0.9998,nan,-0.40740,-0.08389,-0.68661,0.57590,-0.07304,-0.97448,-0.50384,0.39068,-1.27327,0.42799,0.34681,-0.86607,0.0195,0.0195,0.0195,0.0195,0.0586,-0.0977,0.0586,0.0977,0.0195,-0.0195,0.0586,0.1368,-0.40737,-0.06861,-0.68670,0.57604,-0.06302,-0.97448,-0.50384,0.40560,-1.27329,0.42791,0.36118,-0.86607,0.110,0.476,0.110,0.110,0.037,-0.110,-0.110,0.403,0.110,-0.110,0.183,-0.110,30.00,1.200
1.1950,ramp,0.6,-0.9998,nan,-0.40740,-0.08382,-0.68656,0.57593,-0.07252,-0.97442,-0.50377,0.39094,-1.27327,0.42799,0.34692,-0.86607,0.0195,0.0195,0.0195,-0.0195,0.0977,-0.0195,-0.0195,0.1368,0.0195,-0.0195,0.1368,-0.0977,-0.40737,-0.06792,-0.68670,0.57604,-0.06232,-0.97448,-0.50384,0.40629,-1.27329,0.42791,0.36187,-0.86607,0.037,0.476,0.183,0.037,0.037,-0.110,-0.037,0.476,0.110,-0.110,0.256,-0.256,30.00,1.200
1.2000,ramp,0.6,-0.9998,nan,-0.40740,-0.08356,-0.68667,0.57593,-0.07172,-0.97448,-0.50384,0.39134,-1.27327,0.42799,0.34743,-0.86607,0.0195,0.1368,0.0195,-0.0195,0.0977,-0.0195,0.0586,0.1368,0.0195,-0.0195,0.1368,-0.0977,-0.40737,-0.06722,-0.68670,0.57604,-0.06163,-0.97448,-0.50384,0.40699,-1.27329,0.42791,0.36257,-0.86607,0.037,0.549,0.037,0.110,0.037,-0.110,-0.110,0.403,0.110,-0.110,0.183,-0.256,30.00,1.200
1.2050,ramp,0.5,-0.9998,nan,-0.40737,-0.08334,-0.68661,0.57590,-0.07139,-0.97448,-0.50384,0.39156,-1.27327,0.42799,0.34773,-0.86607,0.0195,0.0586,0.0195,0.0586,0.0195,0.0195,-0.0195,0.1368,0.0586,-0.0195,0.0977,-0.0977,-0.40737,-0.06653,-0.68670,0.57604,-0.06094,-0.97448,-0.50384,0.40768,-1.27329,0.42791,0.36326,-0.86607,0.037,0.476,0.110,0.037,-0.037,-0.110,-0.037,0.476,0.110,-0.110,0.183,-0.037,30.00,1.200
1.2100,ramp,0.5,-0.9998,nan,-0.40740,-0.08312,-0.68670,0.57582,-0.07084,-0.97442,-0.50384,0.39189,-1.27327,0.42799,0.34813,-0.86607,0.0195,-0.0195,0.0195,0.0195,0.1758,-0.0586,-0.0195,0.1758,0.0195,0.0586,0.0586,-0.0195,-0.40737,-0.06584,-0.68670,0.57604,-0.06025,-0.97448,-0.50384,0.40837,-1.27329,0.42791,0.36395,-0.86607,0.110,0.549,0.183,0.037,0.037,-0.110,-0.037,0.476,0.110,-0.037,0.256,-0.110,30.00,1.200
1.2150,ramp,0.5,-0.9998,nan,-0.40740,-0.08291,-0.68661,0.57593,-0.07029,-0.97442,-0.50384,0.39247,-1.27327,0.42799,0.34846,-0.86607,0.0195,0.0977,-0.0586,0.0977,0.0586,0.0195,-0.0195,0.0977,0.0586,0.0195,0.1758,-0.0195,-0.40737,-0.06516,-0.68670,0.57604,-0.05957,-0.97448,-0.50384,0.40905,-1.27329,0.42791,0.36463,-0.86607,0.037,0.476,0.110,0.110,0.110,-0.110,-0.110,0.403,0.110,-0.110,0.256,-0.256,30.00,1.200
1.2200,ramp,0.5,-0.9998,nan,-0.40740,-0.08269,-0.68670,0.57590,-0.07000,-0.97451,-0.50392,0.39280,-1.27329,0.42802,0.34875,-0.86607,0.0195,0.0195,0.0195,-0.0195,0.0586,-0.0195,-0.0195,0.0195,0.0586,-0.0195,-0.0195,-0.0195,-0.40737,-0.06448,-0.68670,0.57604,-0.05889,-0.97448,-0.50384,0.40973,-1.27329,0.42791,0.36531,-0.86607,0.037,0.476,0.110,0.110,0.037,-0.110,-0.110,0.476,0.037,-0.183,0.183,-0.183,30.00,1.200
1.2250,ramp,0.5,-0.9998,nan,-0.40740,-0.08250,-0.68661,0.57593,-0.06927,-0.97448,-0.50392,0.39291,-1.27332,0.42802,0.34908,-0.86607,0.0195,0.0195,0.0195,0.0977,0.0586,-0.0586,-0.0195,0.0195,-0.0195,-0.0195,0.0586,-0.0195,-0.40737,-0.06381,-0.68670,0.57604,-0.05822,-0.97448,-0.50384,0.41040,-1.27329,0.42791,0.36598,-0.86607,0.110,0.549,0.037,0.183,0.037,-0.183,-0.037,0.403,0.037,-0.110,0.330,-0.256,30.00,1.200
1.2300,ramp,0.4,-0.9998,nan,-0.40740,-0.08221,-0.68661,0.57593,-0.06861,-0.97448,-0.50392,0.39342,-1.27327,0.42809,0.34955,-0.86607,0.0977,0.0195,-0.0195,0.0195,0.0977,-0.0586,-0.0195,0.1758,0.0195,-0.0586,-0.0195,-0.0195,-0.40737,-0.06315,-0.68670,0.57604,-0.05756,-0.97448,-0.50384,0.41106,-1.27329,0.42791,0.36664,-0.86607,0.110,0.549,0.037,0.110,0.110,-0.110,-0.037,0.476,0.110,-0.037,0.256,-0.037,30.00,1.200
1.2350,ramp,0.4,-0.9998,nan,-0.40740,-0.08188,-0.68661,0.57590,-0.06843,-0.97445,-0.50384,0.39404,-1.27327,0.42821,0.35007,-0.86607,0.0195,0.0977,0.0195,0.1368,-0.0195,-0.0195,-0.1758,0.0977,0.0195,-0.1368,0.0586,-0.0195,-0.40737,-0.06250,-0.68670,0.57604,-0.05691,-0.97448,-0.50384,0.41171,-1.27329,0.42791,0.36729,-0.86607,0.037,0.623,0.110,0.110,0.110,-0.110,-0.110,0.476,0.110,-0.110,0.183,-0.110,30.00,1.200
1.2400,ramp,0.4,-0.9998,nan,-0.40740,-0.08166,-0.68661,0.57593,-0.06784,-0.97448,-0.50392,0.39434,-1.27327,0.42821,0.35032,-0.86607,0.0586,0.1368,-0.0586,0.0195,0.1758,-0.0586,0.0586,0.0977,0.0195,-0.0586,-0.0195,0.0977,-0.40737,-0.06186,-0.68670,0.57604,-0.05627,-0.97448,-0.50384,0.41234,-1.27329,0.42791,0.36793,-0.86607,0.037,0.549,0.037,0.037,0.110,-0.110,-0.037,0.476,0.110,-0.110,0.256,-0.110,30.00,1.200
1.2450,ramp,0.4,-0.9998,nan,-0.40740,-0.08137,-0.68661,0.57582,-0.06722,-0.97448,-0.50392,0.39467,-1.27329,0.42813,0.35102,-0.86607,-0.0195,0.0195,-0.0586,-0.0977,0.0586,-0.0195,-0.0977,0.0195,0.1368,0.0195,0.2149,-0.0195,-0.40737,-0.06124,-0.68670,0.57604,-0.05565,-0.97448,-0.50384,0.41297,-1.27329,0.42791,0.36855,-0.86607,0.110,0.623,0.037,0.110,0.037,-0.110,-0.037,0.476,0.110,-0.110,0.256,-0.183,30.00,1.200
1.2500,ramp,0.4,-0.9998,nan,-0.40740,-0.08100,-0.68670,0.57590,-0.06704,-0.97448,-0.50384,0.39518,-1.27327,0.42817,0.35149,-0.86612,0.0195,0.0977,0.0195,-0.0195,0.0977,-0.0195,-0.0977,0.0195,0.0195,-0.0977,-0.0195,-0.1368,-0.40737,-0.06063,-0.68670,0.57604,-0.05503,-0.97448,-0.50384,0.41358,-1.27329,0.42791,0.36916,-0.86607,0.037,0.623,0.183,0.183,0.110,-0.110,-0.037,0.623,0.110,-0.037,0.256,-0.037,30.00,1.200
1.2550,ramp,0.3,-0.9998,nan,-0.40740,-0.08078,-0.68661,0.57593,-0.06620,-0.97448,-0.50384,0.39584,-1.27332,0.42821,0.35193,-0.86598,0.0977,0.0586,0.0195,0.0977,0.0586,-0.0195,0.0586,0.1758,0.0586,-0.0586,0.0586,-0.0195,-0.40737,-0.06003,-0.68670,0.57604,-0.05444,-0.97448,-0.50384,0.41418,-1.27329,0.42791,0.36976,-0.86607,0.183,0.549,0.110,0.037,0.110,-0.110,-0.037,0.476,0.110,-0.110,0.256,-0.110,30.00,1.200
1.2600,ramp,0.3,-0.9998,nan,-0.40740,-0.08042,-0.68661,0.57586,-0.06591,-0.97442,-0.50384,0.39624,-1.27327,0.42821,0.35248,-0.86607,0.0586,0.0586,0.0977,0.0195,0.0586,-0.0195,-0.0977,0.0977,-0.0977,-0.0586,0.0977,0.0195,-0.40737,-0.05945,-0.68670,0.57604,-0.05386,-0.97448,-0.50384,0.41476,-1.27329,0.42791,0.37034,-0.86607,0.037,0.623,0.110,0.183,0.110,-0.110,-0.037,0.403,0.110,-0.110,0.256,-0.256,30.00,1.200
1.2650,ramp,0.3,-0.9998,nan,-0.40740,-0.08009,-0.68670,0.57590,-0.06576,-0.97442,-0.50384,0.39664,-1.27332,0.42832,0.35299,-0.86607,0.0586,-0.0195,0.0195,0.0195,-0.0195,-0.0195,-0.0195,0.1368,0.0195,0.0195,0.0586,-0.0195,-0.40737,-0.05889,-0.68670,0.57604,-0.05329,-0.97448,-0.50384,0.41532,-1.27329,0.42791,0.37090,-0.86607,0.110,0.623,0.110,0.110,0.110,-0.110,-0.110,0.403,0.110,-0.110,0.256,0.037,30.00,1.200
1.2700,ramp,0.3,-0.9998,nan,-0.40748,-0.07987,-0.68661,0.57593,-0.06547,-0.97448,-0.50384,0.39726,-1.27332,0.42832,0.35328,-0.86607,0.0195,0.0586,0.0195,0.0195,0.0977,0.0195,-0.0195,0.1368,0.0586,0.0195,0.0195,-0.0195,-0.40737,-0.05834,-0.68670,0.57604,-0.05275,-0.97448,-0.50384,0.41586,-1.27329,0.42791,0.37145,-0.86607,0.037,0.623,0.110,0.110,0.110,-0.110,-0.110,0.476,0.110,-0.110,0.330,-0.110,30.00,1.200
1.2750,ramp,0.2,-0.9998,nan,-0.40748,-0.07951,-0.68661,0.57593,-0.06492,-0.97448,-0.50392,0.39777,-1.27327,0.42828,0.35409,-0.86607,0.0195,0.0195,0.0195,0.0195,0.0977,0.0195,-0.0195,0.0977,-0.0195,0.0195,0.0195,-0.0195,-0.40737,-0.05782,-0.68670,0.57604,-0.05223,-0.97448,-0.50384,0.41639,-1.27329,0.42791,0.37197,-0.86607,0.037,0.623,0.183,0.037,0.183,-0.110,-0.183,0.476,0.110,-0.110,0.330,-0.110,30.00,1.200
1.2800,ramp,0.2,-0.9998,nan,-0.40740,-0.07910,-0.68670,0.57590,-0.06448,-0.97448,-0.50392,0.39840,-1.27327,0.42839,0.35460,-0.86607,0.0195,0.0977,-0.0586,0.0195,0.1368,0.0586,-0.0195,0.0195,0.0586,0.0195,-0.0195,0.0586,-0.40737,-0.05732,-0.68670,0.57604,-0.05173,-0.97448,-0.50384,0.41689,-1.27329,0.42791,0.37247,-0.86607,0.037,0.696,0.110,0.037,0.183,-0.110,-0.037,0.476,0.110,-0.110,0.256,-0.037,30.00,1.200
1.2850,ramp,0.2,-0.9998,nan,-0.40740,-0.07896,-0.68661,0.57593,-0.06426,-0.97442,-0.50384,0.39847,-1.27332,0.42839,0.35507,-0.86607,0.0195,-0.0586,0.0195,0.0195,-0.0195,-0.0195,-0.0195,0.2540,-0.0195,-0.0195,0.0977,-0.0195,-0.40737,-0.05684,-0.68670,0.57604,-0.05125,-0.97448,-0.50384,0.41737,-1.27329,0.42791,0.37295,-0.86607,0.037,0.696,0.037,0.110,0.183,-0.037,-0.037,0.476,0.037,-0.110,0.256,-0.183,30.00,1.200
1.2900,ramp,0.2,-0.9998,nan,-0.40740,-0.07881,-0.68661,0.57590,-0.06412,-0.97445,-0.50392,0.39920,-1.27329,0.42839,0.35537,-0.86601,0.0195,0.0977,0.0586,-0.0195,-0.0195,0.0195,-0.0195,0.2149,0.0195,-0.0195,0.0977,-0.0195,-0.40737,-0.05639,-0.68670,0.57604,-0.05079,-0.97448,-0.50384,0.41782,-1.27329,0.42791,0.37340,-0.86607,0.110,0.696,0.110,0.183,0.256,-0.110,-0.110,0.476,0.110,-0.110,0.330,-0.110,30.00,1.200
1.2950,ramp,0.2,-0.9998,nan,-0.40737,-0.07855,-0.68670,0.57590,-0.06386,-0.97442,-0.50384,0.39989,-1.27332,0.42839,0.35580,-0.86607,0.0977,0.0977,-0.0586,0.0586,-0.0195,-0.0195,0.0586,0.0195,-0.0977,0.0586,0.0195,0.0195,-0.40737,-0.05596,-0.68670,0.57604,-0.05037,-0.97448,-0.50384,0.41825,-1.27329,0.42791,0.37383,-0.86607,0.037,0.696,0.110,0.110,0.256,-0.110,-0.110,0.476,0.037,-0.110,0.330,0.037,30.00,1.200
1.3000,ramp,0.1,-0.9998,nan,-0.40740,-0.07841,-0.68670,0.57593,-0.06379,-0.97448,-0.50392,0.40030,-1.27329,0.42839,0.35635,-0.86607,0.0977,0.0977,-0.0586,0.0977,0.0977,-0.0195,-0.0195,0.0586,-0.0195,-0.0977,0.0586,0.0195,-0.40737,-0.05555,-0.68670,0.57604,-0.04996,-0.97448,-0.50384,0.41865,-1.27329,0.42791,0.37424,-0.86607,0.037,0.696,0.110,0.110,0.256,-0.037,-0.037,0.549,0.110,-0.110,0.183,-0.110,30.00,1.200
1.3050,ramp,0.1,-0.9998,nan,-0.40733,-0.07826,-0.68661,0.57590,-0.06368,-0.97442,-0.50392,0.40074,-1.27327,0.42839,0.35694,-0.86607,-0.0977,0.0977,0.0195,-0.0195,-0.0586,-0.0586,-0.0977,0.1368,-0.0195,-0.0195,0.0586,-0.0195,-0.40737,-0.05518,-0.68670,0.57604,-0.04959,-0.97448,-0.50384,0.41903,-1.27329,0.42791,0.37461,-0.86607,0.183,0.696,0.110,0.110,0.183,-0.110,-0.037,0.476,0.110,-0.110,0.403,-0.110,30.00,1.200
1.3100,ramp,0.1,-0.9998,nan,-0.40740,-0.07826,-0.68667,0.57590,-0.06331,-0.97448,-0.50384,0.40125,-1.27332,0.42846,0.35741,-0.86607,-0.0586,0.0977,0.0977,-0.0195,-0.0195,-0.0195,-0.0977,0.2149,-0.0195,-0.0195,0.0977,-0.0195,-0.40737,-0.05483,-0.68670,0.57604,-0.04924,-0.97448,-0.50384,0.41938,-1.27329,0.42791,0.37496,-0.86607,0.183,0.769,0.037,0.110,0.256,-0.110,-0.037,0.403,0.110,-0.037,0.183,-0.256,30.00,1.200
1.3150,ramp,0.1,-0.9998,nan,-0.40737,-0.07797,-0.68667,0.57593,-0.06302,-0.97448,-0.50384,0.40176,-1.27332,0.42846,0.35804,-0.86607,-0.0586,-0.0195,-0.0586,0.0977,0.1758,-0.0586,-0.0195,0.1368,0.0195,-0.0195,0.0586,-0.0195,-0.40737,-0.05451,-0.68670,0.57604,-0.04892,-0.97448,-0.50384,0.41969,-1.27329,0.42791,0.37528,-0.86607,0.110,0.769,0.110,0.110,0.256,-0.110,-0.037,0.476,0.110,-0.037,0.256,-0.256,30.00,1.200
1.3200,ramp,0.1,-0.9998,nan,-0.40733,-0.07793,-0.68661,0.57590,-0.06295,-0.97442,-0.50384,0.40183,-1.27318,0.42846,0.35851,-0.86607,0.0977,0.0586,0.0195,0.0195,-0.0195,-0.0195,-0.0195,0.0977,0.0195,-0.0586,0.0977,-0.0195,-0.40737,-0.05423,-0.68670,0.57604,-0.04863,-0.97448,-0.50384,0.41998,-1.27329,0.42791,0.37556,-0.86607,0.110,0.769,0.110,0.037,0.256,-0.110,-0.110,0.549,0.110,-0.110,0.256,-0.037,30.00,1.200
1.3250,ramp,0.1,-0.9998,nan,-0.40740,-0.07771,-0.68661,0.57590,-0.06276,-0.97442,-0.50384,0.40256,-1.27338,0.42853,0.35906,-0.86607,0.0977,-0.0586,0.0586,-0.0586,0.0586,0.0195,-0.0195,0.1368,0.0195,0.0195,0.0977,-0.1368,-0.40737,-0.05397,-0.68670,0.57604,-0.04838,-0.97448,-0.50384,0.42024,-1.27329,0.42791,0.37582,-0.86607,0.110,0.769,0.110,0.110,0.256,-0.110,-0.037,0.549,0.037,-0.037,0.256,-0.037,30.00,1.200
1.3300,ramp,0.1,-0.9998,nan,-0.40733,-0.07757,-0.68670,0.57590,-0.06265,-0.97448,-0.50384,0.40315,-1.27329,0.42846,0.35957,-0.86607,0.0977,0.0977,0.0977,0.0977,-0.0195,0.0195,-0.0977,0.1368,0.0195,-0.0195,0.0977,-0.0195,-0.40737,-0.05375,-0.68670,0.57604,-0.04815,-0.97448,-0.50384,0.42046,-1.27329,0.42791,0.37604,-0.86607,0.037,0.769,0.037,0.110,0.256,-0.110,-0.110,0.476,0.110,-0.110,0.256,-0.256,30.00,1.200
1.3350,ramp,1.0,-0.9998,nan,-0.40733,-0.07757,-0.68661,0.57582,-0.06251,-0.97448,-0.50384,0.40359,-1.27327,0.42857,0.35994,-0.86607,0.0586,0.0977,0.0195,0.0195,-0.0195,-0.0195,-0.0195,0.0195,-0.0195,-0.0195,-0.0195,0.0195,-0.40737,-0.05356,-0.68670,0.57604,-0.04796,-0.97448,-0.50384,0.42065,-1.27329,0.42791,0.37623,-0.86607,0.183,0.696,0.110,0.110,0.330,-0.110,-0.110,0.476,0.110,-0.110,0.256,-0.110,30.00,1.200
1.3400,ramp,1.0,-0.9998,nan,-0.40729,-0.07749,-0.68661,0.57582,-0.06232,-0.97448,-0.50392,0.40388,-1.27327,0.42846,0.36038,-0.86607,0.0195,0.0195,0.0977,0.0586,-0.0195,-0.0195,-0.0977,0.1368,0.0195,0.0977,0.1368,-0.0195,-0.40737,-0.05340,-0.68670,0.57604,-0.04781,-0.97448,-0.50384,0.42081,-1.27329,0.42791,0.37639,-0.86607,0.037,0.769,0.037,0.183,0.256,-0.110,-0.110,0.476,0.110,-0.110,0.256,-0.183,30.00,1.200
1.3450,ramp,1.0,-0.9998,nan,-0.40737,-0.07735,-0.68670,0.57582,-0.06232,-0.97448,-0.50384,0.40439,-1.27327,0.42857,0.36092,-0.86607,-0.0195,0.0977,-0.0586,0.1368,0.0586,0.0195,0.0586,0.1368,0.0586,0.0195,0.0586,-0.0195,-0.40737,-0.05328,-0.68670,0.57604,-0.04769,-0.97448,-0.50384,0.42093,-1.27329,0.42791,0.37651,-0.86607,0.037,0.769,0.183,0.110,0.330,-0.110,-0.037,0.476,0.110,-0.110,0.256,-0.256,30.00,1.200
1.3500,ramp,0.9,-0.9998,nan,-0.40733,-0.07731,-0.68661,0.57572,-0.06210,-0.97442,-0.50384,0.40498,-1.27329,0.42853,0.36140,-0.86607,-0.0195,-0.0977,0.0195,0.0195,0.0977,-0.0586,-0.0195,0.1368,-0.0195,-0.0195,0.0977,-0.0195,-0.40737,-0.05320,-0.68670,0.57604,-0.04760,-0.97448,-0.50384,0.42101,-1.27329,0.42791,0.37659,-0.86607,0.037,0.769,0.110,0.110,0.330,-0.110,-0.037,0.476,0.110,-0.037,0.256,-0.037,30.00,1.200
1.3550,ramp,0.9,-0.9998,nan,-0.40733,-0.07720,-0.68661,0.57572,-0.06203,-0.97448,-0.50392,0.40509,-1.27327,0.42857,0.36195,-0.86607,0.0195,-0.0195,0.0195,-0.0977,0.0195,-0.0195,-0.0977,0.0195,0.1368,0.0586,0.0977,-0.0195,-0.40737,-0.05315,-0.68670,0.57604,-0.04756,-0.97448,-0.50384,0.42106,-1.27329,0.42791,0.37664,-0.86607,0.037,0.842,0.110,0.110,0.330,-0.110,-0.037,0.476,0.037,-0.110,0.183,-0.037,30.00,1.200
1.3600,ramp,0.9,-0.9998,nan,-0.40733,-0.07702,-0.68661,0.57572,-0.06196,-0.97448,-0.50384,0.40571,-1.27332,0.42864,0.36242,-0.86607,0.0195,0.0977,0.0195,0.0195,-0.0195,-0.0195,0.0586,0.1758,-0.0195,-0.1368,0.0586,-0.0586,-0.40737,-0.05314,-0.68670,0.57604,-0.04755,-0.97448,-0.50384,0.42107,-1.27329,0.42791,0.37665,-0.86607,0.037,0.842,0.110,0.110,0.330,-0.110,-0.110,0.476,0.110,-0.110,0.183,-0.183,30.00,1.200
1.3650,ramp,0.9,-0.9998,nan,-0.40722,-0.07695,-0.68661,0.57572,-0.06189,-0.97442,-0.50392,0.40629,-1.27332,0.42857,0.36286,-0.86607,0.0586,0.0195,0.0195,-0.0977,-0.0977,-0.0195,-0.0195,0.2540,0.0586,-0.0195,0.0195,-0.0195,-0.40737,-0.05317,-0.68670,0.57604,-0.04758,-0.97448,-0.50384,0.42104,-1.27329,0.42791,0.37662,-0.86607,0.110,0.769,0.110,0.110,0.330,-0.110,-0.110,0.403,0.183,-0.110,0.183,-0.037,30.00,1.200
1.3700,ramp,0.9,-0.9998,nan,-0.40722,-0.07695,-0.68661,0.57582,-0.06185,-0.97448,-0.50392,0.40669,-1.27327,0.42857,0.36330,-0.86607,-0.0195,0.0195,0.0195,-0.0977,-0.0195,-0.0195,-0.0977,0.0195,0.0195,-0.0586,0.0586,-0.1368,-0.40737,-0.05324,-0.68670,0.57604,-0.04764,-0.97448,-0.50384,0.42097,-1.27329,0.42791,0.37655,-0.86607,0.110,0.769,0.037,0.110,0.330,-0.110,-0.110,0.403,0.110,-0.037,0.183,-0.037,30.00,1.200
1.3750,ramp,0.8,-0.9998,nan,-0.40729,-0.07695,-0.68670,0.57572,-0.06189,-0.97445,-0.50392,0.40699,-1.27332,0.42857,0.36370,-0.86609,0.0195,0.0195,0.0195,-0.0195,-0.0195,-0.0195,0.1368,0.0977,0.0195,-0.0977,0.0977,-0.0195,-0.40737,-0.05334,-0.68670,0.57604,-0.04775,-0.97448,-0.50384,0.42086,-1.27329,0.42791,0.37645,-0.86607,0.037,0.769,0.110,0.110,0.256,-0.110,-0.110,0.403,0.110,-0.110,0.183,-0.037,30.00,1.200
1.3800,ramp,0.8,-0.9998,nan,-0.40722,-0.07680,-0.68661,0.57572,-0.06167,-0.97442,-0.50384,0.40757,-1.27327,0.42857,0.36421,-0.86607,0.0195,0.0195,0.0195,0.0195,-0.0195,0.0586,0.0586,0.0195,-0.0977,-0.0195,0.0586,-0.0195,-0.40737,-0.05349,-0.68670,0.57604,-0.04790,-0.97448,-0.50384,0.42072,-1.27329,0.42791,0.37630,-0.86607,0.037,0.769,0.110,0.183,0.330,-0.110,-0.037,0.403,0.110,-0.110,0.183,-0.110,30.00,1.200
1.3850,ramp,0.8,-0.9998,nan,-0.40729,-0.07680,-0.68661,0.57572,-0.06167,-0.97442,-0.50392,0.40808,-1.27329,0.42857,0.36476,-0.86607,0.0195,-0.1368,0.0195,0.0195,0.0195,0.0195,-0.0977,0.1368,0.0195,-0.0195,0.1368,-0.0977,-0.40737,-0.05368,-0.68670,0.57604,-0.04809,-0.97448,-0.50384,0.42053,-1.27329,0.42791,0.37611,-0.86607,0.037,0.769,0.110,0.110,0.256,-0.110,-0.183,0.403,0.110,-0.110,0.183,0.037,30.00,1.200
1.3900,ramp,0.8,-0.9998,nan,-0.40733,-0.07680,-0.68661,0.57572,-0.06167,-0.97448,-0.50384,0.40841,-1.27332,0.42857,0.36524,-0.86607,0.0586,0.0195,-0.0586,0.0195,-0.1368,-0.0195,-0.0195,0.0195,-0.0977,-0.0195,0.0977,0.0195,-0.40737,-0.05391,-0.68670,0.57604,-0.04832,-0.97448,-0.50384,0.42030,-1.27329,0.42791,0.37588,-0.86607,0.037,0.769,0.110,0.110,0.330,-0.110,-0.037,0.330,0.110,-0.037,0.110,-0.110,30.00,1.200
1.3950,ramp,0.7,-0.9998,nan,-0.40729,-0.07665,-0.68661,0.57568,-0.06167,-0.97448,-0.50399,0.40870,-1.27329,0.42864,0.36568,-0.86607,0.0195,-0.0586,0.0195,-0.0195,-0.0195,-0.0586,-0.0977,0.1368,-0.0195,-0.0586,0.1368,-0.0195,-0.40737,-0.05418,-0.68670,0.57604,-0.04859,-0.97448,-0.50384,0.42003,-1.27329,0.42791,0.37561,-0.86607,0.110,0.769,0.110,0.110,0.330,-0.110,-0.110,0.403,0.110,-0.110,0.110,-0.110,30.00,1.200
1.4000,ramp,0.7,-0.9998,nan,-0.40737,-0.07680,-0.68661,0.57572,-0.06167,-0.97442,-0.50384,0.40911,-1.27332,0.42864,0.36604,-0.86607,0.0586,0.0977,0.0195,0.0195,-0.0195,-0.0195,-0.0195,0.0977,0.0195,-0.0195,0.0977,-0.0195,-0.40737,-0.05450,-0.68670,0.57604,-0.04891,-0.97448,-0.50384,0.41971,-1.27329,0.42791,0.37529,-0.86607,0.037,0.769,0.110,0.183,0.330,-0.110,-0.037,0.330,0.037,-0.110,0.110,-0.037,30.00,1.200
1.4050,ramp,0.7,-0.9998,nan,-0.40722,-0.07665,-0.68661,0.57572,-0.06167,-0.97442,-0.50399,0.40951,-1.27338,0.42864,0.36626,-0.86607,-0.0195,0.0195,0.0195,0.0195,-0.0195,0.0195,-0.0195,0.1368,0.0195,-0.0195,0.0195,-0.0195,-0.40737,-0.05485,-0.68670,0.57604,-0.04926,-0.97448,-0.50384,0.41935,-1.27329,0.42791,0.37494,-0.86607,0.037,0.769,0.110,0.183,0.330,-0.037,-0.037,0.330,0.037,-0.110,0.110,-0.037,30.00,1.200
1.4100,ramp,0.7,-0.9998,nan,-0.40729,-0.07665,-0.68661,0.57572,-0.06167,-0.97442,-0.50399,0.40958,-1.27332,0.42864,0.36652,-0.86607,0.0586,0.0977,0.0977,0.0586,-0.0977,-0.0586,-0.0195,0.0195,-0.0195,0.0977,0.0586,-0.0195,-0.40737,-0.05525,-0.68670,0.57604,-0.04966,-0.97448,-0.50384,0.41895,-1.27329,0.42791,0.37454,-0.86607,0.037,0.769,0.110,0.110,0.256,-0.110,-0.110,0.403,0.110,-0.110,0.110,-0.183,30.00,1.200
1.4150,ramp,0.7,-0.9998,nan,-0.40722,-0.07673,-0.68661,0.57582,-0.06170,-0.97442,-0.50399,0.40987,-1.27332,0.42864,0.36681,-0.86601,-0.0195,-0.0586,0.0977,0.0195,-0.0195,-0.0195,0.0586,0.1368,0.1368,-0.0586,0.0977,-0.0195,-0.40737,-0.05570,-0.68670,0.57604,-0.05011,-0.97448,-0.50384,0.41851,-1.27329,0.42791,0.37409,-0.86607,0.037,0.842,0.110,0.183,0.256,-0.110,-0.037,0.330,0.183,-0.037,0.110,-0.110,30.00,1.200
1.4200,ramp,0.6,-0.9998,nan,-0.40729,-0.07673,-0.68661,0.57575,-0.06178,-0.97448,-0.50399,0.41017,-1.27332,0.42864,0.36707,-0.86607,-0.0586,0.0977,0.0195,0.0195,0.0977,-0.0195,-0.0195,0.0195,-0.0195,-0.0586,0.0586,-0.0195,-0.40737,-0.05618,-0.68670,0.57604,-0.05059,-0.97448,-0.50384,0.41802,-1.27329,0.42791,0.37361,-0.86607,0.037,0.769,0.110,0.110,0.256,-0.110,-0.110,0.330,0.110,-0.037,0.037,-0.110,30.00,1.200
1.4250,ramp,0.6,-0.9998,nan,-0.40733,-0.07673,-0.68661,0.57575,-0.06167,-0.97448,-0.50399,0.41039,-1.27332,0.42864,0.36732,-0.86607,-0.0977,0.0977,0.0195,-0.1368,-0.0195,-0.0195,-0.0195,0.0195,0.0586,-0.0195,0.0586,-0.0195,-0.40737,-0.05671,-0.68670,0.57604,-0.05112,-0.97448,-0.50384,0.41749,-1.27329,0.42791,0.37308,-0.86607,0.037,0.769,0.110,0.110,0.256,-0.110,-0.037,0.330,0.110,-0.110,0.110,-0.037,30.00,1.200
1.4300,ramp,0.6,-0.9998,nan,-0.40722,-0.07673,-0.68661,0.57572,-0.06174,-0.97442,-0.50399,0.41039,-1.27338,0.42875,0.36736,-0.86607,-0.0977,0.0195,0.0195,0.0195,-0.0195,-0.0195,-0.0195,-0.0586,0.0195,-0.0195,-0.0195,0.0195,-0.40737,-0.05729,-0.68670,0.57604,-0.05170,-0.97448,-0.50384,0.41692,-1.27329,0.42791,0.37250,-0.86607,0.110,0.769,0.110,0.037,0.256,-0.110,-0.037,0.330,0.110,-0.110,0.110,-0.110,30.00,1.200
1.4350,ramp,0.6,-0.9998,nan,-0.40722,-0.07676,-0.68661,0.57575,-0.06178,-0.97448,-0.50399,0.41057,-1.27329,0.42875,0.36743,-0.86607,0.0195,0.0977,0.0195,0.0195,0.0586,-0.0586,-0.0195,0.0195,0.1368,-0.0195,0.0586,-0.0195,-0.40737,-0.05791,-0.68670,0.57604,-0.05231,-0.97448,-0.50384,0.41630,-1.27329,0.42791,0.37188,-0.86607,0.110,0.696,0.037,0.110,0.256,-0.110,-0.110,0.330,0.110,-0.110,0.110,-0.037,30.00,1.200
1.4400,ramp,0.6,-0.9998,nan,-0.40722,-0.07680,-0.68661,0.57572,-0.06178,-0.97448,-0.50399,0.41057,-1.27329,0.42864,0.36743,-0.86607,-0.0977,0.0977,-0.0195,0.1368,-0.0977,0.0195,-0.0977,0.1368,0.0195,-0.0195,0.0586,-0.0195,-0.40737,-0.05857,-0.68670,0.57604,-0.05298,-0.97448,-0.50384,0.41564,-1.27329,0.42791,0.37122,-0.86607,0.037,0.696,0.183,0.110,0.256,-0.037,-0.037,0.330,0.110,-0.110,0.037,-0.256,30.00,1.200
1.4450,ramp,0.5,-0.9998,nan,-0.40729,-0.07680,-0.68661,0.57572,-0.06189,-0.97448,-0.50399,0.41057,-1.27327,0.42864,0.36750,-0.86607,0.0195,-0.1368,0.0195,0.0195,0.0977,0.0195,-0.0195,-0.0586,-0.0195,-0.1758,-0.0977,-0.0195,-0.40737,-0.05927,-0.68670,0.57604,-0.05368,-0.97448,-0.50384,0.41493,-1.27329,0.42791,0.37052,-0.86607,0.037,0.696,0.110,0.110,0.183,-0.110,-0.037,0.256,0.110,-0.110,0.037,-0.256,30.00,1.200
1.4500,ramp,0.5,-0.9998,nan,-0.40733,-0.07695,-0.68661,0.57572,-0.06189,-0.97448,-0.50399,0.41046,-1.27329,0.42875,0.36743,-0.86607,0.0195,0.0977,0.0195,0.0195,-0.0195,-0.0977,-0.0195,0.0195,0.0977,-0.1368,0.0586,-0.0195,-0.40737,-0.06002,-0.68670,0.57604,-0.05443,-0.97448,-0.50384,0.41418,-1.27329,0.42791,0.36977,-0.86607,0.037,0.696,0.110,0.110,0.183,-0.110,-0.037,0.256,0.110,-0.110,0.037,-0.037,30.00,1.200
1.4550,ramp,0.5,-0.9998,nan,-0.40722,-0.07695,-0.68661,0.57582,-0.06196,-0.97445,-0.50399,0.41039,-1.27327,0.42875,0.36743,-0.86607,-0.0586,0.0195,-0.0586,0.0195,-0.0586,-0.0195,-0.0977,0.0977,0.0586,-0.1368,0.0586,-0.0977,-0.40737,-0.06082,-0.68670,0.57604,-0.05522,-0.97448,-0.50384,0.41339,-1.27329,0.42791,0.36897,-0.86607,0.037,0.623,0.037,0.110,0.183,-0.110,-0.110,0.256,0.183,-0.110,0.037,-0.183,30.00,1.200
1.4600,ramp,0.4,-0.9998,nan,-0.40722,-0.07695,-0.68670,0.57572,-0.06207,-0.97448,-0.50399,0.41028,-1.27327,0.42875,0.36732,-0.86607,-0.0586,-0.0586,0.0195,0.0195,-0.1368,-0.0586,-0.0195,0.0195,-0.0195,-0.1368,-0.0195,-0.0195,-0.40737,-0.06165,-0.68670,0.57604,-0.05606,-0.97448,-0.50384,0.41255,-1.27329,0.42791,0.36814,-0.86607,0.183,0.623,0.037,0.110,0.183,-0.110,-0.110,0.256,0.037,-0.110,-0.037,-0.037,30.00,1.200
1.4650,ramp,0.4,-0.9998,nan,-0.40722,-0.07709,-0.68661,0.57572,-0.06210,-0.97442,-0.50414,0.41028,-1.27329,0.42875,0.36717,-0.86607,0.0195,0.0195,0.0195,0.1758,0.0586,-0.0586,-0.0977,-0.0977,-0.0195,-0.1368,-0.0977,-0.0195,-0.40737,-0.06253,-0.68670,0.57604,-0.05694,-0.97448,-0.50384,0.41167,-1.27329,0.42791,0.36726,-0.86607,0.037,0.623,0.037,0.110,0.183,-0.110,-0.110,0.256,0.110,-0.110,-0.037,-0.256,30.00,1.200
1.4700,ramp,0.4,-0.9998,nan,-0.40729,-0.07720,-0.68661,0.57572,-0.06222,-0.97448,-0.50399,0.41006,-1.27327,0.42875,0.36699,-0.86607,0.0195,0.0586,0.0195,0.0195,-0.0977,-0.0586,-0.0195,0.0195,-0.0195,-0.1368,-0.0195,0.0195,-0.40737,-0.06346,-0.68670,0.57604,-0.05786,-0.97448,-0.50384,0.41075,-1.27329,0.42791,0.36633,-0.86607,0.183,0.623,0.037,0.110,0.110,-0.110,-0.037,0.256,0.183,-0.110,-0.037,-0.110,30.00,1.200
1.4750,ramp,0.4,-0.9998,nan,-0.40733,-0.07731,-0.68661,0.57575,-0.06243,-0.97445,-0.50406,0.40998,-1.27327,0.42864,0.36688,-0.86607,-0.0977,0.0195,0.0195,-0.0977,-0.1368,0.0195,-0.0195,0.0195,-0.0195,-0.0195,-0.0195,0.0195,-0.40737,-0.06442,-0.68670,0.57604,-0.05883,-0.97448,-0.50384,0.40979,-1.27329,0.42791,0.36537,-0.86607,0.110,0.623,0.037,0.037,0.110,-0.110,-0.037,0.256,0.037,-0.110,-0.037,0.037,30.00,1.200
1.4800,ramp,0.4,-0.9998,nan,-0.40722,-0.07742,-0.68661,0.57586,-0.06258,-0.97442,-0.50399,0.40969,-1.27327,0.42864,0.36677,-0.86607,0.0195,-0.0586,0.0195,0.1368,-0.1758,0.0195,-0.1758,0.0195,0.0195,-0.0195,-0.1368,-0.0586,-0.40737,-0.06543,-0.68670,0.57604,-0.05984,-0.97448,-0.50384,0.40878,-1.27329,0.42791,0.36436,-0.86607,0.183,0.549,0.183,0.110,0.110,-0.110,-0.110,0.183,0.110,-0.183,-0.037,-0.037,30.00,1.200
1.4850,ramp,0.3,-0.9998,nan,-0.40729,-0.07757,-0.68661,0.57582,-0.06269,-0.97448,-0.50399,0.40958,-1.27329,0.42864,0.36663,-0.86607,0.0195,0.0195,0.0195,0.1368,-0.0977,0.0195,-0.0195,0.0195,0.0195,-0.0195,-0.0195,-0.0195,-0.40737,-0.06648,-0.68670,0.57604,-0.06088,-0.97448,-0.50384,0.40773,-1.27329,0.42791,0.36331,-0.86607,0.037,0.549,0.183,0.110,0.183,-0.110,-0.037,0.256,0.110,-0.183,-0.037,-0.256,30.00,1.200
1.4900,ramp,0.3,-0.9998,nan,-0.40722,-0.07764,-0.68670,0.57582,-0.06295,-0.97451,-0.50399,0.40940,-1.27327,0.42864,0.36641,-0.86607,-0.0195,-0.0586,0.0977,0.0195,-0.1758,-0.0195,-0.0195,0.0195,0.0586,-0.0195,-0.0586,-0.0195,-0.40737,-0.06757,-0.68670,0.57604,-0.06197,-0.97448,-0.50384,0.40664,-1.27329,0.42791,0.36222,-0.86607,0.037,0.549,0.110,0.037,0.110,-0.110,-0.037,0.183,0.110,-0.110,-0.110,-0.037,30.00,1.200
1.4950,ramp,0.3,-0.9998,nan,-0.40733,-0.07782,-0.68661,0.57586,-0.06324,-0.97442,-0.50406,0.40918,-1.27332,0.42864,0.36590,-0.86607,-0.0195,-0.0977,0.0195,0.0195,-0.0195,0.0195,0.0586,-0.0586,0.0195,-0.0195,-0.0195,-0.0195,-0.40737,-0.06870,-0.68670,0.57604,-0.06310,-0.97448,-0.50384,0.40551,-1.27329,0.42791,0.36109,-0.86607,0.037,0.549,0.037,0.110,0.037,-0.110,-0.110,0.183,0.110,-0.110,-0.037,-0.256,30.00,1.200
1.5000,ramp,0.3,-0.9998,nan,-0.40733,-0.07804,-0.68661,0.57582,-0.06349,-0.97448,-0.50399,0.40900,-1.27327,0.42875,0.36586,-0.86607,0.0195,0.0195,-0.0586,-0.0195,-0.0977,-0.0195,-0.0977,-0.0977,0.0195,-0.0195,-0.0195,-0.0195,-0.40737,-0.06987,-0.68670,0.57604,-0.06427,-0.97448,-0.50384,0.40434,-1.27329,0.42791,0.35992,-0.86607,0.037,0.476,0.110,0.110,0.037,-0.110,-0.037,0.110,0.110,-0.037,-0.037,0.037,30.00,1.200
1.5050,ramp,0.3,-0.9998,nan,-0.40729,-0.07826,-0.68661,0.57582,-0.06375,-0.97448,-0.50399,0.40867,-1.27327,0.42875,0.36549,-0.86607,-0.0195,-0.0586,0.0195,-0.0195,-0.1368,-0.0195,-0.0195,-0.0977,0.0195,-0.0195,-0.0195,-0.0195,-0.40737,-0.07108,-0.68670,0.57604,-0.06548,-0.97448,-0.50384,0.40313,-1.27329,0.42791,0.35871,-0.86607,0.037,0.476,0.110,0.110,0.037,-0.110,-0.110,0.110,0.110,-0.037,-0.110,-0.037,30.00,1.200
1.5100,ramp,0.2,-0.9998,nan,-0.40729,-0.07841,-0.68670,0.57582,-0.06393,-0.97448,-0.50406,0.40819,-1.27329,0.42864,0.36516,-0.86607,0.0195,0.0195,0.0195,0.0586,-0.1368,-0.0195,0.1368,-0.0977,-0.0195,0.0977,-0.0195,-0.0195,-0.40737,-0.07232,-0.68670,0.57604,-0.06673,-0.97448,-0.50384,0.40188,-1.27329,0.42791,0.35747,-0.86607,0.037,0.476,0.110,0.110,-0.037,-0.110,-0.110,0.110,0.110,-0.110,-0.110,-0.037,30.00,1.200
1.5150,ramp,0.2,-0.9998,nan,-0.40729,-0.07867,-0.68661,0.57582,-0.06412,-0.97442,-0.50406,0.40779,-1.27327,0.42879,0.36487,-0.86607,0.0195,0.1368,0.0195,0.0195,-0.0977,0.0195,-0.0195,-0.0977,0.1368,-0.0195,-0.1758,-0.0195,-0.40737,-0.07361,-0.68670,0.57604,-0.06802,-0.97448,-0.50384,0.40060,-1.27329,0.42791,0.35618,-0.86607,0.183,0.403,0.110,0.110,-0.037,-0.110,-0.110,0.110,0.110,-0.110,-0.183,-0.037,30.00,1.200
1.5200,ramp,0.2,-0.9998,nan,-0.40733,-0.07885,-0.68661,0.57586,-0.06437,-0.97442,-0.50399,0.40768,-1.27327,0.42864,0.36440,-0.86607,0.0195,0.0586,0.0195,0.1758,-0.1368,0.0195,-0.0195,0.0195,-0.0195,0.1368,-0.1368,-0.0195,-0.40737,-0.07493,-0.68670,0.57604,-0.06934,-0.97448,-0.50384,0.39928,-1.27329,0.42791,0.35486,-0.86607,0.037,0.403,0.110,0.037,-0.037,-0.110,-0.110,0.110,0.110,-0.110,-0.110,-0.037,30.00,1.200
1.5250,ramp,0.2,-0.9998,nan,-0.40733,-0.07918,-0.68661,0.57586,-0.06463,-0.97448,-0.50399,0.40717,-1.27332,0.42868,0.36414,-0.86598,0.0195,-0.1368,0.0195,0.0195,-0.1368,-0.0195,-0.0195,-0.0977,-0.0195,0.0977,-0.1368,0.0195,-0.40737,-0.07629,-0.68670,0.57604,-0.07070,-0.97448,-0.50384,0.39792,-1.27329,0.42791,0.35350,-0.86607,0.183,0.403,0.110,0.037,-0.037,-0.110,-0.183,0.037,0.037,-0.110,-0.183,-0.110,30.00,1.200
1.5300,ramp,0.2,-0.9998,nan,-0.40729,-0.07921,-0.68661,0.57582,-0.06503,-0.97448,-0.50406,0.40648,-1.27329,0.42868,0.36359,-0.86598,0.0195,-0.0586,-0.0586,-0.0195,-0.1368,-0.0586,-0.0195,-0.0977,0.1368,0.0977,-0.1368,0.0195,-0.40737,-0.07769,-0.68670,0.57604,-0.07209,-0.97448,-0.50384,0.39652,-1.27329,0.42791,0.35210,-0.86607,0.037,0.256,0.110,0.110,-0.110,-0.110,-0.183,0.037,0.110,-0.110,-0.183,-0.110,30.00,1.200
1.5350,ramp,0.1,-0.9998,nan,-0.40729,-0.07951,-0.68661,0.57582,-0.06547,-0.97448,-0.50399,0.40648,-1.27327,0.42879,0.36304,-0.86598,0.0586,-0.0195,0.0195,0.0195,-0.1368,-0.0195,-0.0195,-0.0977,-0.0195,0.0195,-0.1368,0.0195,-0.40737,-0.07911,-0.68670,0.57604,-0.07352,-0.97448,-0.50384,0.39509,-1.27329,0.42791,0.35068,-0.86607,0.037,0.256,0.037,0.183,-0.110,-0.110,-0.037,0.037,0.110,-0.110,-0.183,-0.110,30.00,1.200
1.5400,ramp,0.1,-0.9998,nan,-0.40729,-0.07965,-0.68661,0.57582,-0.06565,-0.97448,-0.50406,0.40556,-1.27338,0.42879,0.36239,-0.86598,0.0586,0.0195,0.0195,0.0586,-0.0977,-0.0586,-0.0195,-0.0977,-0.0195,0.0195,-0.1758,0.0195,-0.40737,-0.08057,-0.68670,0.57604,-0.07498,-0.97448,-0.50384,0.39363,-1.27329,0.42791,0.34922,-0.86607,0.110,0.330,0.037,0.183,-0.110,-0.110,-0.110,0.037,0.110,-0.110,-0.183,-0.110,30.00,1.200
1.5450,ramp,0.1,-0.9998,nan,-0.40729,-0.07987,-0.68661,0.57582,-0.06638,-0.97451,-0.50406,0.40468,-1.27338,0.42879,0.36158,-0.86598,0.0195,-0.1368,0.0195,0.0586,-0.0977,0.0195,-0.0195,-0.1758,-0.0195,0.0195,-0.1368,0.0195,-0.40737,-0.08207,-0.68670,0.57604,-0.07647,-0.97448,-0.50384,0.39214,-1.27329,0.42791,0.34772,-0.86607,0.037,0.256,0.110,0.110,-0.110,-0.110,-0.037,0.037,0.110,-0.110,-0.183,-0.110,30.00,1.200
1.5500,ramp,0.1,-0.9998,nan,-0.40733,-0.08016,-0.68661,0.57586,-0.06722,-0.97448,-0.50399,0.40446,-1.27332,0.42879,0.36048,-0.86598,0.0195,-0.0586,0.0195,0.0586,-0.0977,-0.0586,-0.0195,-0.1758,0.0195,0.0195,-0.2149,0.0195,-0.40737,-0.08359,-0.68670,0.57604,-0.07800,-0.97448,-0.50384,0.39062,-1.27329,0.42791,0.34620,-0.86607,0.037,0.183,0.183,0.183,-0.110,-0.110,-0.037,0.037,0.037,-0.110,-0.110,-0.110,30.00,1.200
1.5550,ramp,0.1,-0.9998,nan,-0.40733,-0.08053,-0.68661,0.57582,-0.06766,-0.97442,-0.50406,0.40315,-1.27327,0.42879,0.35957,-0.86598,0.1368,0.0195,0.0195,0.0586,-0.2149,-0.0195,0.0586,-0.1758,0.0195,0.0195,-0.2930,0.0195,-0.40737,-0.08514,-0.68670,0.57604,-0.07955,-0.97448,-0.50384,0.38906,-1.27329,0.42791,0.34465,-0.86607,0.110,0.110,0.183,0.110,-0.183,-0.110,-0.037,0.037,0.110,-0.110,-0.110,-0.110,30.00,1.200
1.5600,ramp,0.1,-0.9998,nan,-0.40733,-0.08064,-0.68661,0.57582,-0.06850,-0.97442,-0.50399,0.40176,-1.27327,0.42879,0.35844,-0.86598,0.0195,-0.0586,0.0195,-0.0195,-0.2149,-0.0195,-0.0977,-0.2149,-0.0195,-0.1368,-0.3321,0.0195,-0.40737,-0.08673,-0.68670,0.57604,-0.08113,-0.97448,-0.50384,0.38748,-1.27329,0.42791,0.34306,-0.86607,0.110,0.256,0.183,0.110,-0.183,-0.110,-0.110,0.110,0.110,-0.183,-0.037,-0.110,30.00,1.200
1.5650,ramp,0.1,-0.9998,nan,-0.40733,-0.08100,-0.68661,0.57586,-0.06923,-0.97442,-0.50406,0.40041,-1.27329,0.42879,0.35701,-0.86598,0.0195,-0.0586,0.0195,0.0586,-0.1368,-0.0195,0.1368,-0.2540,0.0195,-0.1368,-0.3712,0.0195,-0.40737,-0.08833,-0.68670,0.57604,-0.08274,-0.97448,-0.50384,0.38587,-1.27329,0.42791,0.34146,-0.86607,0.110,0.110,0.110,0.037,-0.183,-0.110,-0.110,0.037,0.110,-0.183,-0.037,-0.110,30.00,1.200
1.5700,ramp,1.0,-0.9998,nan,-0.40733,-0.08122,-0.68661,0.57586,-0.06993,-0.97448,-0.50406,0.40041,-1.27327,0.42886,0.35577,-0.86598,-0.0195,0.0195,0.0195,-0.0586,-0.2149,-0.0195,-0.0977,-0.2540,-0.0195,-0.0977,-0.3321,0.0195,-0.40737,-0.08997,-0.68670,0.57604,-0.08438,-0.97448,-0.50384,0.38424,-1.27329,0.42791,0.33982,-0.86607,0.037,0.037,0.110,0.110,-0.183,-0.110,-0.110,0.037,0.110,-0.110,-0.037,-0.110,30.00,1.200
1.5750,ramp,1.0,-0.9998,nan,-0.40733,-0.08130,-0.68670,0.57582,-0.07055,-0.97442,-0.50414,0.39880,-1.27332,0.42886,0.35409,-0.86598,0.0195,0.0195,0.0195,0.0586,-0.1368,-0.0586,-0.0195,-0.2540,0.0195,-0.0195,-0.2540,0.0195,-0.40737,-0.09163,-0.68670,0.57604,-0.08604,-0.97448,-0.50384,0.38258,-1.27329,0.42791,0.33816,-0.86607,0.183,0.037,0.110,0.110,-0.183,-0.110,-0.037,0.110,0.110,-0.110,-0.037,-0.110,30.00,1.200
1.5800,ramp,1.0,-0.9998,nan,-0.40722,-0.08170,-0.68661,0.57582,-0.07190,-0.97442,-0.50414,0.39693,-1.27332,0.42886,0.35273,-0.86598,0.0195,-0.0977,0.0977,-0.0195,-0.2930,-0.0195,-0.0195,-0.2930,0.0195,-0.0195,-0.2930,0.0195,-0.40737,-0.09331,-0.68670,0.57604,-0.08772,-0.97448,-0.50384,0.38090,-1.27329,0.42791,0.33648,-0.86607,0.037,0.037,0.110,0.110,-0.183,-0.037,-0.110,0.110,0.110,-0.110,-0.037,-0.110,30.00,1.200
1.5850,ramp,0.9,-0.9998,nan,-0.40733,-0.08206,-0.68661,0.57593,-0.07300,-0.97451,-0.50421,0.39551,-1.27327,0.42886,0.35160,-0.86601,0.0195,-0.0586,0.0195,0.0195,-0.2540,0.0195,-0.0977,-0.3321,0.0195,-0.0977,-0.2930,-0.0586,-0.40737,-0.09501,-0.68670,0.57604,-0.08942,-0.97448,-0.50384,0.37919,-1.27329,0.42791,0.33478,-0.86607,0.110,-0.037,0.037,0.110,-0.256,-0.037,-0.037,0.037,0.110,-0.183,-0.110,-0.037,30.00,1.200
1.5900,ramp,0.9,-0.9998,nan,-0.40740,-0.08276,-0.68670,0.57582,-0.07337,-0.97448,-0.50421,0.39500,-1.27327,0.42886,0.34908,-0.86601,0.0977,-0.2149,-0.0195,0.0195,-0.2149,0.0586,-0.0977,-0.2930,0.0195,-0.0977,-0.2149,-0.0586,-0.40737,-0.09674,-0.68670,0.57604,-0.09115,-0.97448,-0.50384,0.37747,-1.27329,0.42791,0.33305,-0.86607,0.037,-0.037,0.110,0.110,-0.183,-0.110,-0.110,0.037,0.110,-0.183,-0.110,-0.037,30.00,1.200
1.5950,ramp,0.9,-0.9998,nan,-0.40733,-0.08320,-0.68661,0.57582,-0.07453,-0.97448,-0.50428,0.39331,-1.27327,0.42886,0.34773,-0.86607,0.0977,-0.1368,0.0195,0.0977,-0.2149,-0.0586,-0.0195,-0.2540,0.0195,-0.0977,-0.4103,-0.0195,-0.40737,-0.09848,-0.68670,0.57604,-0.09289,-0.97448,-0.50384,0.37573,-1.27329,0.42791,0.33131,-0.86607,0.037,-0.110,0.110,0.110,-0.256,-0.037,-0.110,0.110,0.110,-0.183,-0.110,-0.110,30.00,1.200
1.6000,ramp,0.9,-0.9998,nan,-0.40733,-0.08360,-0.68661,0.57582,-0.07559,-0.97448,-0.50421,0.39145,-1.27332,0.42897,0.34689,-0.86609,0.0195,-0.1368,0.0977,0.1368,-0.2540,-0.0195,-0.0195,-0.2930,0.0195,0.0195,-0.2930,-0.0586,-0.40737,-0.10024,-0.68670,0.57604,-0.09465,-0.97448,-0.50384,0.37397,-1.27329,0.42791,0.32955,-0.86607,0.037,-0.110,0.110,0.110,-0.256,-0.110,-0.037,0.037,0.110,-0.037,-0.110,-0.037,30.00,1.200
1.6050,ramp,0.9,-0.9998,nan,-0.40733,-0.08466,-0.68670,0.57582,-0.07728,-0.97448,-0.50414,0.38984,-1.27332,0.42894,0.34553,-0.86609,0.0195,-0.1368,0.0195,-0.0195,-0.2149,-0.0195,0.0586,-0.2930,0.0195,0.0195,-0.2149,-0.0586,-0.40737,-0.10201,-0.68670,0.57604,-0.09642,-0.97448,-0.50384,0.37219,-1.27329,0.42791,0.32778,-0.86607,0.037,-0.037,0.037,0.110,-0.256,-0.110,-0.183,0.110,0.110,-0.110,-0.183,-0.037,30.00,1.200
1.6100,ramp,0.8,-0.9998,nan,-0.40733,-0.08598,-0.68670,0.57582,-0.07812,-0.97442,-0.50428,0.38816,-1.27327,0.42894,0.34414,-0.86607,0.0195,-0.2149,-0.0195,0.0195,-0.2149,-0.0195,-0.0195,-0.2930,0.0195,-0.0977,-0.2149,-0.0195,-0.40737,-0.10380,-0.68670,0.57604,-0.09821,-0.97448,-0.50384,0.37041,-1.27329,0.42791,0.32599,-0.86607,0.183,-0.037,0.110,0.110,-0.330,-0.037,-0.110,0.110,0.110,-0.037,-0.183,0.037,30.00,1.200
1.6150,ramp,0.8,-0.9998,nan,-0.40729,-0.08689,-0.68667,0.57582,-0.07954,-0.97451,-0.50421,0.38725,-1.27327,0.42897,0.34301,-0.86612,0.0195,-0.3321,0.0195,0.0195,-0.1758,-0.0195,-0.0195,-0.2149,0.0586,0.0195,-0.2930,0.0586,-0.40737,-0.10560,-0.68670,0.57604,-0.10001,-0.97448,-0.50384,0.36860,-1.27329,0.42791,0.32419,-0.86607,0.037,-0.037,0.110,0.110,-0.330,-0.110,-0.110,0.110,0.110,-0.110,-0.256,-0.037,30.00,1.200
1.6200,ramp,0.8,-0.9998,nan,-0.40733,-0.08810,-0.68670,0.57582,-0.07980,-0.97448,-0.50421,0.38498,-1.27329,0.42894,0.34162,-0.86607,-0.0586,-0.1368,-0.0586,0.0195,-0.0195,0.0586,-0.0195,-0.2930,0.0195,-0.0195,-0.2540,-0.0977,-0.40737,-0.10742,-0.68670,0.57604,-0.10182,-0.97448,-0.50384,0.36679,-1.27329,0.42791,0.32237,-0.86607,0.037,-0.037,0.110,0.110,-0.403,-0.110,-0.183,0.110,0.110,-0.110,-0.256,-0.037,30.00,1.200
1.6250,ramp,0.8,-0.9998,nan,-0.40733,-0.08930,-0.68661,0.57582,-0.08042,-0.97451,-0.50428,0.38330,-1.27327,0.42886,0.34067,-0.86607,-0.0586,-0.2540,0.0195,-0.0195,-0.1368,-0.0195,-0.0195,-0.3321,0.0195,-0.0195,-0.2930,-0.0195,-0.40737,-0.10924,-0.68670,0.57604,-0.10364,-0.97448,-0.50384,0.36497,-1.27329,0.42791,0.32055,-0.86607,0.183,-0.037,0.037,0.110,-0.549,-0.110,-0.110,0.110,0.110,-0.110,-0.256,0.037,30.00,1.200
1.6300,ramp,0.7,-0.9998,nan,-0.40740,-0.09069,-0.68661,0.57582,-0.08097,-0.97448,-0.50428,0.38129,-1.27327,0.42886,0.33888,-0.86607,0.0195,-0.2149,0.0195,0.1368,-0.2149,0.0586,-0.0195,-0.2930,0.0195,-0.0586,-0.2930,0.0195,-0.40737,-0.11106,-0.68670,0.57604,-0.10547,-0.97448,-0.50384,0.36315,-1.27329,0.42791,0.31873,-0.86607,0.110,-0.110,0.110,0.110,-0.549,-0.110,-0.110,0.037,0.110,-0.110,-0.256,0.037,30.00,1.200
1.6350,ramp,0.7,-0.9998,nan,-0.40748,-0.09179,-0.68670,0.57582,-0.08163,-0.97448,-0.50428,0.37971,-1.27327,0.42890,0.33709,-0.86607,0.0195,-0.3321,0.0195,0.0195,-0.1368,-0.0195,0.0586,-0.2540,0.0195,-0.0977,-0.3712,-0.0195,-0.40737,-0.11290,-0.68670,0.57604,-0.10730,-0.97448,-0.50384,0.36131,-1.27329,0.42791,0.31689,-0.86607,0.110,-0.110,0.110,0.037,-0.549,-0.110,-0.110,0.037,0.037,-0.183,-0.110,-0.110,30.00,1.200
1.6400,ramp,0.7,-0.9998,nan,-0.40748,-0.09292,-0.68661,0.57582,-0.08236,-0.97448,-0.50428,0.37884,-1.27327,0.42886,0.33541,-0.86607,-0.0977,-0.3321,0.0977,0.0195,-0.2149,-0.0586,-0.0195,-0.3321,0.0195,-0.0195,-0.3321,-0.0195,-0.40737,-0.11473,-0.68670,0.57604,-0.10914,-0.97448,-0.50384,0.35948,-1.27329,0.42791,0.31506,-0.86607,0.183,-0.110,0.110,0.110,-0.549,-0.110,-0.037,0.037,0.110,-0.183,-0.110,-0.037,30.00,1.200
1.6450,ramp,0.7,-0.9998,nan,-0.40759,-0.09464,-0.68661,0.57593,-0.08280,-0.97451,-0.50428,0.37686,-1.27321,0.42879,0.33369,-0.86607,0.0195,-0.2930,-0.0586,0.0195,-0.2149,-0.0586,-0.0195,-0.3712,-0.0586,0.0195,-0.4103,-0.0195,-0.40737,-0.11657,-0.68670,0.57604,-0.11098,-0.97448,-0.50384,0.35764,-1.27329,0.42791,0.31322,-0.86607,0.037,-0.110,0.110,0.037,-0.549,-0.110,-0.037,0.037,0.110,-0.110,-0.110,-0.037,30.00,1.200
1.6500,ramp,0.7,-0.9998,nan,-0.40770,-0.09552,-0.68667,0.57590,-0.08397,-0.97442,-0.50436,0.37536,-1.27327,0.42879,0.33197,-0.86598,-0.0977,-0.1758,0.0977,0.0195,-0.1758,0.0195,-0.0977,-0.2540,-0.0586,0.0195,-0.3321,-0.0195,-0.40737,-0.11841,-0.68670,0.57604,-0.11281,-0.97448,-0.50384,0.35580,-1.27329,0.42791,0.31138,-0.86607,0.110,-0.183,0.110,0.110,-0.696,-0.110,-0.110,0.037,0.183,-0.110,-0.183,-0.037,30.00,1.200
1.6550,ramp,0.6,-0.9998,nan,-0.40770,-0.09636,-0.68661,0.57582,-0.08481,-0.97451,-0.50428,0.37471,-1.27327,0.42879,0.32996,-0.86607,0.0195,-0.0586,0.0195,0.0195,-0.2149,0.0195,-0.0195,-0.2540,-0.0586,-0.0195,-0.4103,-0.0977,-0.40737,-0.12024,-0.68670,0.57604,-0.11465,-0.97448,-0.50384,0.35397,-1.27329,0.42791,0.30955,-0.86607,0.037,-0.256,0.037,0.110,-0.623,-0.110,-0.037,0.037,0.110,-0.110,-0.037,-0.037,30.00,1.200
1.6600,ramp,0.6,-0.9998,nan,-0.40799,-0.09723,-0.68661,0.57582,-0.08521,-0.97448,-0.50428,0.37262,-1.27327,0.42879,0.32802,-0.86607,0.0195,-0.1758,0.0195,0.0195,-0.1758,-0.0195,-0.1758,-0.3321,0.0195,0.0977,-0.3712,-0.0195,-0.40737,-0.12207,-0.68670,0.57604,-0.11648,-0.97448,-0.50384,0.35214,-1.27329,0.42791,0.30772,-0.86607,0.110,-0.330,0.110,0.110,-0.696,-0.110,-0.037,-0.037,0.110,-0.110,-0.110,0.037,30.00,1.200
1.6650,ramp,0.6,-0.9998,nan,-0.40817,-0.09811,-0.68661,0.57582,-0.08660,-0.97451,-0.50428,0.37083,-1.27318,0.42875,0.32630,-0.86607,-0.0195,-0.1758,0.0195,0.0586,-0.2930,-0.0586,-0.0195,-0.2149,0.0977,0.0977,-0.3712,-0.0586,-0.40737,-0.12390,-0.68670,0.57604,-0.11830,-0.97448,-0.50384,0.35031,-1.27329,0.42791,0.30589,-0.86607,0.183,-0.256,0.037,0.110,-0.623,-0.110,-0.037,0.037,0.110,-0.110,-0.110,0.037,30.00,1.200
1.6700,ramp,0.6,-0.9998,nan,-0.40846,-0.09906,-0.68661,0.57586,-0.08821,-0.97451,-0.50436,0.36882,-1.27327,0.42864,0.32470,-0.86607,0.0195,-0.2149,0.0195,-0.0977,-0.2540,-0.0977,-0.1758,-0.3321,0.0195,-0.0195,-0.2930,-0.0195,-0.40737,-0.12571,-0.68670,0.57604,-0.12012,-0.97448,-0.50384,0.34849,-1.27329,0.42791,0.30408,-0.86607,0.183,-0.330,0.110,0.110,-0.623,-0.110,-0.037,0.037,0.110,-0.110,-0.110,-0.037,30.00,1.200
1.6750,ramp,0.6,-0.9998,nan,-0.40872,-0.10001,-0.68661,0.57582,-0.08949,-0.97448,-0.50436,0.36816,-1.27327,0.42864,0.32320,-0.86601,0.0977,-0.2149,-0.0586,-0.0586,-0.3712,-0.0195,-0.0977,-0.2540,0.0195,-0.0195,-0.3712,-0.0195,-0.40737,-0.12752,-0.68670,0.57604,-0.12193,-0.97448,-0.50384,0.34669,-1.27329,0.42791,0.30227,-0.86607,0.183,-0.330,0.110,0.037,-0.549,-0.110,-0.110,0.037,0.110,-0.110,-0.183,-0.183,30.00,1.200
1.6800,ramp,0.6,-0.9998,nan,-0.40901,-0.10111,-0.68661,0.57582,-0.09091,-0.97448,-0.50443,0.36626,-1.27327,0.42864,0.32151,-0.86601,-0.2149,-0.1758,-0.0586,0.0195,-0.3321,-0.0586,-0.0195,-0.2540,0.0977,-0.0195,-0.3712,-0.0195,-0.40737,-0.12932,-0.68670,0.57604,-0.12373,-0.97448,-0.50384,0.34489,-1.27329,0.42791,0.30047,-0.86607,0.183,-0.330,0.110,0.110,-0.549,-0.110,-0.037,-0.037,0.110,-0.110,-0.183,-0.110,30.00,1.200
1.6850,ramp,0.5,-0.9998,nan,-0.40938,-0.10239,-0.68661,0.57593,-0.09252,-0.97448,-0.50450,0.36443,-1.27327,0.42857,0.31998,-0.86607,-0.0195,-0.2540,0.0195,0.0195,-0.2930,-0.0195,-0.0195,-0.2930,0.0586,-0.0195,-0.2930,-0.0977,-0.40737,-0.13110,-0.68670,0.57604,-0.12551,-0.97448,-0.50384,0.34311,-1.27329,0.42791,0.29869,-0.86607,0.183,-0.403,0.183,0.110,-0.549,-0.110,-0.110,-0.037,0.110,-0.110,-0.183,-0.110,30.00,1.200
1.6900,ramp,0.5,-0.9998,nan,-0.40967,-0.10316,-0.68661,0.57582,-0.09409,-0.97448,-0.50450,0.36421,-1.27318,0.42864,0.31841,-0.86607,-0.0977,-0.2540,0.0195,-0.0586,-0.2930,-0.0586,-0.0195,-0.2540,-0.0586,-0.0195,-0.4493,-0.0195,-0.40737,-0.13287,-0.68670,0.57604,-0.12727,-0.97448,-0.50384,0.34134,-1.27329,0.42791,0.29692,-0.86607,0.256,-0.403,0.037,0.110,-0.549,-0.110,-0.037,0.037,0.037,-0.110,-0.183,-0.110,30.00,1.200
1.6950,ramp,0.5,-0.9998,nan,-0.41007,-0.10451,-0.68670,0.57634,-0.09541,-0.97451,-0.50458,0.36239,-1.27327,0.42857,0.31684,-0.86607,-0.1758,-0.2149,-0.0586,0.0977,-0.3321,0.0195,0.0586,-0.2930,-0.0586,-0.0195,-0.3321,-0.0195,-0.40737,-0.13462,-0.68670,0.57604,-0.12902,-0.97448,-0.50384,0.33959,-1.27329,0.42791,0.29517,-0.86607,0.256,-0.330,0.110,-0.037,-0.549,-0.110,-0.037,-0.037,0.110,-0.110,-0.256,0.037,30.00,1.200
1.7000,ramp,0.5,-0.9998,nan,-0.41051,-0.10531,-0.68661,0.57696,-0.09720,-0.97448,-0.50465,0.36034,-1.27327,0.42839,0.31508,-0.86607,-0.0586,-0.1758,0.0977,0.2540,-0.4493,0.0195,-0.0195,-0.2149,0.0195,-0.0195,-0.3321,0.0586,-0.40737,-0.13635,-0.68670,0.57604,-0.13075,-0.97448,-0.50384,0.33786,-1.27329,0.42791,0.29344,-0.86607,0.256,-0.476,0.037,-0.037,-0.549,-0.110,-0.037,-0.110,0.110,-0.037,-0.183,0.037,30.00,1.200
1.7050,ramp,0.4,-0.9998,nan,-0.41113,-0.10597,-0.68670,0.57736,-0.09928,-0.97448,-0.50472,0.35796,-1.27338,0.42799,0.31325,-0.86607,-0.1758,-0.1758,0.0195,0.1368,-0.4103,-0.0586,-0.0195,-0.2540,0.0195,-0.1758,-0.4493,-0.0195,-0.40737,-0.13805,-0.68670,0.57604,-0.13246,-0.97448,-0.50384,0.33615,-1.27329,0.42791,0.29174,-0.86607,0.256,-0.476,0.110,-0.110,-0.476,-0.037,-0.110,-0.037,0.110,-0.037,-0.183,-0.256,30.00,1.200
1.7100,ramp,0.4,-0.9998,nan,-0.41121,-0.10707,-0.68667,0.57802,-0.10093,-0.97448,-0.50461,0.35774,-1.27315,0.42791,0.31139,-0.86607,0.0195,-0.1758,0.0586,0.2540,-0.2930,-0.0586,0.0586,-0.2149,0.0195,-0.0195,-0.4103,-0.0977,-0.40737,-0.13974,-0.68670,0.57604,-0.13415,-0.97448,-0.50384,0.33447,-1.27329,0.42791,0.29005,-0.86607,0.256,-0.623,0.037,-0.110,-0.476,-0.110,-0.183,-0.110,0.110,-0.037,-0.183,-0.037,30.00,1.200
1.7150,ramp,0.4,-0.9998,nan,-0.41139,-0.10809,-0.68661,0.57879,-0.10155,-0.97451,-0.50458,0.35537,-1.27318,0.42773,0.30934,-0.86607,-0.0195,-0.1758,-0.0586,0.1368,-0.3321,-0.0586,0.0586,-0.2540,0.0195,-0.0195,-0.4493,-0.0586,-0.40737,-0.14140,-0.68670,0.57604,-0.13581,-0.97448,-0.50384,0.33281,-1.27329,0.42791,0.28839,-0.86607,0.256,-0.476,0.037,-0.110,-0.623,-0.110,-0.110,-0.037,0.110,-0.037,-0.110,-0.110,30.00,1.200
1.7200,ramp,0.4,-0.9998,nan,-0.41165,-0.10926,-0.68670,0.57915,-0.10455,-0.97451,-0.50450,0.35325,-1.27318,0.42762,0.30718,-0.86598,-0.0977,-0.2540,0.0977,0.2149,-0.4493,-0.0195,-0.0195,-0.3321,-0.0195,0.0195,-0.3321,-0.0586,-0.40737,-0.14303,-0.68670,0.57604,-0.13744,-0.97448,-0.50384,0.33118,-1.27329,0.42791,0.28676,-0.86607,0.330,-0.476,0.110,-0.110,-0.476,-0.110,-0.037,-0.037,0.110,-0.037,-0.037,-0.183,30.00,1.200
1.7250,ramp,0.4,-0.9998,nan,-0.41212,-0.11058,-0.68661,0.57959,-0.10652,-0.97451,-0.50450,0.35146,-1.27327,0.42755,0.30492,-0.86607,-0.0586,-0.2930,0.0195,0.0977,-0.3712,-0.0586,-0.0195,-0.3321,-0.0586,-0.0195,-0.3321,-0.0195,-0.40737,-0.14463,-0.68670,0.57604,-0.13904,-0.97448,-0.50384,0.32957,-1.27329,0.42791,0.28516,-0.86607,0.330,-0.403,0.110,-0.110,-0.476,-0.110,-0.110,0.037,0.110,-0.110,-0.110,-0.110,30.00,1.200
1.7300,ramp,0.3,-0.9998,nan,-0.41238,-0.11149,-0.68667,0.57985,-0.10813,-0.97457,-0.50458,0.34988,-1.27318,0.42751,0.30426,-0.86598,-0.0586,-0.3712,-0.0195,0.0977,-0.5275,-0.0586,-0.0977,-0.0977,0.0195,-0.0977,-0.0195,-0.0195,-0.40737,-0.14621,-0.68670,0.57604,-0.14061,-0.97448,-0.50384,0.32800,-1.27329,0.42791,0.28358,-0.86607,0.330,-0.476,0.110,-0.037,-0.476,-0.110,-0.037,-0.110,0.037,-0.037,-0.403,-0.110,30.00,1.200
1.7350,ramp,0.3,-0.9998,nan,-0.41278,-0.11310,-0.68670,0.57985,-0.11007,-0.97459,-0.50476,0.34970,-1.27318,0.42744,0.30415,-0.86598,0.0195,-0.2149,0.0195,0.0586,-0.4493,-0.0195,-0.1758,0.0195,-0.0195,-0.0586,-0.1368,-0.0977,-0.40737,-0.14774,-0.68670,0.57604,-0.14215,-0.97448,-0.50384,0.32646,-1.27329,0.42791,0.28205,-0.86607,0.330,-0.476,0.037,-0.037,-0.476,-0.037,-0.037,-0.330,0.110,-0.037,-0.549,-0.183,30.00,1.200
1.7400,ramp,0.3,-0.9998,nan,-0.41289,-0.11464,-0.68670,0.57988,-0.11204,-0.97451,-0.50487,0.34901,-1.27318,0.42744,0.30331,-0.86598,0.0586,-0.2930,-0.0586,-0.0195,-0.2930,0.0586,-0.0195,-0.1758,0.0195,-0.0195,-0.2149,0.0977,-0.40737,-0.14925,-0.68670,0.57604,-0.14366,-0.97448,-0.50384,0.32496,-1.27329,0.42791,0.28054,-0.86607,0.256,-0.403,0.110,-0.037,-0.476,-0.110,-0.037,-0.330,0.037,-0.037,-0.403,-0.037,30.00,1.200
1.7450,ramp,0.3,-0.9998,nan,-0.41285,-0.11584,-0.68670,0.57992,-0.11453,-0.97451,-0.50494,0.34787,-1.27318,0.42736,0.30236,-0.86598,-0.0977,-0.2149,0.0586,0.0195,-0.4493,-0.0977,-0.0195,-0.2540,0.0195,-0.0195,-0.1758,-0.0195,-0.40737,-0.15072,-0.68670,0.57604,-0.14512,-0.97448,-0.50384,0.32349,-1.27329,0.42791,0.27907,-0.86607,0.256,-0.476,0.183,0.037,-0.476,-0.037,-0.037,-0.256,0.110,-0.037,-0.403,-0.110,30.00,1.200
1.7500,ramp,0.2,-0.9998,nan,-0.41325,-0.11793,-0.68667,0.57985,-0.11643,-0.97459,-0.50509,0.34740,-1.27327,0.42736,0.30133,-0.86598,0.0195,-0.2540,0.0195,0.0586,-0.3712,-0.0586,-0.1758,-0.1368,0.0195,-0.0195,-0.2930,0.0586,-0.40737,-0.15214,-0.68670,0.57604,-0.14655,-0.97448,-0.50384,0.32206,-1.27329,0.42791,0.27765,-0.86607,0.330,-0.403,0.110,-0.037,-0.403,-0.183,-0.037,-0.256,0.110,-0.037,-0.476,-0.183,30.00,1.200
1.7550,ramp,0.2,-0.9998,nan,-0.41340,-0.11924,-0.68661,0.57966,-0.11760,-0.97451,-0.50523,0.34627,-1.27318,0.42733,0.30064,-0.86598,0.0195,-0.3712,-0.0586,0.0586,-0.3712,0.0586,0.0977,0.0195,0.0195,-0.1368,-0.0977,0.0195,-0.40737,-0.15353,-0.68670,0.57604,-0.14794,-0.97448,-0.50384,0.32068,-1.27329,0.42791,0.27626,-0.86607,0.256,-0.476,0.110,0.037,-0.476,-0.037,-0.037,-0.403,0.110,-0.110,-0.549,-0.037,30.00,1.200
1.7600,ramp,0.2,-0.9998,nan,-0.41362,-0.12071,-0.68670,0.57966,-0.12001,-0.97451,-0.50520,0.34634,-1.27327,0.42722,0.29994,-0.86607,-0.0586,-0.1758,0.0195,0.0195,-0.3712,-0.0977,0.0195,0.0977,0.0195,-0.0195,-0.2149,-0.0977,-0.40737,-0.15488,-0.68670,0.57604,-0.14928,-0.97448,-0.50384,0.31933,-1.27329,0.42791,0.27491,-0.86607,0.330,-0.476,0.110,0.037,-0.476,-0.110,-0.037,-0.623,0.037,-0.037,-0.549,-0.037,30.00,1.200
1.7650,ramp,0.2,-0.9998,nan,-0.41351,-0.12188,-0.68661,0.57955,-0.12162,-0.97459,-0.50509,0.34641,-1.27318,0.42725,0.29936,-0.86598,0.0195,-0.2149,0.0195,0.0195,-0.2930,-0.0195,0.0586,0.0195,-0.0195,-0.0195,-0.1758,0.0195,-0.40737,-0.15618,-0.68670,0.57604,-0.15058,-0.97448,-0.50384,0.31803,-1.27329,0.42791,0.27361,-0.86607,0.256,-0.476,0.110,0.037,-0.476,-0.110,-0.110,-0.623,0.037,-0.037,-0.623,0.037,30.00,1.200
1.7700,ramp,0.1,-0.9998,nan,-0.41340,-0.12348,-0.68661,0.57944,-0.12221,-0.97451,-0.50523,0.34641,-1.27318,0.42722,0.29874,-0.86598,0.0195,-0.3712,0.0195,0.0195,-0.3321,0.0586,-0.0195,0.0195,0.0195,-0.0195,-0.2149,0.0195,-0.40737,-0.15743,-0.68670,0.57604,-0.15184,-0.97448,-0.50384,0.31678,-1.27329,0.42791,0.27236,-0.86607,0.256,-0.403,0.110,0.037,-0.549,-0.110,-0.037,-0.696,0.183,-0.110,-0.623,-0.037,30.00,1.200
1.7750,ramp,0.1,-0.9998,nan,-0.41333,-0.12465,-0.68670,0.57948,-0.12403,-0.97459,-0.50523,0.34627,-1.27318,0.42715,0.29805,-0.86607,0.0195,-0.2540,0.0195,0.0586,-0.3321,-0.1368,0.0586,0.0977,-0.0195,0.0195,-0.2149,-0.0195,-0.40737,-0.15864,-0.68670,0.57604,-0.15305,-0.97448,-0.50384,0.31557,-1.27329,0.42791,0.27115,-0.86607,0.256,-0.403,0.110,0.037,-0.549,-0.110,-0.037,-0.696,0.110,-0.110,-0.623,-0.183,30.00,1.200
1.7800,ramp,0.1,-0.9998,nan,-0.41340,-0.12685,-0.68670,0.57937,-0.12593,-0.97457,-0.50523,0.34605,-1.27318,0.42715,0.29746,-0.86607,-0.0586,-0.2930,0.0977,0.1368,-0.2930,-0.0195,0.0195,0.0195,-0.0977,0.0195,-0.0977,0.0977,-0.40737,-0.15980,-0.68670,0.57604,-0.15421,-0.97448,-0.50384,0.31441,-1.27329,0.42791,0.26999,-0.86607,0.256,-0.330,0.110,0.037,-0.476,-0.256,-0.037,-0.696,0.037,-0.110,-0.549,0.037,30.00,1.200
1.7850,ramp,0.1,-0.9998,nan,-0.41351,-0.12838,-0.68670,0.57937,-0.12762,-0.97459,-0.50538,0.34597,-1.27315,0.42715,0.29695,-0.86607,0.0195,-0.3712,0.0977,-0.0195,-0.4103,-0.0195,0.0586,-0.0586,-0.0977,-0.0195,-0.2930,-0.2149,-0.40737,-0.16090,-0.68670,0.57604,-0.15531,-0.97448,-0.50384,0.31330,-1.27329,0.42791,0.26889,-0.86607,0.330,-0.330,0.110,0.037,-0.403,-0.110,-0.037,-0.696,0.110,-0.110,-0.549,-0.183,30.00,1.200
1.7900,ramp,0.1,-0.9998,nan,-0.41351,-0.12966,-0.68670,0.57919,-0.12886,-0.97451,-0.50530,0.34583,-1.27318,0.42715,0.29607,-0.86607,0.0195,-0.2540,0.0195,-0.0195,-0.2149,-0.0977,0.0586,-0.0586,-0.0195,-0.0195,-0.1758,-0.2149,-0.40737,-0.16196,-0.68670,0.57604,-0.15637,-0.97448,-0.50384,0.31225,-1.27329,0.42791,0.26783,-0.86607,0.256,-0.403,0.110,0.037,-0.549,-0.110,-0.110,-0.842,0.110,-0.110,-0.623,-0.183,30.00,1.200
1.7950,ramp,0.1,-0.9998,nan,-0.41351,-0.13094,-0.68670,0.57904,-0.13017,-0.97459,-0.50538,0.34564,-1.27318,0.42715,0.29505,-0.86607,0.0195,-0.3712,0.0586,-0.0586,-0.2930,0.0195,-0.0195,0.0195,-0.0586,-0.0195,-0.2930,-0.2149,-0.40737,-0.16296,-0.68670,0.57604,-0.15737,-0.97448,-0.50384,0.31125,-1.27329,0.42791,0.26683,-0.86607,0.256,-0.476,0.110,0.037,-0.476,-0.110,-0.037,-0.769,0.110,-0.110,-0.623,-0.183,30.00,1.200
1.8000,ramp,0.0,-0.9998,nan,-0.41362,-0.13328,-0.68670,0.57882,-0.13156,-0.97459,-0.50523,0.34564,-1.27318,0.42715,0.29421,-0.86607,-0.0977,-0.2540,0.0586,-0.0195,-0.2149,-0.0195,-0.0195,0.0977,0.0586,-0.0195,-0.1758,-0.2149,-0.40737,-0.16390,-0.68670,0.57604,-0.15831,-0.97448,-0.50384,0.31031,-1.27329,0.42791,0.26589,-0.86607,0.256,-0.330,0.110,0.037,-0.476,-0.110,-0.037,-0.769,0.110,-0.110,-0.549,-0.183,30.00,1.200
1.8050,ramp,0.1,-0.9998,nan,-0.41362,-0.13427,-0.68670,0.57864,-0.13288,-0.97459,-0.50538,0.34535,-1.27318,0.42715,0.29351,-0.86607,0.0586,-0.1758,0.0195,-0.0977,-0.3321,0.0586,-0.0195,-0.0586,0.0586,0.0586,-0.2149,-0.2149,-0.40737,-0.16479,-0.68670,0.57604,-0.15919,-0.97448,-0.50384,0.30942,-1.27329,0.42791,0.26500,-0.86607,0.256,-0.330,0.110,0.110,-0.476,-0.110,-0.037,-0.842,0.110,-0.037,-0.696,-0.183,30.00,1.200
1.8100,ramp,1.0,-0.9998,nan,-0.41362,-0.13551,-0.68670,0.57860,-0.13368,-0.97459,-0.50523,0.34520,-1.27318,0.42715,0.29289,-0.86607,0.0195,-0.3321,0.0195,-0.0195,-0.2930,0.0586,-0.0977,-0.0586,-0.0195,0.0586,-0.1368,-0.2149,-0.40737,-0.16561,-0.68670,0.57604,-0.16002,-0.97448,-0.50384,0.30859,-1.27329,0.42791,0.26418,-0.86607,0.256,-0.330,0.110,0.037,-0.476,-0.110,-0.037,-0.916,0.110,-0.037,-0.623,-0.183,30.00,1.200
1.8150,ramp,1.0,-0.9998,nan,-0.41362,-0.13778,-0.68670,0.57853,-0.13496,-0.97451,-0.50530,0.34520,-1.27318,0.42678,0.29187,-0.86607,0.0195,-0.2149,0.0977,0.0195,-0.2930,-0.0195,-0.0977,-0.0586,0.0586,-0.1368,-0.2149,-0.2149,-0.40737,-0.16638,-0.68670,0.57604,-0.16079,-0.97448,-0.50384,0.30783,-1.27329,0.42791,0.26341,-0.86607,0.256,-0.403,0.110,0.037,-0.476,-0.037,-0.037,-0.916,0.037,0.110,-0.623,-0.183,30.00,1.200
1.8200,ramp,1.0,-0.9998,nan,-0.41362,-0.13891,-0.68670,0.57842,-0.13544,-0.97459,-0.50538,0.34498,-1.27321,0.42565,0.29103,-0.86607,0.0977,-0.2540,-0.0195,0.0195,-0.3712,-0.0977,-0.0195,-0.1758,0.0195,-0.2149,-0.0977,-0.2149,-0.40737,-0.16708,-0.68670,0.57604,-0.16149,-0.97448,-0.50384,0.30712,-1.27329,0.42791,0.26271,-0.86607,0.256,-0.330,0.183,0.037,-0.476,-0.110,-0.037,-0.916,0.037,0.256,-0.623,-0.183,30.00,1.200
1.8250,ramp,1.0,-0.9998,nan,-0.41362,-0.13979,-0.68667,0.57835,-0.13705,-0.97459,-0.50530,0.34491,-1.27315,0.42459,0.29026,-0.86607,0.0195,-0.2540,0.0195,0.0977,-0.1368,0.0586,0.0586,0.0195,0.0195,-0.0977,-0.1368,-0.2149,-0.40737,-0.16773,-0.68670,0.57604,-0.16213,-0.97448,-0.50384,0.30648,-1.27329,0.42791,0.26206,-0.86607,0.256,-0.330,0.110,0.037,-0.476,-0.110,-0.037,-0.989,0.110,0.183,-0.696,-0.183,30.00,1.200
1.8300,ramp,0.9,-0.9998,nan,-0.41351,-0.14118,-0.68670,0.57824,-0.13851,-0.97451,-0.50538,0.34491,-1.27315,0.42459,0.28931,-0.86607,0.0977,-0.2149,0.0586,0.0195,-0.2930,-0.0977,-0.0977,-0.0586,0.0195,-0.0977,-0.0977,-0.2149,-0.40737,-0.16830,-0.68670,0.57604,-0.16271,-0.97448,-0.50384,0.30590,-1.27329,0.42791,0.26149,-0.86607,0.256,-0.330,0.110,0.110,-0.476,-0.110,-0.037,-0.989,0.110,0.183,-0.623,-0.183,30.00,1.200
1.8350,ramp,0.9,-0.9998,nan,-0.41351,-0.14330,-0.68670,0.57824,-0.14026,-0.97451,-0.50538,0.34488,-1.27315,0.42459,0.28817,-0.86598,0.0195,-0.2540,-0.0195,0.0195,-0.2930,0.0195,-0.0977,0.0977,0.0195,-0.0977,-0.2930,-0.0195,-0.40737,-0.16881,-0.68670,0.57604,-0.16322,-0.97448,-0.50384,0.30539,-1.27329,0.42791,0.26098,-0.86607,0.256,-0.256,0.110,0.037,-0.403,-0.110,-0.037,-0.989,0.110,0.183,-0.696,0.110,30.00,1.200
1.8400,ramp,0.9,-0.9998,nan,-0.41351,-0.14476,-0.68661,0.57820,-0.14100,-0.97451,-0.50530,0.34473,-1.27315,0.42459,0.28722,-0.86598,-0.0977,-0.2540,0.0195,0.0195,-0.2930,-0.0195,-0.0195,0.0195,0.0586,-0.0977,-0.1368,-0.0195,-0.40737,-0.16926,-0.68670,0.57604,-0.16367,-0.97448,-0.50384,0.30495,-1.27329,0.42791,0.26053,-0.86607,0.256,-0.330,0.110,0.037,-0.403,-0.110,-0.110,-1.062,0.110,0.183,-0.623,-0.110,30.00,1.200
1.8450,ramp,0.9,-0.9998,nan,-0.41351,-0.14527,-0.68670,0.57824,-0.14228,-0.97459,-0.50523,0.34466,-1.27315,0.42283,0.28664,-0.86598,0.0195,-0.1758,0.0586,-0.0195,-0.2149,-0.0195,0.0586,0.0195,0.0586,-0.0977,-0.1758,-0.0195,-0.40737,-0.16963,-0.68670,0.57604,-0.16404,-0.97448,-0.50384,0.30457,-1.27329,0.42791,0.26016,-0.86607,0.256,-0.256,0.110,0.037,-0.403,-0.110,-0.037,-1.062,0.110,0.110,-0.696,-0.110,30.00,1.200
1.8500,ramp,0.9,-0.9998,nan,-0.41351,-0.14644,-0.68670,0.57835,-0.14356,-0.97459,-0.50523,0.34466,-1.27315,0.42265,0.28602,-0.86598,0.0195,-0.2930,0.0586,0.0195,-0.2930,0.0586,-0.0195,0.0195,-0.0586,-0.1368,-0.2149,-0.0195,-0.40737,-0.16994,-0.68670,0.57604,-0.16435,-0.97448,-0.50384,0.30427,-1.27329,0.42791,0.25985,-0.86607,0.256,-0.256,0.110,0.037,-0.476,-0.037,-0.037,-1.062,0.110,0.183,-0.696,-0.110,30.00,1.200
1.8550,ramp,0.8,-0.9998,nan,-0.41340,-0.14860,-0.68667,0.57835,-0.14483,-0.97459,-0.50530,0.34429,-1.27318,0.42206,0.28481,-0.86598,0.0195,-0.2149,0.0195,0.1368,-0.2149,-0.0195,-0.0977,0.0195,-0.0195,-0.1368,-0.2149,-0.0195,-0.40737,-0.17018,-0.68670,0.57604,-0.16458,-0.97448,-0.50384,0.30403,-1.27329,0.42791,0.25961,-0.86607,0.256,-0.256,0.110,-0.037,-0.403,-0.037,-0.037,-1.062,0.110,0.256,-0.696,-0.110,30.00,1.200
1.8600,ramp,0.6,-0.9998,nan,-0.41344,-0.14918,-0.68667,0.57835,-0.14560,-0.97462,-0.50530,0.34429,-1.27315,0.42152,0.28430,-0.86595,0.0586,-0.2149,0.0586,0.0195,-0.2149,-0.0195,-0.0195,0.0195,-0.0586,-0.1758,-0.1368,-0.0195,-0.40737,-0.17034,-0.68670,0.57604,-0.16475,-0.97448,-0.50384,0.30387,-1.27329,0.42791,0.25945,-0.86607,0.256,-0.256,0.110,-0.037,-0.403,-0.110,-0.037,-1.062,0.110,0.183,-0.696,-0.110,30.00,1.200
1.8650,ramp,0.8,-0.9998,nan,-0.41340,-0.14966,-0.68670,0.57835,-0.14637,-0.97459,-0.50530,0.34414,-1.27315,0.42111,0.28393,-0.86598,-0.0586,-0.1758,0.0195,0.0195,-0.2149,0.0586,-0.0195,-0.1368,-0.0586,-0.0195,-0.2149,0.0195,-0.40737,-0.17043,-0.68670,0.57604,-0.16484,-0.97448,-0.50384,0.30377,-1.27329,0.42791,0.25936,-0.86607,0.256,-0.330,0.110,-0.037,-0.403,-0.110,-0.037,-1.062,0.110,0.183,-0.696,-0.037,30.00,1.200
1.8700,ramp,0.8,-0.9998,nan,-0.41340,-0.15105,-0.68667,0.57842,-0.14637,-0.97451,-0.50530,0.34411,-1.27318,0.42104,0.28349,-0.86598,-0.0195,-0.2540,-0.0195,0.0195,-0.2149,0.0195,-0.0195,0.0195,0.0195,-0.1368,-0.1368,0.0195,-0.40737,-0.17045,-0.68670,0.57604,-0.16486,-0.97448,-0.50384,0.30375,-1.27329,0.42791,0.25934,-0.86607,0.256,-0.256,0.037,-0.037,-0.403,-0.110,-0.037,-1.136,0.110,0.183,-0.696,-0.037,30.00,1.200
1.8750,ramp,0.7,-0.9998,nan,-0.41340,-0.15152,-0.68667,0.57842,-0.14812,-0.97459,-0.50530,0.34407,-1.27315,0.42104,0.28317,-0.86607,0.0586,-0.1758,-0.0195,0.0195,-0.1758,-0.0195,0.0586,0.0195,0.0977,-0.1368,-0.0977,-0.0195,-0.40737,-0.17040,-0.68670,0.57604,-0.16481,-0.97448,-0.50384,0.30381,-1.27329,0.42791,0.25939,-0.86607,0.256,-0.330,0.037,-0.037,-0.403,-0.110,-0.037,-1.062,0.110,0.183,-0.696,-0.037,30.00,1.200
1.8800,ramp,0.7,-0.9998,nan,-0.41340,-0.15193,-0.68670,0.57842,-0.14860,-0.97459,-0.50538,0.34403,-1.27318,0.42104,0.28273,-0.86607,0.0195,-0.0586,0.0195,0.0195,-0.1758,-0.0195,-0.0977,0.0195,0.0195,-0.1368,-0.0977,-0.0195,-0.40737,-0.17027,-0.68670,0.57604,-0.16468,-0.97448,-0.50384,0.30394,-1.27329,0.42791,0.25952,-0.86607,0.256,-0.256,0.110,0.037,-0.403,-0.110,-0.037,-1.062,0.110,0.183,-0.769,-0.037,30.00,1.200
1.8850,ramp,0.7,-0.9998,nan,-0.41351,-0.15262,-0.68670,0.57842,-0.14929,-0.97459,-0.50530,0.34403,-1.27318,0.42104,0.28247,-0.86607,0.0195,-0.1758,-0.0195,0.0195,-0.0977,-0.0195,-0.0195,0.0195,0.0195,-0.1368,-0.0195,-0.0195,-0.40737,-0.17007,-0.68670,0.57604,-0.16448,-0.97448,-0.50384,0.30414,-1.27329,0.42791,0.25972,-0.86607,0.330,-0.330,0.110,0.037,-0.403,-0.037,-0.037,-1.136,0.110,0.183,-0.696,-0.037,30.00,1.200
1.8900,ramp,0.7,-0.9998,nan,-0.41344,-0.15320,-0.68667,0.57842,-0.14995,-0.97459,-0.50523,0.34389,-1.27318,0.42002,0.28229,-0.86607,-0.0195,-0.0586,-0.0195,-0.0586,-0.1368,-0.0195,0.1368,0.0195,0.0195,-0.1368,-0.1368,-0.0195,-0.40737,-0.16979,-0.68670,0.57604,-0.16420,-0.97448,-0.50384,0.30442,-1.27329,0.42791,0.26000,-0.86607,0.256,-0.256,0.037,-0.037,-0.403,-0.110,-0.037,-1.136,0.110,0.183,-0.769,-0.037,30.00,1.200
1.8950,ramp,0.7,-0.9998,nan,-0.41351,-0.15357,-0.68670,0.57842,-0.15013,-0.97459,-0.50530,0.34403,-1.27318,0.42002,0.28211,-0.86607,-0.0586,-0.1758,0.0586,0.0977,-0.2540,0.0586,-0.0977,0.0977,-0.0586,-0.1368,-0.0195,-0.0195,-0.40737,-0.16943,-0.68670,0.57604,-0.16384,-0.97448,-0.50384,0.30478,-1.27329,0.42791,0.26036,-0.86607,0.256,-0.256,0.110,0.037,-0.476,-0.110,-0.037,-1.136,0.110,0.183,-0.696,-0.037,30.00,1.200
1.9000,ramp,0.6,-0.9998,nan,-0.41351,-0.15408,-0.68670,0.57842,-0.15068,-0.97459,-0.50538,0.34389,-1.27318,0.42002,0.28192,-0.86607,0.0977,-0.0977,0.0586,0.0195,-0.0195,-0.0977,-0.0195,0.0195,-0.0586,-0.1368,-0.0977,-0.0195,-0.40737,-0.16900,-0.68670,0.57604,-0.16341,-0.97448,-0.50384,0.30521,-1.27329,0.42791,0.26079,-0.86607,0.256,-0.330,0.110,0.037,-0.403,-0.110,-0.037,-1.062,0.110,0.183,-0.696,-0.037,30.00,1.200
1.9050,ramp,0.6,-0.9998,nan,-0.41333,-0.15459,-0.68670,0.57835,-0.15116,-0.97459,-0.50530,0.34396,-1.27318,0.41961,0.28185,-0.86607,0.0195,0.0195,0.0586,-0.0977,-0.0977,-0.0195,-0.0195,-0.0586,0.0195,0.0586,-0.0977,-0.0195,-0.40737,-0.16849,-0.68670,0.57604,-0.16289,-0.97448,-0.50384,0.30572,-1.27329,0.42791,0.26130,-0.86607,0.256,-0.330,0.110,0.037,-0.476,-0.110,-0.037,-1.062,0.110,0.183,-0.696,-0.037,30.00,1.200
1.9100,ramp,0.6,-0.9998,nan,-0.41351,-0.15478,-0.68675,0.57824,-0.15134,-0.97459,-0.50538,0.34396,-1.27318,0.41951,0.28185,-0.86598,-0.0977,0.0195,0.0586,0.1368,-0.1368,0.0586,0.0586,0.0195,0.0195,-0.0977,-0.0195,0.0195,-0.40737,-0.16790,-0.68670,0.57604,-0.16231,-0.97448,-0.50384,0.30631,-1.27329,0.42791,0.26189,-0.86607,0.256,-0.330,0.110,0.037,-0.403,-0.110,0.037,-1.062,0.110,0.183,-0.769,-0.037,30.00,1.200
1.9150,ramp,0.6,-0.9998,nan,-0.41351,-0.15478,-0.68670,0.57824,-0.15145,-0.97451,-0.50538,0.34396,-1.27315,0.41954,0.28185,-0.86598,0.0195,0.0195,-0.0195,0.0195,-0.0195,-0.0586,-0.0195,0.0195,-0.0195,0.0195,0.0977,0.0195,-0.40737,-0.16723,-0.68670,0.57604,-0.16164,-0.97448,-0.50384,0.30698,-1.27329,0.42791,0.26256,-0.86607,0.256,-0.330,0.037,0.037,-0.403,-0.110,-0.110,-1.062,0.110,0.110,-0.769,-0.256,30.00,1.200
1.9200,ramp,0.6,-0.9998,nan,-0.41358,-0.15489,-0.68670,0.57835,-0.15156,-0.97459,-0.50530,0.34389,-1.27315,0.41954,0.28192,-0.86598,0.0195,0.0195,0.0195,0.0977,-0.0195,-0.0586,-0.0977,0.0195,-0.0195,-0.0586,-0.0586,0.0195,-0.40737,-0.16649,-0.68670,0.57604,-0.16090,-0.97448,-0.50384,0.30772,-1.27329,0.42791,0.26330,-0.86607,0.256,-0.330,0.110,0.037,-0.403,-0.110,-0.037,-1.062,0.110,0.183,-0.696,-0.256,30.00,1.200
1.9250,ramp,0.5,-0.9998,nan,-0.41351,-0.15489,-0.68670,0.57824,-0.15156,-0.97459,-0.50530,0.34396,-1.27315,0.41954,0.28185,-0.86607,0.0977,0.0195,0.0195,0.0195,-0.0195,0.0977,-0.0195,0.0977,0.0586,-0.0586,-0.0195,0.0977,-0.40737,-0.16567,-0.68670,0.57604,-0.16007,-0.97448,-0.50384,0.30854,-1.27329,0.42791,0.26412,-0.86607,0.256,-0.330,0.110,0.037,-0.403,-0.110,-0.037,-1.062,0.037,0.183,-0.696,-0.110,30.00,1.200
1.9300,ramp,0.5,-0.9998,nan,-0.41351,-0.15478,-0.68670,0.57824,-0.15156,-0.97459,-0.50530,0.34403,-1.27315,0.41954,0.28196,-0.86607,0.0195,0.0195,0.0195,0.0195,-0.0195,-0.0195,-0.1758,0.0195,0.0586,-0.0195,-0.0195,0.0977,-0.40737,-0.16477,-0.68670,0.57604,-0.15917,-0.97448,-0.50384,0.30944,-1.27329,0.42791,0.26502,-0.86607,0.256,-0.330,0.110,0.037,-0.403,-0.110,-0.037,-0.989,0.037,0.183,-0.696,-0.110,30.00,1.200
1.9350,ramp,0.5,-0.9998,nan,-0.41351,-0.15467,-0.68670,0.57813,-0.15145,-0.97459,-0.50530,0.34389,-1.27315,0.41954,0.28192,-0.86607,0.0195,0.0977,0.0195,0.0586,0.0977,-0.0195,-0.0195,0.0195,0.0586,-0.0195,-0.1368,0.0977,-0.40737,-0.16379,-0.68670,0.57604,-0.15819,-0.97448,-0.50384,0.31042,-1.27329,0.42791,0.26600,-0.86607,0.256,-0.330,0.110,0.110,-0.403,-0.110,-0.037,-0.989,0.037,0.183,-0.696,-0.110,30.00,1.200
1.9400,ramp,0.5,-0.9998,nan,-0.41351,-0.15456,-0.68670,0.57824,-0.15116,-0.97451,-0.50538,0.34389,-1.27315,0.41954,0.28192,-0.86607,0.1368,-0.0195,0.0195,0.0195,0.0586,-0.0195,-0.0977,-0.0586,0.0586,-0.0195,-0.0586,0.0977,-0.40737,-0.16273,-0.68670,0.57604,-0.15714,-0.97448,-0.50384,0.31148,-1.27329,0.42791,0.26706,-0.86607,0.330,-0.330,0.110,0.037,-0.330,-0.037,-0.037,-0.989,0.037,0.183,-0.623,-0.110,30.00,1.200
1.9450,ramp,0.4,-0.9998,nan,-0.41351,-0.15448,-0.68670,0.57820,-0.15098,-0.97462,-0.50538,0.34396,-1.27315,0.41958,0.28196,-0.86607,0.0195,0.0195,0.0195,0.0195,0.0586,-0.0195,0.1368,0.0195,0.0586,-0.0195,0.0195,0.0977,-0.40737,-0.16160,-0.68670,0.57604,-0.15600,-0.97448,-0.50384,0.31261,-1.27329,0.42791,0.26819,-0.86607,0.256,-0.256,0.110,0.037,-0.330,-0.110,-0.037,-0.989,0.037,0.183,-0.623,-0.110,30.00,1.200
1.9500,ramp,0.4,-0.9998,nan,-0.41351,-0.15390,-0.68670,0.57813,-0.15079,-0.97459,-0.50530,0.34403,-1.27315,0.41958,0.28203,-0.86607,0.0195,0.0977,-0.0195,0.0195,0.0977,-0.0195,-0.0195,0.0977,0.0586,-0.0195,-0.0195,0.0977,-0.40737,-0.16038,-0.68670,0.57604,-0.15479,-0.97448,-0.50384,0.31383,-1.27329,0.42791,0.26941,-0.86607,0.256,-0.256,0.037,0.037,-0.330,-0.183,-0.037,-0.916,0.110,0.183,-0.623,-0.110,30.00,1.200
1.9550,ramp,0.4,-0.9998,nan,-0.41351,-0.15368,-0.68670,0.57820,-0.15057,-0.97459,-0.50538,0.34403,-1.27327,0.41947,0.28203,-0.86598,-0.0977,0.0195,0.0195,0.0195,0.0977,-0.0195,-0.0195,0.0977,0.0195,0.0586,-0.0195,-0.0195,-0.40737,-0.15909,-0.68670,0.57604,-0.15350,-0.97448,-0.50384,0.31512,-1.27329,0.42791,0.27070,-0.86607,0.256,-0.256,0.037,0.037,-0.330,-0.183,-0.037,-0.916,0.110,0.183,-0.549,-0.037,30.00,1.200
1.9600,ramp,0.4,-0.9998,nan,-0.41351,-0.15357,-0.68670,0.57820,-0.15043,-0.97459,-0.50530,0.34396,-1.27318,0.41958,0.28211,-0.86595,0.1368,0.0977,0.0586,0.0586,0.0977,-0.0195,0.0586,0.0195,-0.0195,-0.0195,-0.0195,-0.0977,-0.40737,-0.15773,-0.68670,0.57604,-0.15213,-0.97448,-0.50384,0.31648,-1.27329,0.42791,0.27206,-0.86607,0.256,-0.183,0.037,0.110,-0.330,-0.110,-0.110,-0.842,0.110,0.183,-0.549,-0.256,30.00,1.200
1.9650,ramp,0.4,-0.9998,nan,-0.41351,-0.15309,-0.68667,0.57820,-0.15003,-0.97459,-0.50530,0.34403,-1.27315,0.41954,0.28211,-0.86598,0.0195,0.0977,0.0195,0.0586,-0.0586,-0.0195,-0.0195,0.0586,0.0195,-0.0195,-0.0195,-0.0195,-0.40737,-0.15628,-0.68670,0.57604,-0.15069,-0.97448,-0.50384,0.31793,-1.27329,0.42791,0.27351,-0.86607,0.256,-0.256,0.183,-0.037,-0.256,-0.110,-0.037,-0.842,0.110,0.183,-0.476,-0.256,30.00,1.200
1.9700,ramp,0.3,-0.9998,nan,-0.41351,-0.15269,-0.68670,0.57835,-0.14984,-0.97459,-0.50523,0.34411,-1.27318,0.41954,0.28222,-0.86607,0.0195,0.1368,0.0195,0.1368,0.0586,-0.0586,-0.0977,0.1368,0.0195,-0.0195,-0.0195,-0.0195,-0.40737,-0.15476,-0.68670,0.57604,-0.14917,-0.97448,-0.50384,0.31944,-1.27329,0.42791,0.27503,-0.86607,0.256,-0.256,0.110,0.110,-0.256,-0.110,-0.110,-0.769,0.037,0.183,-0.476,-0.037,30.00,1.200
1.9750,ramp,0.3,-0.9998,nan,-0.41351,-0.15211,-0.68661,0.57824,-0.14933,-0.97459,-0.50530,0.34414,-1.27318,0.41958,0.28240,-0.86607,0.0195,0.2540,0.0195,0.0195,0.0586,-0.0586,-0.0977,0.0586,0.0195,-0.0586,-0.0195,-0.0195,-0.40737,-0.15317,-0.68670,0.57604,-0.14758,-0.97448,-0.50384,0.32104,-1.27329,0.42791,0.27662,-0.86607,0.256,-0.256,0.110,0.037,-0.330,-0.110,-0.110,-0.769,0.037,0.183,-0.403,-0.037,30.00,1.200
1.9800,ramp,0.3,-0.9998,nan,-0.41340,-0.15182,-0.68670,0.57835,-0.14871,-0.97459,-0.50530,0.34414,-1.27318,0.41958,0.28247,-0.86595,0.0195,0.1368,0.0195,0.0195,0.0977,0.0586,-0.0195,0.0977,0.0195,-0.0586,-0.0195,-0.0195,-0.40737,-0.15150,-0.68670,0.57604,-0.14591,-0.97448,-0.50384,0.32271,-1.27329,0.42791,0.27829,-0.86607,0.256,-0.256,0.110,0.037,-0.256,-0.110,-0.110,-0.696,0.110,0.183,-0.403,-0.183,30.00,1.200
1.9850,ramp,0.3,-0.9998,nan,-0.41351,-0.15083,-0.68670,0.57835,-0.14845,-0.97459,-0.50523,0.34429,-1.27318,0.41954,0.28255,-0.86598,0.0195,0.1368,0.0586,0.0195,0.0586,-0.0195,-0.0195,0.1758,0.0195,0.0195,0.0586,0.0195,-0.40737,-0.14976,-0.68670,0.57604,-0.14417,-0.97448,-0.50384,0.32445,-1.27329,0.42791,0.28003,-0.86607,0.330,-0.110,0.037,0.037,-0.256,-0.110,-0.037,-0.696,0.110,0.183,-0.330,-0.256,30.00,1.200
1.9900,ramp,0.3,-0.9998,nan,-0.41340,-0.15024,-0.68667,0.57835,-0.14791,-0.97459,-0.50538,0.34444,-1.27318,0.41958,0.28273,-0.86598,0.0586,0.2540,0.0586,0.0195,0.0977,-0.0195,-0.0195,0.0195,-0.0195,-0.0977,0.0586,0.0195,-0.40737,-0.14794,-0.68670,0.57604,-0.14235,-0.97448,-0.50384,0.32627,-1.27329,0.42791,0.28185,-0.86607,0.256,-0.110,0.110,0.110,-0.256,-0.183,-0.037,-0.623,0.110,0.183,-0.330,-0.256,30.00,1.200
1.9950,ramp,0.2,-0.9998,nan,-0.41351,-0.14955,-0.68670,0.57842,-0.14706,-0.97459,-0.50530,0.34451,-1.27315,0.41961,0.28280,-0.86598,0.0195,0.0977,0.0195,0.0195,0.1758,-0.0195,-0.0195,0.0195,0.0195,0.0195,-0.0195,0.0586,-0.40737,-0.14605,-0.68670,0.57604,-0.14046,-0.97448,-0.50384,0.32815,-1.27329,0.42791,0.28374,-0.86607,0.256,-0.110,0.110,-0.037,-0.110,-0.183,-0.037,-0.549,0.110,0.110,-0.256,-0.037,30.00,1.200
2.0000,sine,0.2,-0.9998,nan,-0.41351,-0.14889,-0.68675,0.57835,-0.14684,-0.97465,-0.50530,0.34473,-1.27318,0.41961,0.28309,-0.86598,0.0195,0.2930,0.0195,-0.0195,0.0977,-0.1368,0.0586,0.0977,0.0977,-0.1368,0.0195,0.0977,-0.40737,-0.14410,-0.68670,0.57604,-0.13850,-0.97448,-0.50384,0.33011,-1.27329,0.42791,0.28569,-0.86607,0.256,-0.110,0.037,0.037,-0.183,-0.110,-0.037,-0.549,0.110,0.183,-0.256,-0.256,30.00,1.200
2.0050,sine,0.2,-0.9998,nan,-0.41351,-0.14779,-0.68667,0.57835,-0.14560,-0.97451,-0.50523,0.34491,-1.27318,0.41958,0.28324,-0.86598,0.0195,0.1368,0.0195,0.0195,0.0977,-0.0195,-0.0195,0.0977,0.0977,0.0977,0.0586,0.0586,-0.40737,-0.14179,-0.68670,0.57604,-0.13619,-0.97448,-0.50384,0.33242,-1.27329,0.42791,0.28800,-0.86607,0.256,0.037,0.110,0.037,-0.110,-0.110,-0.037,-0.476,0.110,0.183,-0.183,-0.110,30.00,1.200
2.0100,sine,0.2,-0.9998,nan,-0.41344,-0.14681,-0.68667,0.57835,-0.14465,-0.97459,-0.50520,0.34513,-1.27318,0.41965,0.28349,-0.86598,0.0977,0.2540,0.0586,0.1368,0.2149,-0.0195,-0.0586,0.0195,0.0195,-0.0195,-0.0195,-0.0195,-0.40737,-0.13943,-0.68670,0.57604,-0.13384,-0.97448,-0.50384,0.33478,-1.27329,0.42791,0.29036,-0.86607,0.256,-0.037,0.110,0.037,-0.183,-0.110,-0.037,-0.476,0.110,0.183,-0.183,-0.256,30.00,1.200
2.0150,sine,0.2,-0.9998,nan,-0.41344,-0.14604,-0.68667,0.57835,-0.14385,-0.97459,-0.50523,0.34535,-1.27315,0.41965,0.28368,-0.86607,0.0195,0.2149,0.0586,0.0195,0.2149,-0.0195,-0.0195,0.0195,0.0195,-0.0195,-0.0195,0.0195,-0.40737,-0.13703,-0.68670,0.57604,-0.13144,-0.97448,-0.50384,0.33718,-1.27329,0.42791,0.29276,-0.86607,0.256,0.037,0.037,0.037,-0.183,-0.110,-0.037,-0.476,0.110,0.183,-0.110,0.037,30.00,1.200
2.0200,sine,0.1,-0.9998,nan,-0.41340,-0.14498,-0.68667,0.57835,-0.14326,-0.97459,-0.50523,0.34542,-1.27327,0.41972,0.28386,-0.86601,-0.0586,0.2930,0.0586,-0.0586,0.1368,-0.0195,-0.0977,0.1758,-0.0586,-0.0977,-0.0195,-0.0977,-0.40737,-0.13459,-0.68670,0.57604,-0.12900,-0.97448,-0.50384,0.33962,-1.27329,0.42791,0.29520,-0.86607,0.330,0.037,0.110,0.037,-0.110,-0.256,-0.037,-0.330,0.037,0.183,-0.037,-0.037,30.00,1.200
2.0250,sine,0.1,-0.9998,nan,-0.41351,-0.14399,-0.68670,0.57835,-0.14162,-0.97459,-0.50523,0.34583,-1.27318,0.41972,0.28423,-0.86598,-0.0977,0.2149,0.0195,-0.0586,0.1758,-0.0195,-0.0586,-0.0586,0.0586,-0.0586,-0.0586,-0.0195,-0.40737,-0.13211,-0.68670,0.57604,-0.12652,-0.97448,-0.50384,0.34210,-1.27329,0.42791,0.29768,-0.86607,0.256,-0.037,0.110,0.037,-0.037,-0.037,-0.037,-0.256,0.110,0.183,-0.037,-0.037,30.00,1.200
2.0300,sine,0.1,-0.9998,nan,-0.41351,-0.14282,-0.68670,0.57835,-0.14041,-0.97459,-0.50523,0.34605,-1.27315,0.41983,0.28474,-0.86607,0.0195,0.2149,0.0195,-0.0195,0.2540,-0.0195,-0.0195,0.0977,0.0586,-0.0195,0.0977,-0.0977,-0.40737,-0.12959,-0.68670,0.57604,-0.12400,-0.97448,-0.50384,0.34461,-1.27329,0.42791,0.30020,-0.86607,0.256,0.037,0.110,-0.037,-0.110,-0.110,-0.110,-0.256,0.110,0.183,0.037,-0.183,30.00,1.200
2.0350,sine,0.1,-0.9998,nan,-0.41351,-0.14107,-0.68670,0.57820,-0.13884,-0.97459,-0.50523,0.34605,-1.27318,0.41983,0.28525,-0.86598,-0.0586,0.4103,0.0195,0.0977,0.2540,-0.0195,-0.0195,0.0977,-0.0586,0.0586,0.1758,-0.0195,-0.40737,-0.12704,-0.68670,0.57604,-0.12145,-0.97448,-0.50384,0.34717,-1.27329,0.42791,0.30275,-0.86607,0.256,-0.037,0.110,0.037,-0.037,-0.110,-0.037,-0.110,0.110,0.110,0.110,-0.256,30.00,1.200
2.0400,sine,0.0,-0.9998,nan,-0.41340,-0.13979,-0.68670,0.57831,-0.13800,-0.97459,-0.50523,0.34656,-1.27327,0.42002,0.28602,-0.86607,0.0195,0.2149,0.0195,0.0586,0.2930,-0.0195,-0.0195,0.2149,-0.0586,-0.1368,0.0977,-0.0977,-0.40737,-0.12446,-0.68670,0.57604,-0.11886,-0.97448,-0.50384,0.34975,-1.27329,0.42791,0.30533,-0.86607,0.330,-0.110,0.110,0.037,-0.110,-0.110,-0.037,-0.183,0.037,0.110,0.037,-0.256,30.00,1.200
2.0450,sine,0.1,-0.9998,nan,-0.41351,-0.13825,-0.68670,0.57835,-0.13599,-0.97459,-0.50520,0.34674,-1.27318,0.42023,0.28697,-0.86607,0.0195,0.2930,0.0195,0.0195,0.2540,-0.0195,0.0195,0.0977,0.0195,0.0195,0.1758,-0.0977,-0.40737,-0.12184,-0.68670,0.57604,-0.11625,-0.97448,-0.50384,0.35237,-1.27329,0.42791,0.30795,-0.86607,0.256,0.037,0.037,0.037,-0.110,-0.110,-0.110,-0.037,0.110,0.110,0.110,-0.256,30.00,1.200
2.0500,sine,0.1,-0.9998,nan,-0.41351,-0.13668,-0.68670,0.57835,-0.13427,-0.97459,-0.50520,0.34711,-1.27318,0.42023,0.28792,-0.86595,0.0195,0.2930,0.0195,-0.1368,0.2540,-0.0977,-0.0195,0.0977,0.0195,-0.0195,0.3321,-0.0586,-0.40737,-0.11919,-0.68670,0.57604,-0.11360,-0.97448,-0.50384,0.35502,-1.27329,0.42791,0.31060,-0.86607,0.330,-0.037,0.110,0.110,-0.110,-0.110,-0.110,0.037,0.110,0.110,0.037,-0.110,30.00,1.200
2.0550,sine,1.0,-0.9998,nan,-0.41351,-0.13515,-0.68670,0.57835,-0.13361,-0.97451,-0.50520,0.34725,-1.27327,0.42049,0.28894,-0.86598,0.0195,0.2930,0.0195,0.1368,0.2540,-0.0195,0.1368,0.0977,-0.0586,-0.0195,0.2540,-0.0977,-0.40737,-0.11652,-0.68670,0.57604,-0.11093,-0.97448,-0.50384,0.35769,-1.27329,0.42791,0.31327,-0.86607,0.256,0.037,0.110,0.037,-0.037,-0.110,-0.037,0.037,0.110,0.037,0.037,0.037,30.00,1.200
2.0600,sine,1.0,-0.9998,nan,-0.41351,-0.13328,-0.68670,0.57835,-0.13102,-0.97459,-0.50509,0.34765,-1.27327,0.42049,0.29026,-0.86598,0.0977,0.3712,0.0586,0.0195,0.3712,0.0586,-0.0195,0.0977,0.0977,-0.0195,0.3321,-0.0195,-0.40737,-0.11382,-0.68670,0.57604,-0.10823,-0.97448,-0.50384,0.36039,-1.27329,0.42791,0.31597,-0.86607,0.256,-0.037,0.110,0.037,-0.183,-0.110,-0.037,0.110,0.110,0.037,0.110,-0.110,30.00,1.200
2.0650,sine,1.0,-0.9998,nan,-0.41351,-0.13123,-0.68670,0.57835,-0.12882,-0.97451,-0.50509,0.34809,-1.27318,0.42137,0.29274,-0.86598,0.0195,0.4103,0.0195,0.0195,0.2930,0.0586,-0.0195,0.0977,0.0195,0.0586,0.2930,0.0586,-0.40737,-0.11110,-0.68670,0.57604,-0.10551,-0.97448,-0.50384,0.36311,-1.27329,0.42791,0.31869,-0.86607,0.256,-0.037,0.110,-0.037,-0.037,-0.110,-0.110,0.183,0.110,-0.037,0.037,-0.037,30.00,1.200
2.0700,sine,0.9,-0.9998,nan,-0.41351,-0.12955,-0.68667,0.57835,-0.12674,-0.97451,-0.50520,0.34824,-1.27315,0.42159,0.29377,-0.86595,0.0195,0.4103,-0.0586,-0.0977,0.4493,-0.0195,0.0195,0.0977,0.0195,-0.0195,0.4103,0.0586,-0.40737,-0.10836,-0.68670,0.57604,-0.10276,-0.97448,-0.50384,0.36585,-1.27329,0.42791,0.32143,-0.86607,0.256,0.037,0.110,0.037,-0.183,-0.110,-0.037,0.110,0.110,-0.037,-0.037,-0.110,30.00,1.200
2.0750,sine,0.9,-0.9998,nan,-0.41351,-0.12740,-0.68670,0.57835,-0.12495,-0.97459,-0.50509,0.34879,-1.27327,0.42188,0.29454,-0.86607,0.0195,0.5665,0.0586,0.1368,0.4103,0.0586,0.0195,0.1758,0.0195,0.0977,0.3321,-0.0195,-0.40737,-0.10560,-0.68670,0.57604,-0.10000,-0.97448,-0.50384,0.36861,-1.27329,0.42791,0.32419,-0.86607,0.256,-0.037,0.110,0.037,-0.037,-0.110,-0.037,0.256,0.037,0.037,0.037,-0.110,30.00,1.200
2.0800,sine,0.9,-0.9998,nan,-0.41351,-0.12476,-0.68667,0.57824,-0.12206,-0.97451,-0.50509,0.34985,-1.27315,0.42188,0.29676,-0.86607,0.0977,0.5275,0.0195,-0.1368,0.5275,-0.0195,-0.0195,0.2149,0.0977,0.0977,0.2930,-0.0195,-0.40737,-0.10282,-0.68670,0.57604,-0.09723,-0.97448,-0.50384,0.37139,-1.27329,0.42791,0.32697,-0.86607,0.330,0.037,0.110,0.110,-0.110,-0.110,-0.037,0.330,0.110,0.037,0.037,-0.110,30.00,1.200
2.0850,sine,0.9,-0.9998,nan,-0.41351,-0.12228,-0.68670,0.57835,-0.11965,-0.97457,-0.50509,0.35102,-1.27318,0.42188,0.29892,-0.86607,0.0977,0.5275,-0.0195,0.0195,0.5275,0.0977,-0.0195,0.1758,0.0195,0.0977,0.4103,-0.0195,-0.40737,-0.10003,-0.68670,0.57604,-0.09444,-0.97448,-0.50384,0.37418,-1.27329,0.42791,0.32976,-0.86607,0.256,-0.037,0.110,0.037,-0.110,-0.110,-0.037,0.256,0.110,0.037,0.037,-0.110,30.00,1.200
2.0900,sine,0.9,-0.9998,nan,-0.41351,-0.12030,-0.68670,0.57824,-0.11716,-0.97459,-0.50509,0.35157,-1.27327,0.42188,0.30090,-0.86598,-0.0586,0.5275,-0.0195,0.0195,0.4493,-0.0977,-0.0195,0.2149,0.0195,0.0977,0.4103,-0.0195,-0.40737,-0.09723,-0.68670,0.57604,-0.09164,-0.97448,-0.50384,0.37698,-1.27329,0.42791,0.33256,-0.86607,0.256,-0.037,0.110,0.037,-0.183,-0.110,-0.183,0.330,0.110,0.037,0.037,0.037,30.00,1.200
2.0950,sine,0.8,-0.9998,nan,-0.41344,-0.11793,-0.68670,0.57835,-0.11508,-0.97459,-0.50505,0.35332,-1.27318,0.42188,0.30269,-0.86598,0.0195,0.4884,0.0195,0.0195,0.4493,-0.0977,-0.0195,0.2149,0.0195,0.0977,0.2540,-0.0195,-0.40737,-0.09442,-0.68670,0.57604,-0.08882,-0.97448,-0.50384,0.37979,-1.27329,0.42791,0.33537,-0.86607,0.256,-0.037,0.110,0.037,-0.183,-0.183,-0.110,0.330,0.110,0.037,0.110,0.037,30.00,1.200
2.1000,sine,0.8,-0.9998,nan,-0.41351,-0.11603,-0.68670,0.57835,-0.11175,-0.97459,-0.50505,0.35482,-1.27318,0.42250,0.30426,-0.86598,0.0195,0.5275,-0.0586,0.1368,0.4884,0.0586,-0.0195,0.2540,0.0195,-0.0195,0.2930,-0.0195,-0.40737,-0.09160,-0.68670,0.57604,-0.08600,-0.97448,-0.50384,0.38261,-1.27329,0.42791,0.33819,-0.86607,0.256,0.037,0.110,0.037,-0.183,-0.110,-0.037,0.256,0.110,-0.037,0.110,0.037,30.00,1.200
2.1050,sine,0.8,-0.9998,nan,-0.41351,-0.11332,-0.68667,0.57842,-0.10905,-0.97451,-0.50509,0.35508,-1.27327,0.42254,0.30605,-0.86598,0.0195,0.7228,0.0586,0.0195,0.4884,-0.0195,-0.0195,0.4103,0.0586,-0.0195,0.4103,-0.0195,-0.40737,-0.08877,-0.68670,0.57604,-0.08318,-0.97448,-0.50384,0.38544,-1.27329,0.42791,0.34102,-0.86607,0.256,-0.110,0.110,0.037,-0.183,-0.110,-0.037,0.403,0.110,0.110,0.183,0.037,30.00,1.200
2.1100,sine,0.8,-0.9998,nan,-0.41351,-0.11222,-0.68667,0.57842,-0.10788,-0.97459,-0.50509,0.35742,-1.27329,0.42247,0.30726,-0.86598,0.0977,0.5275,0.0586,0.0195,0.6056,-0.0586,-0.0195,0.3321,0.0586,-0.0195,0.2540,-0.0195,-0.40737,-0.08595,-0.68670,0.57604,-0.08035,-0.97448,-0.50384,0.38826,-1.27329,0.42791,0.34384,-0.86607,0.256,-0.110,0.110,0.037,-0.183,-0.256,-0.037,0.330,0.110,0.037,0.256,0.037,30.00,1.200
2.1150,sine,0.7,-0.9998,nan,-0.41351,-0.10875,-0.68670,0.57842,-0.10411,-0.97451,-0.50509,0.35986,-1.27329,0.42247,0.30890,-0.86598,0.0195,0.6838,0.0195,0.0195,0.4493,-0.0195,-0.2149,0.4884,0.0586,-0.0195,0.1758,-0.0195,-0.40737,-0.08312,-0.68670,0.57604,-0.07753,-0.97448,-0.50384,0.39109,-1.27329,0.42791,0.34667,-0.86607,0.256,0.037,0.110,0.037,-0.256,-0.110,-0.037,0.330,0.110,0.037,0.403,0.037,30.00,1.200
2.1200,sine,0.7,-0.9998,nan,-0.41344,-0.10546,-0.68670,0.57857,-0.10056,-0.97459,-0.50509,0.36246,-1.27329,0.42247,0.31018,-0.86598,0.0586,0.5665,-0.0586,-0.0195,0.6056,0.0195,-0.0195,0.5275,0.0586,-0.0195,0.2930,-0.0195,-0.40737,-0.08029,-0.68670,0.57604,-0.07470,-0.97448,-0.50384,0.39391,-1.27329,0.42791,0.34950,-0.86607,0.330,-0.037,0.110,-0.110,-0.256,-0.110,-0.037,0.256,0.110,0.037,0.476,0.037,30.00,1.200
2.1250,sine,0.7,-0.9998,nan,-0.41351,-0.10199,-0.68670,0.57853,-0.09778,-0.97451,-0.50509,0.36359,-1.27327,0.42247,0.31175,-0.86598,-0.0195,0.5665,-0.0586,-0.0195,0.6056,0.0586,-0.0195,0.1758,0.0195,-0.0195,0.2930,-0.0195,-0.40737,-0.07747,-0.68670,0.57604,-0.07188,-0.97448,-0.50384,0.39674,-1.27329,0.42791,0.35232,-0.86607,0.256,-0.037,0.110,-0.037,-0.183,-0.110,-0.110,0.549,0.110,0.037,0.403,0.037,30.00,1.200
2.1300,sine,0.7,-0.9998,nan,-0.41351,-0.09979,-0.68670,0.57853,-0.09552,-0.97451,-0.50509,0.36407,-1.27327,0.42258,0.31369,-0.86598,0.0195,0.5275,0.0195,0.0586,0.5275,-0.0195,-0.1368,0.1368,0.0195,-0.0195,0.3321,-0.0195,-0.40737,-0.07466,-0.68670,0.57604,-0.06906,-0.97448,-0.50384,0.39955,-1.27329,0.42791,0.35513,-0.86607,0.256,-0.037,0.110,0.037,-0.256,-0.110,-0.037,0.769,0.110,-0.037,0.403,0.037,30.00,1.200
2.1350,sine,0.7,-0.9998,nan,-0.41325,-0.09735,-0.68661,0.57857,-0.09259,-0.97451,-0.50520,0.36506,-1.27327,0.42258,0.31548,-0.86598,0.0977,0.6447,-0.0195,0.0586,0.6056,-0.0195,-0.1368,0.1758,0.0195,-0.0195,0.3321,-0.0195,-0.40737,-0.07185,-0.68670,0.57604,-0.06626,-0.97448,-0.50384,0.40236,-1.27329,0.42791,0.35794,-0.86607,0.256,-0.183,0.183,0.037,-0.256,-0.110,-0.110,0.769,0.110,0.110,0.476,0.037,30.00,1.200
2.1400,sine,0.6,-0.9998,nan,-0.41267,-0.09193,-0.68661,0.57842,-0.08949,-0.97451,-0.50509,0.36626,-1.27318,0.42258,0.31943,-0.86607,0.2149,0.6838,0.0195,0.1758,0.4103,-0.0195,-0.0195,0.2540,-0.0586,-0.0195,0.4103,-0.0195,-0.40737,-0.06905,-0.68670,0.57604,-0.06346,-0.97448,-0.50384,0.40515,-1.27329,0.42791,0.36074,-0.86607,0.183,-0.183,0.037,0.037,-0.183,-0.110,-0.037,0.769,0.110,0.110,0.403,-0.037,30.00,1.200
2.1450,sine,0.6,-0.9998,nan,-0.41249,-0.09091,-0.68661,0.57813,-0.08784,-0.97451,-0.50505,0.36718,-1.27327,0.42396,0.32024,-0.86607,0.0195,0.4884,0.0195,0.0195,0.4103,-0.0195,-0.0195,0.1368,0.0586,0.1758,0.5665,-0.0195,-0.40737,-0.06627,-0.68670,0.57604,-0.06068,-0.97448,-0.50384,0.40794,-1.27329,0.42791,0.36352,-0.86607,0.183,-0.110,0.110,0.037,-0.037,-0.256,-0.110,0.769,0.110,-0.183,0.403,-0.037,30.00,1.200
2.1500,sine,0.6,-0.9998,nan,-0.41201,-0.08788,-0.68661,0.57787,-0.08623,-0.97451,-0.50509,0.36875,-1.27329,0.42407,0.32272,-0.86607,0.1368,0.3321,0.0195,-0.0977,0.3321,-0.0195,-0.0977,0.3321,0.0195,0.0977,0.4103,-0.0977,-0.40737,-0.06350,-0.68670,0.57604,-0.05791,-0.97448,-0.50384,0.41070,-1.27329,0.42791,0.36629,-0.86607,0.183,0.110,0.110,0.110,0.037,-0.110,-0.037,0.696,0.110,-0.110,0.403,-0.037,30.00,1.200
2.1550,sine,0.6,-0.9998,nan,-0.41157,-0.08594,-0.68656,0.57780,-0.08313,-0.97448,-0.50520,0.37116,-1.27329,0.42484,0.32612,-0.86607,0.1368,0.3712,-0.0586,-0.0195,0.3712,-0.0195,-0.0195,0.4103,0.0195,-0.0195,0.5275,-0.0977,-0.40737,-0.06075,-0.68670,0.57604,-0.05516,-0.97448,-0.50384,0.41345,-1.27329,0.42791,0.36904,-0.86607,0.183,0.110,0.110,0.110,0.037,-0.110,-0.037,0.623,0.110,-0.110,0.330,-0.037,30.00,1.200
2.1600,sine,0.6,-0.9998,nan,-0.41142,-0.08459,-0.68653,0.57762,-0.08159,-0.97451,-0.50523,0.37233,-1.27327,0.42484,0.32773,-0.86607,0.0977,0.4103,0.0977,0.0195,0.4103,-0.0195,0.0195,0.4884,0.0195,-0.0195,0.6056,-0.0195,-0.40737,-0.05802,-0.68670,0.57604,-0.05243,-0.97448,-0.50384,0.41619,-1.27329,0.42791,0.37177,-0.86607,0.110,0.183,0.110,0.037,0.110,-0.110,-0.037,0.696,0.110,-0.110,0.330,-0.110,30.00,1.200
2.1650,sine,0.5,-0.9998,nan,-0.41080,-0.08294,-0.68653,0.57747,-0.08119,-0.97448,-0.50523,0.37412,-1.27318,0.42565,0.32937,-0.86607,-0.0586,0.4884,0.0977,-0.0977,0.3712,-0.0195,-0.0195,0.4103,0.0195,0.0977,0.4493,-0.0195,-0.40737,-0.05531,-0.68670,0.57604,-0.04972,-0.97448,-0.50384,0.41889,-1.27329,0.42791,0.37448,-0.86607,0.110,0.330,0.110,0.037,0.037,-0.110,-0.037,0.623,0.110,-0.183,0.330,-0.110,30.00,1.200
2.1700,sine,0.5,-0.9998,nan,-0.41040,-0.08005,-0.68661,0.57740,-0.07819,-0.97459,-0.50530,0.37712,-1.27318,0.42565,0.33266,-0.86607,0.0586,0.4103,0.0195,-0.0195,0.4103,-0.0195,0.0586,0.4493,0.0195,0.0977,0.4103,-0.0195,-0.40737,-0.05263,-0.68670,0.57604,-0.04704,-0.97448,-0.50384,0.42158,-1.27329,0.42791,0.37716,-0.86607,0.110,0.256,0.037,0.110,0.037,-0.037,-0.037,0.623,0.110,-0.183,0.330,-0.110,30.00,1.200
2.1750,sine,0.5,-0.9998,nan,-0.41004,-0.07819,-0.68653,0.57740,-0.07453,-0.97459,-0.50538,0.38041,-1.27318,0.42565,0.33727,-0.86607,0.2540,0.2930,0.0195,0.0195,0.4493,-0.0195,0.0586,0.6056,0.0195,0.0977,0.4884,-0.0195,-0.40737,-0.04997,-0.68670,0.57604,-0.04438,-0.97448,-0.50384,0.42424,-1.27329,0.42791,0.37982,-0.86607,0.110,0.256,0.110,0.037,0.037,-0.037,-0.037,0.549,0.110,-0.183,0.256,-0.110,30.00,1.200
2.1800,sine,0.5,-0.9998,nan,-0.40971,-0.07782,-0.68670,0.57729,-0.07150,-0.97448,-0.50523,0.38198,-1.27327,0.42740,0.34104,-0.86607,0.0195,-0.0586,-0.0586,0.0586,0.3712,-0.0195,0.0586,0.5665,0.0195,0.0195,0.6838,-0.0586,-0.40737,-0.04734,-0.68670,0.57604,-0.04175,-0.97448,-0.50384,0.42687,-1.27329,0.42791,0.38245,-0.86607,0.110,0.769,0.110,0.037,-0.037,-0.110,-0.110,0.549,0.110,-0.183,0.183,-0.110,30.00,1.200
2.1850,sine,0.5,-0.9998,nan,-0.40967,-0.07804,-0.68667,0.57721,-0.07004,-0.97448,-0.50523,0.38622,-1.27327,0.42780,0.34403,-0.86607,0.0977,-0.0586,0.0195,0.0586,0.4103,0.0195,-0.0195,0.5665,0.0586,0.0586,0.7228,0.0195,-0.40737,-0.04474,-0.68670,0.57604,-0.03915,-0.97448,-0.50384,0.42947,-1.27329,0.42791,0.38505,-0.86607,0.183,0.916,0.037,0.037,0.037,-0.110,-0.037,0.476,0.110,-0.110,0.183,-0.037,30.00,1.200
2.1900,sine,0.4,-0.9998,nan,-0.40985,-0.07804,-0.68661,0.57718,-0.06821,-0.97451,-0.50523,0.38918,-1.27327,0.42780,0.34718,-0.86607,-0.0586,0.0977,0.0195,0.0195,0.1758,0.0977,-0.0195,0.6447,0.0195,0.0586,0.6838,-0.0195,-0.40737,-0.04217,-0.68670,0.57604,-0.03658,-0.97448,-0.50384,0.43204,-1.27329,0.42791,0.38762,-0.86607,0.183,0.916,0.110,0.037,0.256,-0.037,-0.037,0.403,0.110,-0.110,0.110,-0.037,30.00,1.200
2.1950,sine,0.4,-0.9998,nan,-0.41004,-0.07793,-0.68661,0.57718,-0.06755,-0.97448,-0.50494,0.38984,-1.27332,0.42821,0.35040,-0.86607,-0.0586,0.1368,0.0195,0.1368,0.1368,-0.0195,-0.0195,0.5665,-0.0195,-0.0195,0.6056,-0.0586,-0.40737,-0.03964,-0.68670,0.57604,-0.03405,-0.97448,-0.50384,0.43457,-1.27329,0.42791,0.39015,-0.86607,0.183,0.989,0.110,0.183,0.476,-0.110,-0.037,0.476,0.110,-0.256,0.183,-0.110,30.00,1.200
2.2000,sine,0.4,-0.9998,nan,-0.40996,-0.07749,-0.68661,0.57718,-0.06675,-0.97448,-0.50479,0.39511,-1.27327,0.42905,0.35336,-0.86607,0.0586,0.1758,0.0195,0.1368,0.2540,-0.0195,-0.0195,0.5275,0.0195,0.0977,0.6447,-0.0586,-0.40737,-0.03714,-0.68670,0.57604,-0.03155,-0.97448,-0.50384,0.43707,-1.27329,0.42791,0.39265,-0.86607,0.183,0.989,0.110,0.037,0.476,-0.110,-0.110,0.476,0.110,-0.256,0.183,0.037,30.00,1.200
2.2050,sine,0.4,-0.9998,nan,-0.41007,-0.07673,-0.68661,0.57710,-0.06554,-0.97448,-0.50479,0.39829,-1.27329,0.42952,0.35617,-0.86607,0.0195,0.1758,0.0195,-0.0977,0.1758,0.0195,-0.0195,0.4884,0.0195,0.0586,0.5665,0.0195,-0.40737,-0.03468,-0.68670,0.57604,-0.02909,-0.97448,-0.50384,0.43952,-1.27329,0.42791,0.39511,-0.86607,0.183,0.916,0.110,0.183,0.476,-0.110,-0.037,0.403,0.110,-0.256,0.183,-0.110,30.00,1.200
2.2100,sine,0.3,-0.9998,nan,-0.41025,-0.07567,-0.68670,0.57703,-0.06448,-0.97451,-0.50479,0.40216,-1.27329,0.42974,0.35884,-0.86607,-0.0977,0.2930,-0.0586,0.0195,0.0977,-0.0195,-0.0195,0.6056,0.0586,0.0586,0.5275,-0.0195,-0.40737,-0.03227,-0.68670,0.57604,-0.02667,-0.97448,-0.50384,0.44194,-1.27329,0.42791,0.39752,-0.86607,0.183,0.916,0.110,0.037,0.623,-0.110,-0.037,0.403,0.110,-0.256,0.183,-0.037,30.00,1.200
2.2150,sine,0.3,-0.9998,nan,-0.41025,-0.07479,-0.68667,0.57699,-0.06375,-0.97448,-0.50472,0.40329,-1.27329,0.42989,0.36147,-0.86607,0.0195,0.2930,0.0195,0.0977,0.1758,-0.0195,-0.0195,0.6447,0.0586,-0.0195,0.5275,-0.0586,-0.40737,-0.02989,-0.68670,0.57604,-0.02430,-0.97448,-0.50384,0.44432,-1.27329,0.42791,0.39990,-0.86607,0.183,0.916,0.110,0.110,0.696,-0.110,-0.037,0.403,0.110,-0.256,0.256,-0.110,30.00,1.200
2.2200,sine,0.3,-0.9998,nan,-0.41015,-0.07340,-0.68661,0.57685,-0.06276,-0.97451,-0.50479,0.40688,-1.27338,0.43003,0.36458,-0.86607,0.0195,0.2540,0.0195,0.0195,0.2540,-0.0586,-0.0195,0.5275,-0.0195,-0.0195,0.5665,-0.0195,-0.40737,-0.02756,-0.68670,0.57604,-0.02197,-0.97448,-0.50384,0.44665,-1.27329,0.42791,0.40223,-0.86607,0.183,1.062,0.110,0.037,0.623,-0.110,-0.037,0.403,0.110,-0.256,0.183,0.037,30.00,1.200
2.2250,sine,0.3,-0.9998,nan,-0.41004,-0.07227,-0.68661,0.57634,-0.06112,-0.97448,-0.50472,0.41039,-1.27329,0.43007,0.36787,-0.86598,0.0195,0.1758,0.0195,-0.0977,0.2540,-0.0195,-0.0195,0.4884,0.0586,-0.0586,0.6056,-0.0195,-0.40737,-0.02528,-0.68670,0.57604,-0.01968,-0.97448,-0.50384,0.44893,-1.27329,0.42791,0.40451,-0.86607,0.110,1.062,0.037,0.183,0.696,-0.110,-0.110,0.403,0.110,-0.183,0.037,-0.037,30.00,1.200
2.2300,sine,0.3,-0.9998,nan,-0.40985,-0.07143,-0.68661,0.57553,-0.05998,-0.97448,-0.50487,0.41039,-1.27332,0.43007,0.37145,-0.86607,0.0195,0.2149,0.0195,0.0195,0.2930,-0.0195,-0.0195,0.4884,-0.0195,0.0977,0.8010,0.0195,-0.40737,-0.02304,-0.68670,0.57604,-0.01745,-0.97448,-0.50384,0.45117,-1.27329,0.42791,0.40675,-0.86607,0.110,1.136,0.110,0.256,0.696,-0.110,-0.037,0.403,0.183,-0.110,-0.037,0.037,30.00,1.200
2.2350,sine,0.2,-0.9998,nan,-0.40960,-0.07040,-0.68661,0.57531,-0.05889,-0.97445,-0.50509,0.41433,-1.27332,0.43003,0.37471,-0.86607,0.0195,0.1758,0.0195,-0.0977,0.2540,-0.0586,-0.0586,0.5275,-0.0977,-0.0195,0.6447,-0.0195,-0.40737,-0.02085,-0.68670,0.57604,-0.01526,-0.97448,-0.50384,0.45336,-1.27329,0.42791,0.40894,-0.86607,0.037,1.136,0.110,0.256,0.769,-0.110,-0.037,0.403,0.183,-0.183,-0.037,-0.037,30.00,1.200
2.2400,sine,0.2,-0.9998,nan,-0.40927,-0.06901,-0.68661,0.57487,-0.05790,-0.97451,-0.50530,0.41810,-1.27338,0.42981,0.37774,-0.86607,0.0195,0.1758,0.0195,0.0195,0.2540,0.0195,-0.0977,0.4884,0.0195,-0.0586,0.5275,-0.0195,-0.40737,-0.01872,-0.68670,0.57604,-0.01312,-0.97448,-0.50384,0.45549,-1.27329,0.42791,0.41107,-0.86607,0.110,1.136,0.037,0.183,0.769,-0.110,-0.037,0.330,0.037,-0.037,0.037,-0.037,30.00,1.200
2.2450,sine,0.2,-0.9998,nan,-0.40894,-0.06806,-0.68667,0.57458,-0.05611,-0.97448,-0.50560,0.42128,-1.27332,0.42963,0.38048,-0.86607,0.0977,0.2540,0.0195,-0.0977,0.2540,-0.0195,-0.0977,0.5275,-0.0195,-0.1368,0.4493,-0.0195,-0.40737,-0.01663,-0.68670,0.57604,-0.01104,-0.97448,-0.50384,0.45757,-1.27329,0.42791,0.41316,-0.86607,0.110,1.209,0.037,0.183,0.769,-0.110,0.037,0.330,0.110,-0.110,0.037,0.037,30.00,1.200
2.2500,sine,0.2,-0.9998,nan,-0.40872,-0.06697,-0.68661,0.57436,-0.05527,-0.97448,-0.50589,0.42413,-1.27338,0.42959,0.38187,-0.86607,0.1368,0.2930,-0.0586,-0.0586,0.2540,-0.0195,-0.0586,0.7228,0.0195,-0.0586,0.4493,-0.0195,-0.40737,-0.01461,-0.68670,0.57604,-0.00901,-0.97448,-0.50384,0.45960,-1.27329,0.42791,0.41518,-0.86607,0.037,1.209,0.110,0.183,0.842,-0.110,0.110,0.256,0.110,-0.110,0.110,-0.110,30.00,1.200
2.2550,sine,0.2,-0.9998,nan,-0.40854,-0.06580,-0.68661,0.57396,-0.05454,-0.97442,-0.50622,0.42512,-1.27338,0.42941,0.38370,-0.86607,0.0586,0.2930,-0.0586,0.0195,0.2540,-0.0195,-0.1758,0.5275,-0.0195,-0.0195,0.4103,-0.0195,-0.40737,-0.01264,-0.68670,0.57604,-0.00704,-0.97448,-0.50384,0.46157,-1.27329,0.42791,0.41715,-0.86607,0.037,1.209,0.110,0.256,0.842,-0.110,0.037,0.403,0.110,-0.110,0.183,-0.037,30.00,1.200
2.2600,sine,0.1,-0.9998,nan,-0.40835,-0.06455,-0.68661,0.57385,-0.05282,-0.97448,-0.50633,0.42837,-1.27338,0.42905,0.38648,-0.86607,0.0195,0.1368,0.0195,-0.0977,0.2540,0.0195,-0.0195,0.4103,-0.0977,-0.0195,0.4103,-0.0195,-0.40737,-0.01072,-0.68670,0.57604,-0.00513,-0.97448,-0.50384,0.46348,-1.27329,0.42791,0.41907,-0.86607,0.037,1.209,0.110,0.256,0.842,-0.110,0.037,0.403,0.110,-0.037,0.183,0.037,30.00,1.200
2.2650,sine,0.1,-0.9998,nan,-0.40817,-0.06331,-0.68661,0.57367,-0.05143,-0.97442,-0.50633,0.43152,-1.27338,0.42905,0.38962,-0.86607,0.0586,0.2930,0.0195,0.0195,0.2540,-0.0195,-0.1368,0.6056,0.0195,-0.0195,0.4103,-0.0586,-0.40737,-0.00887,-0.68670,0.57604,-0.00328,-0.97448,-0.50384,0.46534,-1.27329,0.42791,0.42092,-0.86607,0.037,1.282,0.110,0.183,0.989,-0.110,0.037,0.330,0.110,-0.037,0.183,-0.037,30.00,1.200
2.2700,sine,0.1,-0.9998,nan,-0.40799,-0.06247,-0.68661,0.57345,-0.05037,-0.97442,-0.50644,0.43203,-1.27338,0.42857,0.39046,-0.86607,0.0195,0.3712,0.0586,0.0195,0.2540,-0.0195,0.0977,0.5275,0.0586,-0.1368,0.4103,-0.0195,-0.40737,-0.00708,-0.68670,0.57604,-0.00149,-0.97448,-0.50384,0.46713,-1.27329,0.42791,0.42271,-0.86607,0.037,1.355,0.037,0.256,0.916,-0.110,0.037,0.330,0.183,-0.037,0.183,0.037,30.00,1.200
2.2750,sine,0.1,-0.9998,nan,-0.40784,-0.06145,-0.68661,0.57334,-0.04924,-0.97442,-0.50633,0.43539,-1.27338,0.42857,0.39225,-0.86607,0.0977,0.2540,0.0586,0.0586,0.2540,-0.0195,0.0977,0.4103,-0.0977,-0.1368,0.4103,-0.0195,-0.40737,-0.00535,-0.68670,0.57604,0.00024,-0.97448,-0.50384,0.46886,-1.27329,0.42791,0.42444,-0.86607,0.037,1.429,0.037,0.183,0.916,-0.110,-0.037,0.403,0.110,-0.037,0.183,-0.110,30.00,1.200
2.2800,sine,0.1,-0.9998,nan,-0.40781,-0.06050,-0.68661,0.57305,-0.04799,-0.97448,-0.50633,0.43817,-1.27338,0.42857,0.39437,-0.86607,0.0195,0.1368,0.0586,0.0586,0.1758,-0.0586,-0.0195,0.4103,0.0195,-0.1368,0.4493,-0.0195,-0.40737,-0.00368,-0.68670,0.57604,0.00191,-0.97448,-0.50384,0.47052,-1.27329,0.42791,0.42611,-0.86607,0.183,1.355,0.037,0.183,0.989,-0.110,-0.037,0.330,0.183,-0.037,0.183,-0.110,30.00,1.200
2.2850,sine,0.0,-0.9998,nan,-0.40770,-0.05958,-0.68656,0.57294,-0.04704,-0.97448,-0.50633,0.44106,-1.27332,0.42853,0.39606,-0.86607,0.0195,0.1758,0.0586,0.0195,0.2540,-0.0586,0.0586,0.4103,0.0586,0.0586,0.4884,-0.0195,-0.40737,-0.00208,-0.68670,0.57604,0.00351,-0.97448,-0.50384,0.47212,-1.27329,0.42791,0.42771,-0.86607,0.037,1.429,-0.037,0.256,0.989,-0.110,-0.037,0.330,0.110,-0.037,0.110,-0.110,30.00,1.200
2.2900,sine,0.1,-0.9998,nan,-0.40766,-0.05889,-0.68656,0.57283,-0.04598,-0.97448,-0.50622,0.44150,-1.27338,0.42846,0.39810,-0.86607,0.1368,0.0977,0.0586,0.0195,0.2540,0.0195,0.0586,0.4493,0.0195,-0.0586,0.3712,-0.0195,-0.40737,-0.00055,-0.68670,0.57604,0.00504,-0.97448,-0.50384,0.47366,-1.27329,0.42791,0.42924,-0.86607,0.037,1.502,-0.037,0.183,1.062,-0.110,-0.037,0.330,0.110,-0.037,0.183,-0.110,30.00,1.200
2.2950,sine,1.0,-0.9998,nan,-0.40770,-0.05826,-0.68656,0.57261,-0.04554,-0.97448,-0.50629,0.44420,-1.27338,0.42846,0.39971,-0.86607,0.0195,0.1758,0.0195,0.0195,0.1758,-0.0195,-0.0195,0.3712,0.1368,-0.0586,0.3712,-0.0195,-0.40737,0.00092,-0.68670,0.57604,0.00651,-0.97448,-0.50384,0.47512,-1.27329,0.42791,0.43071,-0.86607,0.037,1.502,0.110,0.256,1.136,-0.037,-0.037,0.330,0.110,-0.037,0.183,-0.110,30.00,1.200
2.3000,sine,1.0,-0.9998,nan,-0.40759,-0.05757,-0.68656,0.57253,-0.04452,-0.97448,-0.50622,0.44639,-1.27338,0.42846,0.40157,-0.86607,0.0195,0.1758,0.0195,-0.0586,0.1758,0.0195,-0.0195,0.5275,-0.0195,-0.0586,0.3321,-0.0195,-0.40737,0.00231,-0.68670,0.57604,0.00791,-0.97448,-0.50384,0.47652,-1.27329,0.42791,0.43210,-0.86607,0.110,1.575,0.110,0.256,1.136,-0.110,-0.037,0.403,0.110,-0.037,0.183,-0.110,30.00,1.200
2.3050,sine,1.0,-0.9998,nan,-0.40759,-0.05669,-0.68656,0.57243,-0.04364,-0.97448,-0.50622,0.44713,-1.27338,0.42846,0.40333,-0.86607,0.0195,0.1758,0.0195,0.0195,0.0977,-0.0195,-0.0195,0.2930,-0.0195,-0.0586,0.3321,-0.0195,-0.40737,0.00364,-0.68670,0.57604,0.00923,-0.97448,-0.50384,0.47785,-1.27329,0.42791,0.43343,-0.86607,0.110,1.648,0.110,0.256,1.136,-0.110,-0.037,0.403,0.110,-0.037,0.256,-0.110,30.00,1.200
2.3100,sine,0.9,-0.9998,nan,-0.40748,-0.05615,-0.68656,0.57231,-0.04310,-0.97442,-0.50611,0.44914,-1.27338,0.42857,0.40487,-0.86607,-0.0195,0.0977,0.0195,-0.0977,0.1368,-0.0195,-0.0195,0.2930,0.0195,-0.0586,0.2540,-0.0195,-0.40737,0.00490,-0.68670,0.57604,0.01049,-0.97448,-0.50384,0.47910,-1.27329,0.42791,0.43469,-0.86607,0.037,1.648,0.110,0.183,1.209,-0.110,-0.037,0.476,0.110,-0.110,0.183,-0.110,30.00,1.200
2.3150,sine,0.9,-0.9998,nan,-0.40751,-0.05578,-0.68656,0.57221,-0.04214,-0.97448,-0.50615,0.45118,-1.27338,0.42857,0.40724,-0.86607,0.0586,0.2540,-0.0195,0.0195,0.1758,-0.0195,0.0586,0.4493,0.0195,-0.0586,0.2540,-0.0195,-0.40737,0.00608,-0.68670,0.57604,0.01167,-0.97448,-0.50384,0.48029,-1.27329,0.42791,0.43587,-0.86607,0.110,1.648,0.110,0.183,1.209,-0.110,-0.037,0.476,0.110,-0.110,0.183,-0.110,30.00,1.200
2.3200,sine,0.9,-0.9998,nan,-0.40748,-0.05516,-0.68656,0.57210,-0.04119,-0.97442,-0.50611,0.45148,-1.27338,0.42864,0.40874,-0.86607,0.0195,0.0586,-0.0195,0.1368,0.1368,0.0195,-0.0195,0.2149,0.0586,0.0195,0.3321,-0.0195,-0.40737,0.00719,-0.68670,0.57604,0.01278,-0.97448,-0.50384,0.48140,-1.27329,0.42791,0.43698,-0.86607,0.037,1.722,0.110,0.183,1.282,-0.110,-0.037,0.476,0.110,-0.110,0.256,-0.110,30.00,1.200
2.3250,sine,0.9,-0.9998,nan,-0.40748,-0.05476,-0.68656,0.57210,-0.04112,-0.97448,-0.50615,0.45367,-1.27338,0.42879,0.41013,-0.86607,0.0586,0.0195,0.0195,0.0195,0.1758,0.0195,0.0586,0.3321,-0.0977,-0.0195,0.2930,-0.0977,-0.40737,0.00823,-0.68670,0.57604,0.01382,-0.97448,-0.50384,0.48243,-1.27329,0.42791,0.43802,-0.86607,0.110,1.795,0.037,0.256,1.209,-0.037,-0.037,0.476,0.037,-0.183,0.183,-0.110,30.00,1.200
2.3300,sine,0.9,-0.9998,nan,-0.40740,-0.05443,-0.68656,0.57210,-0.04024,-0.97448,-0.50604,0.45575,-1.27338,0.42879,0.41170,-0.86607,0.0195,0.0977,0.0195,0.0195,0.1758,-0.0195,-0.0195,0.2930,-0.0977,-0.0195,0.2930,-0.0977,-0.40737,0.00919,-0.68670,0.57604,0.01478,-0.97448,-0.50384,0.48340,-1.27329,0.42791,0.43898,-0.86607,0.037,1.868,0.037,0.256,1.282,-0.110,-0.037,0.476,0.037,-0.183,0.256,-0.110,30.00,1.200
2.3350,sine,0.8,-0.9998,nan,-0.40740,-0.05403,-0.68656,0.57199,-0.03955,-0.97448,-0.50622,0.45762,-1.27338,0.42879,0.41335,-0.86607,0.0195,0.2149,0.0195,0.0195,0.2540,-0.0195,-0.0977,0.4103,-0.0977,-0.0195,0.2540,-0.0977,-0.40737,0.01007,-0.68670,0.57604,0.01567,-0.97448,-0.50384,0.48428,-1.27329,0.42791,0.43986,-0.86607,0.183,1.795,0.037,0.256,1.282,-0.110,-0.037,0.476,0.037,-0.183,0.183,-0.110,30.00,1.200
2.3400,sine,0.8,-0.9998,nan,-0.40740,-0.05351,-0.68656,0.57188,-0.03878,-0.97442,-0.50622,0.45802,-1.27338,0.42879,0.41474,-0.86607,0.0195,0.1758,0.0195,0.0195,0.1368,-0.0195,-0.0195,0.2540,0.0195,-0.0195,0.2540,-0.0977,-0.40737,0.01088,-0.68670,0.57604,0.01648,-0.97448,-0.50384,0.48509,-1.27329,0.42791,0.44067,-0.86607,0.037,1.868,0.110,0.256,1.282,-0.110,-0.037,0.403,0.110,-0.110,0.256,-0.110,30.00,1.200
2.3450,sine,0.8,-0.9998,nan,-0.40737,-0.05326,-0.68656,0.57180,-0.03823,-0.97442,-0.50622,0.45974,-1.27338,0.42879,0.41656,-0.86607,-0.0195,0.0977,0.0195,0.0195,0.1758,-0.0195,-0.0977,0.2930,0.0586,0.0586,0.3712,-0.0977,-0.40737,0.01162,-0.68670,0.57604,0.01721,-0.97448,-0.50384,0.48583,-1.27329,0.42791,0.44141,-0.86607,0.037,1.868,0.183,0.256,1.355,-0.110,-0.037,0.403,0.110,-0.110,0.183,-0.110,30.00,1.200
2.3500,sine,0.8,-0.9998,nan,-0.40733,-0.05304,-0.68656,0.57169,-0.03754,-0.97442,-0.50629,0.46164,-1.27344,0.42875,0.41762,-0.86607,0.1368,0.0977,0.0195,0.0195,0.1368,-0.0195,-0.0195,0.2930,-0.0195,-0.0586,0.2540,-0.0977,-0.40737,0.01227,-0.68670,0.57604,0.01787,-0.97448,-0.50384,0.48648,-1.27329,0.42791,0.44206,-0.86607,0.110,1.868,0.110,0.256,1.282,-0.110,-0.037,0.403,0.110,-0.110,0.256,-0.110,30.00,1.200
2.3550,sine,0.8,-0.9998,nan,-0.40733,-0.05271,-0.68656,0.57169,-0.03684,-0.97442,-0.50622,0.46314,-1.27344,0.42875,0.41890,-0.86607,-0.0195,0.0977,0.0195,0.0195,0.0586,-0.0195,-0.0195,0.2930,-0.0195,-0.0586,0.1758,0.0977,-0.40737,0.01285,-0.68670,0.57604,0.01844,-0.97448,-0.50384,0.48706,-1.27329,0.42791,0.44264,-0.86607,0.037,1.868,0.110,0.256,1.355,-0.110,-0.037,0.403,0.110,-0.110,0.183,0.037,30.00,1.200
2.3600,sine,1.7,-0.9998,nan,-0.40737,-0.05234,-0.68656,0.57147,-0.03633,-0.97442,-0.50622,0.46376,-1.27344,0.42875,0.42000,-0.86607,0.0195,0.0977,0.0195,0.0195,0.0586,0.0195,-0.0195,0.2930,-0.0195,-0.0586,0.2930,0.0977,-0.40737,0.01335,-0.68670,0.57604,0.01894,-0.97448,-0.50384,0.48756,-1.27329,0.42791,0.44314,-0.86607,0.037,1.941,0.110,0.256,1.355,-0.110,-0.037,0.403,0.110,-0.110,0.256,0.037,30.00,1.200
2.3650,sine,0.7,-0.9998,nan,-0.40733,-0.05201,-0.68656,0.57147,-0.03608,-0.97448,-0.50626,0.46540,-1.27344,0.42875,0.42121,-0.86607,0.0195,0.1758,0.0195,0.0195,0.0586,-0.0195,-0.0195,0.3712,-0.0195,-0.0586,0.2540,0.0977,-0.40737,0.01377,-0.68670,0.57604,0.01936,-0.97448,-0.50384,0.48798,-1.27329,0.42791,0.44356,-0.86607,0.037,1.941,0.110,0.256,1.429,-0.110,-0.037,0.330,0.110,-0.110,0.256,0.037,30.00,1.200
2.3700,sine,0.7,-0.9998,nan,-0.40733,-0.05143,-0.68656,0.57129,-0.03545,-0.97442,-0.50622,0.46738,-1.27344,0.42875,0.42263,-0.86607,-0.0195,0.1758,0.0586,-0.0195,0.1758,-0.0195,-0.0195,0.3321,-0.0195,-0.0586,0.2540,0.0977,-0.40737,0.01411,-0.68670,0.57604,0.01970,-0.97448,-0.50384,0.48832,-1.27329,0.42791,0.44390,-0.86607,0.037,1.868,0.110,0.256,1.429,-0.110,-0.037,0.403,0.110,-0.110,0.256,0.037,30.00,1.200
2.3750,sine,0.7,-0.9998,nan,-0.40733,-0.05081,-0.68656,0.57129,-0.03487,-0.97442,-0.50622,0.46859,-1.27344,0.42879,0.42376,-0.86607,-0.0977,0.0195,0.0195,0.0195,0.1758,0.0195,0.0977,0.3321,0.0195,-0.1368,0.2540,0.0977,-0.40737,0.01437,-0.68670,0.57604,0.01997,-0.97448,-0.50384,0.48858,-1.27329,0.42791,0.44416,-0.86607,0.037,1.941,0.110,0.256,1.355,-0.037,-0.037,0.403,0.110,-0.037,0.256,0.037,30.00,1.200
2.3800,sine,0.7,-0.9998,nan,-0.40729,-0.05055,-0.68656,0.57118,-0.03476,-0.97442,-0.50622,0.46906,-1.27344,0.42879,0.42464,-0.86598,-0.0195,0.1758,0.0195,0.0195,-0.0195,-0.0586,-0.0977,0.1368,0.0586,-0.1368,0.1758,0.0586,-0.40737,0.01456,-0.68670,0.57604,0.02015,-0.97448,-0.50384,0.48876,-1.27329,0.42791,0.44435,-0.86607,0.110,1.941,0.110,0.256,1.429,-0.110,-0.037,0.403,0.037,-0.037,0.183,-0.037,30.00,1.200
2.3850,sine,0.6,-0.9998,nan,-0.40733,-0.05008,-0.68656,0.57107,-0.03407,-0.97442,-0.50611,0.47038,-1.27344,0.42879,0.42581,-0.86598,0.0586,0.0977,0.0977,0.0195,0.0586,0.0195,-0.1368,0.2540,0.0586,-0.1368,0.1758,0.0586,-0.40737,0.01466,-0.68670,0.57604,0.02025,-0.97448,-0.50384,0.48887,-1.27329,0.42791,0.44445,-0.86607,0.037,1.941,0.110,0.256,1.429,-0.110,-0.037,0.403,0.037,-0.037,0.256,-0.037,30.00,1.200
2.3900,sine,0.6,-0.9998,nan,-0.40729,-0.04978,-0.68653,0.57096,-0.03344,-0.97442,-0.50611,0.47188,-1.27344,0.42864,0.42735,-0.86598,0.0586,0.1758,0.0195,-0.0977,0.0977,-0.0195,-0.0195,0.2149,0.0586,-0.0195,0.1368,0.0586,-0.40737,0.01468,-0.68670,0.57604,0.02027,-0.97448,-0.50384,0.48889,-1.27329,0.42791,0.44447,-0.86607,0.037,1.941,0.110,0.256,1.429,-0.110,-0.037,0.330,0.037,-0.110,0.183,-0.037,30.00,1.200
2.3950,sine,0.6,-0.9998,nan,-0.40733,-0.04945,-0.68647,0.57078,-0.03304,-0.97442,-0.50622,0.47239,-1.27344,0.42864,0.42833,-0.86595,0.0586,0.0195,0.0586,-0.0586,-0.0195,-0.0195,-0.0195,0.2540,0.0586,-0.0195,0.1368,-0.1368,-0.40737,0.01462,-0.68670,0.57604,0.02021,-0.97448,-0.50384,0.48883,-1.27329,0.42791,0.44441,-0.86607,0.183,1.941,-0.037,0.256,1.429,-0.110,-0.037,0.330,0.110,-0.110,0.183,0.037,30.00,1.200
2.4000,sine,0.6,-0.9998,nan,-0.40729,-0.04924,-0.68647,0.57089,-0.03275,-0.97439,-0.50622,0.47374,-1.27344,0.42857,0.42914,-0.86598,0.0195,0.0195,0.0195,-0.0977,-0.0195,0.0195,-0.0195,0.2149,-0.0195,0.0586,0.1758,-0.0195,-0.40737,0.01448,-0.68670,0.57604,0.02008,-0.97448,-0.50384,0.48869,-1.27329,0.42791,0.44427,-0.86607,0.037,1.941,0.110,0.256,1.429,-0.110,-0.037,0.403,0.110,-0.110,0.183,0.037,30.00,1.200
2.4050,sine,0.6,-0.9998,nan,-0.40729,-0.04891,-0.68647,0.57085,-0.03242,-0.97439,-0.50611,0.47436,-1.27338,0.42857,0.42965,-0.86601,-0.0586,0.0195,0.0195,0.0977,0.0977,0.0586,0.0977,0.1758,0.0195,-0.0586,0.0586,0.0195,-0.40737,0.01427,-0.68670,0.57604,0.01986,-0.97448,-0.50384,0.48848,-1.27329,0.42791,0.44406,-0.86607,0.037,1.941,0.037,0.256,1.429,-0.110,-0.037,0.403,0.110,-0.110,0.183,0.037,30.00,1.200
2.4100,sine,0.5,-0.9998,nan,-0.40729,-0.04883,-0.68647,0.57074,-0.03216,-0.97448,-0.50622,0.47458,-1.27344,0.42857,0.43027,-0.86607,-0.0586,0.0195,0.0195,-0.0195,-0.0195,-0.0195,-0.1368,0.1758,-0.0195,-0.0195,0.0977,-0.1368,-0.40737,0.01397,-0.68670,0.57604,0.01956,-0.97448,-0.50384,0.48818,-1.27329,0.42791,0.44376,-0.86607,0.037,1.941,0.110,0.256,1.429,-0.037,-0.037,0.403,0.110,-0.110,0.183,0.037,30.00,1.200
2.4150,sine,0.5,-0.9998,nan,-0.40733,-0.04872,-0.68641,0.57067,-0.03198,-0.97442,-0.50611,0.47531,-1.27344,0.42853,0.43071,-0.86595,0.0195,0.0586,0.0195,0.0977,-0.0195,-0.0195,0.0977,0.1368,0.0195,-0.0586,0.0977,-0.0977,-0.40737,0.01359,-0.68670,0.57604,0.01919,-0.97448,-0.50384,0.48780,-1.27329,0.42791,0.44338,-0.86607,0.110,2.015,0.110,0.330,1.429,-0.110,-0.037,0.403,0.110,-0.110,0.183,-0.110,30.00,1.200
2.4200,sine,0.5,-0.9998,nan,-0.40722,-0.04869,-0.68638,0.57067,-0.03180,-0.97439,-0.50622,0.47579,-1.27338,0.42857,0.43097,-0.86598,0.0977,-0.0195,0.0195,0.0195,0.0586,-0.0195,-0.0195,0.0586,0.0195,-0.0195,0.0977,-0.1368,-0.40737,0.01314,-0.68670,0.57604,0.01873,-0.97448,-0.50384,0.48735,-1.27329,0.42791,0.44293,-0.86607,0.037,1.941,0.037,0.256,1.355,-0.110,-0.037,0.403,0.110,-0.110,0.183,-0.110,30.00,1.200
2.4250,sine,0.5,-0.9998,nan,-0.40733,-0.04861,-0.68641,0.57067,-0.03173,-0.97442,-0.50622,0.47593,-1.27338,0.42857,0.43111,-0.86598,0.0977,0.0977,-0.0195,0.0586,-0.0195,-0.0586,-0.0195,0.0195,0.0195,-0.0195,-0.0195,-0.1368,-0.40737,0.01260,-0.68670,0.57604,0.01820,-0.97448,-0.50384,0.48681,-1.27329,0.42791,0.44239,-0.86607,0.110,1.941,0.110,0.256,1.429,-0.110,-0.037,0.403,0.110,-0.110,0.183,0.037,30.00,1.200
2.4300,sine,0.4,-0.9998,nan,-0.40729,-0.04865,-0.68641,0.57056,-0.03162,-0.97442,-0.50622,0.47601,-1.27338,0.42853,0.43122,-0.86595,0.1368,0.0195,0.0195,0.0195,-0.0195,-0.0195,0.0586,-0.0195,0.0586,-0.0195,-0.0195,-0.0586,-0.40737,0.01199,-0.68670,0.57604,0.01758,-0.97448,-0.50384,0.48620,-1.27329,0.42791,0.44178,-0.86607,0.183,2.015,0.037,0.256,1.355,-0.110,-0.037,0.476,0.110,-0.110,0.256,-0.037,30.00,1.200
2.4350,sine,0.4,-0.9998,nan,-0.40722,-0.04865,-0.68641,0.57067,-0.03162,-0.97442,-0.50622,0.47593,-1.27344,0.42857,0.43122,-0.86601,0.0977,0.0195,0.0195,0.0195,0.0586,0.0586,-0.0195,-0.0977,0.1368,0.0195,-0.0977,-0.1368,-0.40737,0.01130,-0.68670,0.57604,0.01689,-0.97448,-0.50384,0.48551,-1.27329,0.42791,0.44109,-0.86607,0.110,1.941,0.037,0.256,1.429,-0.110,-0.037,0.476,0.110,-0.110,0.256,-0.037,30.00,1.200
2.4400,sine,0.4,-0.9998,nan,-0.40729,-0.04869,-0.68638,0.57056,-0.03154,-0.97434,-0.50622,0.47590,-1.27341,0.42857,0.43122,-0.86598,-0.0586,0.0195,0.0977,0.0195,-0.0195,0.0195,-0.0195,0.0586,0.0195,-0.0195,-0.0195,-0.0195,-0.40737,0.01053,-0.68670,0.57604,0.01613,-0.97448,-0.50384,0.48474,-1.27329,0.42791,0.44032,-0.86607,0.110,1.941,0.110,0.256,1.355,-0.110,0.037,0.403,0.110,-0.037,0.256,-0.256,30.00,1.200
2.4450,sine,0.4,-0.9998,nan,-0.40729,-0.04869,-0.68647,0.57056,-0.03154,-0.97442,-0.50622,0.47590,-1.27344,0.42857,0.43115,-0.86595,-0.0977,0.0195,0.0195,0.0195,-0.0195,-0.0195,0.0977,0.0586,0.0195,-0.0195,-0.0195,0.0977,-0.40737,0.00969,-0.68670,0.57604,0.01528,-0.97448,-0.50384,0.48390,-1.27329,0.42791,0.43948,-0.86607,0.037,1.941,0.110,0.256,1.355,-0.110,-0.037,0.403,0.110,-0.110,0.256,-0.037,30.00,1.200
2.4500,sine,0.4,-0.9998,nan,-0.40722,-0.04883,-0.68638,0.57056,-0.03154,-0.97439,-0.50622,0.47568,-1.27344,0.42857,0.43097,-0.86595,-0.0977,-0.1368,0.0586,0.0195,-0.0195,-0.0195,-0.0977,0.0195,0.0195,-0.0195,-0.0195,0.0195,-0.40737,0.00877,-0.68670,0.57604,0.01436,-0.97448,-0.50384,0.48298,-1.27329,0.42791,0.43856,-0.86607,0.110,1.868,0.110,0.256,1.355,-0.110,-0.037,0.403,0.183,-0.110,0.256,-0.183,30.00,1.200
2.4550,sine,0.3,-0.9998,nan,-0.40729,-0.04872,-0.68641,0.57056,-0.03162,-0.97442,-0.50604,0.47535,-1.27344,0.42857,0.43086,-0.86601,0.0977,-0.0977,-0.0195,0.1368,0.0586,-0.0977,-0.0195,0.0195,0.0195,-0.0977,-0.0195,0.0195,-0.40737,0.00778,-0.68670,0.57604,0.01337,-0.97448,-0.50384,0.48198,-1.27329,0.42791,0.43757,-0.86607,0.183,1.868,0.037,0.256,1.282,-0.110,-0.037,0.403,0.110,-0.183,0.183,-0.256,30.00,1.200
2.4600,sine,0.3,-0.9998,nan,-0.40722,-0.04880,-0.68641,0.57056,-0.03162,-0.97442,-0.50622,0.47509,-1.27344,0.42864,0.43067,-0.86598,-0.0977,0.0586,0.0586,0.0195,-0.0195,-0.0195,0.0977,0.0195,0.0195,-0.0977,-0.0195,0.0195,-0.40737,0.00671,-0.68670,0.57604,0.01230,-0.97448,-0.50384,0.48091,-1.27329,0.42791,0.43650,-0.86607,0.037,1.868,0.110,0.256,1.282,-0.110,-0.037,0.403,0.037,-0.110,0.256,-0.110,30.00,1.200
2.4650,sine,0.3,-0.9998,nan,-0.40722,-0.04883,-0.68641,0.57063,-0.03162,-0.97442,-0.50611,0.47480,-1.27344,0.42864,0.43053,-0.86607,0.0195,-0.0195,0.0586,0.0195,-0.0195,0.0195,-0.1368,-0.0586,0.0586,-0.0977,-0.0977,-0.0586,-0.40737,0.00556,-0.68670,0.57604,0.01115,-0.97448,-0.50384,0.47977,-1.27329,0.42791,0.43535,-0.86607,0.037,1.795,0.110,0.256,1.282,-0.110,-0.037,0.403,0.037,-0.110,0.256,-0.037,30.00,1.200
2.4700,sine,0.3,-0.9998,nan,-0.40729,-0.04891,-0.68641,0.57056,-0.03162,-0.97442,-0.50622,0.47465,-1.27344,0.42864,0.43027,-0.86607,-0.0195,-0.0195,0.0586,0.0195,-0.0195,-0.0195,-0.0195,0.0195,0.0195,-0.0977,-0.0195,0.0195,-0.40737,0.00435,-0.68670,0.57604,0.00994,-0.97448,-0.50384,0.47855,-1.27329,0.42791,0.43414,-0.86607,0.110,1.795,0.110,0.256,1.282,-0.110,-0.037,0.403,0.110,-0.110,0.183,-0.110,30.00,1.200
2.4750,sine,0.3,-0.9998,nan,-0.40722,-0.04894,-0.68638,0.57056,-0.03173,-0.97442,-0.50615,0.47421,-1.27344,0.42857,0.43002,-0.86607,0.0195,-0.0195,0.0195,-0.0977,-0.1368,-0.0195,-0.0586,0.0195,0.0195,0.0586,-0.0195,0.0195,-0.40737,0.00306,-0.68670,0.57604,0.00865,-0.97448,-0.50384,0.47727,-1.27329,0.42791,0.43285,-0.86607,0.037,1.795,0.183,0.256,1.282,-0.110,0.037,0.403,0.110,-0.110,0.183,-0.110,30.00,1.200
2.4800,sine,0.2,-0.9998,nan,-0.40733,-0.04902,-0.68641,0.57056,-0.03173,-0.97442,-0.50622,0.47400,-1.27344,0.42857,0.42976,-0.86601,0.0195,0.0195,0.0195,0.0195,-0.0977,-0.0195,-0.0195,-0.0586,-0.0195,0.0586,-0.0977,-0.0586,-0.40737,0.00170,-0.68670,0.57604,0.00729,-0.97448,-0.50384,0.47591,-1.27329,0.42791,0.43149,-0.86607,0.037,1.722,0.037,0.256,1.209,-0.110,-0.037,0.330,0.110,-0.110,0.183,-0.183,30.00,1.200
2.4850,sine,0.2,-0.9998,nan,-0.40722,-0.04909,-0.68641,0.57056,-0.03173,-0.97442,-0.50622,0.47396,-1.27344,0.42864,0.42947,-0.86601,0.1368,0.0977,0.0195,0.0195,-0.0977,-0.0586,0.0977,0.0195,-0.0195,-0.0977,-0.1368,-0.0586,-0.40737,0.00027,-0.68670,0.57604,0.00587,-0.97448,-0.50384,0.47448,-1.27329,0.42791,0.43006,-0.86607,0.110,1.722,0.037,0.256,1.136,-0.110,-0.037,0.330,0.110,-0.183,0.110,-0.183,30.00,1.200
2.4900,sine,0.2,-0.9998,nan,-0.40722,-0.04916,-0.68638,0.57056,-0.03187,-0.97442,-0.50622,0.47352,-1.27344,0.42857,0.42914,-0.86601,0.1368,-0.0586,-0.0586,0.0195,-0.0195,-0.0195,-0.0195,0.0195,0.0195,-0.0195,-0.0977,-0.0586,-0.40737,-0.00122,-0.68670,0.57604,0.00437,-0.97448,-0.50384,0.47298,-1.27329,0.42791,0.42857,-0.86607,0.110,1.648,0.037,0.256,1.136,-0.110,-0.037,0.330,0.110,-0.183,0.110,-0.183,30.00,1.200
2.4950,sine,0.2,-0.9998,nan,-0.40722,-0.04924,-0.68641,0.57067,-0.03187,-0.97442,-0.50611,0.47315,-1.27344,0.42857,0.42877,-0.86601,0.0195,-0.0195,0.0195,-0.0977,-0.0195,-0.0195,-0.2149,-0.0977,0.0195,-0.0195,-0.0977,-0.0586,-0.40737,-0.00279,-0.68670,0.57604,0.00281,-0.97448,-0.50384,0.47142,-1.27329,0.42791,0.42700,-0.86607,0.037,1.648,0.110,0.256,1.062,-0.110,-0.037,0.256,0.110,-0.183,0.110,-0.183,30.00,1.200
2.5000,sine,0.2,-0.9998,nan,-0.40722,-0.04931,-0.68641,0.57067,-0.03198,-0.97442,-0.50615,0.47275,-1.27344,0.42857,0.42841,-0.86598,0.0195,-0.0195,-0.0195,0.0195,-0.0195,-0.0586,-0.0195,-0.0977,0.0195,-0.0195,-0.0977,-0.0586,-0.40737,-0.00442,-0.68670,0.57604,0.00118,-0.97448,-0.50384,0.46979,-1.27329,0.42791,0.42537,-0.86607,0.037,1.575,0.110,0.256,1.062,-0.110,-0.037,0.256,0.110,-0.183,0.037,-0.256,30.00,1.200
2.5050,sine,0.1,-0.9998,nan,-0.40729,-0.04945,-0.68641,0.57067,-0.03216,-0.97442,-0.50622,0.47253,-1.27344,0.42857,0.42808,-0.86598,-0.0195,0.0586,-0.0195,0.0195,-0.1368,-0.0586,0.0977,-0.0586,0.0586,-0.0195,-0.0977,-0.0586,-0.40737,-0.00611,-0.68670,0.57604,-0.00052,-0.97448,-0.50384,0.46810,-1.27329,0.42791,0.42368,-0.86607,0.183,1.648,0.110,0.256,0.989,-0.110,0.037,0.183,0.110,-0.183,0.110,-0.256,30.00,1.200
2.5100,sine,0.1,-0.9998,nan,-0.40729,-0.04949,-0.68641,0.57056,-0.03224,-0.97442,-0.50615,0.47210,-1.27344,0.42857,0.42764,-0.86598,0.0195,0.0586,0.0977,-0.0977,-0.0195,-0.0586,0.0586,-0.0195,0.0586,-0.0195,-0.0195,-0.0586,-0.40737,-0.00787,-0.68670,0.57604,-0.00228,-0.97448,-0.50384,0.46634,-1.27329,0.42791,0.42192,-0.86607,0.110,1.575,0.110,0.256,0.989,-0.110,-0.037,0.183,0.110,-0.183,0.037,-0.256,30.00,1.200
2.5150,sine,0.1,-0.9998,nan,-0.40722,-0.04978,-0.68641,0.57067,-0.03231,-0.97442,-0.50611,0.47166,-1.27338,0.42857,0.42713,-0.86598,0.0195,0.0195,0.0977,0.0195,-0.0195,-0.0195,-0.2149,0.0195,0.0586,-0.0195,-0.2149,-0.0586,-0.40737,-0.00969,-0.68670,0.57604,-0.00409,-0.97448,-0.50384,0.46452,-1.27329,0.42791,0.42010,-0.86607,0.037,1.502,0.110,0.256,0.916,-0.110,-0.037,0.183,0.110,-0.183,-0.037,-0.256,30.00,1.200
2.5200,sine,0.1,-0.9998,nan,-0.40733,-0.05000,-0.68638,0.57074,-0.03279,-0.97442,-0.50615,0.47147,-1.27338,0.42850,0.42640,-0.86598,-0.0977,0.0195,0.0586,-0.0586,-0.0977,0.0195,0.0977,-0.1368,0.0586,0.0586,-0.1368,-0.0586,-0.40737,-0.01157,-0.68670,0.57604,-0.00597,-0.97448,-0.50384,0.46264,-1.27329,0.42791,0.41822,-0.86607,0.110,1.502,0.037,0.256,0.916,-0.110,-0.037,0.183,0.110,-0.110,-0.037,-0.256,30.00,1.200
2.5250,sine,0.1,-0.9998,nan,-0.40722,-0.05008,-0.68638,0.57067,-0.03293,-0.97442,-0.50622,0.47052,-1.27344,0.42850,0.42581,-0.86598,0.0195,-0.0977,0.0586,0.0195,-0.0195,0.0195,-0.0195,-0.0586,-0.0195,0.0586,-0.2149,-0.0586,-0.40737,-0.01351,-0.68670,0.57604,-0.00791,-0.97448,-0.50384,0.46070,-1.27329,0.42791,0.41628,-0.86607,0.183,1.429,0.110,0.256,0.842,-0.110,-0.037,0.110,0.110,-0.110,-0.037,-0.256,30.00,1.200
2.5300,sine,0.0,-0.9998,nan,-0.40722,-0.05033,-0.68638,0.57067,-0.03311,-0.97439,-0.50622,0.46986,-1.27344,0.42857,0.42552,-0.86607,-0.0977,-0.1368,0.0195,-0.0195,-0.0977,-0.0586,-0.0195,-0.0977,-0.0195,-0.0977,-0.2149,0.0977,-0.40737,-0.01550,-0.68670,0.57604,-0.00991,-0.97448,-0.50384,0.45871,-1.27329,0.42791,0.41429,-0.86607,0.037,1.355,0.110,0.256,0.842,-0.110,-0.037,0.110,0.110,-0.110,-0.037,-0.110,30.00,1.200
2.5350,sine,1.0,-0.9998,nan,-0.40722,-0.05081,-0.68641,0.57074,-0.03330,-0.97442,-0.50622,0.46906,-1.27338,0.42846,0.42464,-0.86607,0.0977,-0.0977,-0.0195,0.0195,-0.0195,-0.0195,-0.0195,-0.0977,0.0586,-0.0977,-0.0977,0.0977,-0.40737,-0.01755,-0.68670,0.57604,-0.01196,-0.97448,-0.50384,0.45665,-1.27329,0.42791,0.41224,-0.86607,0.110,1.355,0.037,0.256,0.769,-0.110,-0.037,0.037,0.037,-0.110,-0.037,-0.110,30.00,1.200
2.5400,sine,1.0,-0.9998,nan,-0.40729,-0.05088,-0.68641,0.57067,-0.03363,-0.97442,-0.50615,0.46884,-1.27338,0.42853,0.42384,-0.86607,-0.0195,-0.0586,0.0195,0.0195,-0.0977,-0.0195,-0.0195,-0.2149,0.0195,0.0195,-0.2930,0.0977,-0.40737,-0.01966,-0.68670,0.57604,-0.01407,-0.97448,-0.50384,0.45455,-1.27329,0.42791,0.41013,-0.86607,0.183,1.282,0.183,0.256,0.769,-0.110,-0.037,0.110,0.110,-0.110,-0.183,-0.110,30.00,1.200
2.5450,sine,1.0,-0.9998,nan,-0.40733,-0.05117,-0.68641,0.57067,-0.03388,-0.97442,-0.50615,0.46785,-1.27338,0.42853,0.42333,-0.86607,0.0977,-0.0586,-0.0195,0.0195,-0.0195,-0.0195,0.0195,-0.2149,0.0195,-0.0586,-0.2149,0.0977,-0.40737,-0.02182,-0.68670,0.57604,-0.01623,-0.97448,-0.50384,0.45239,-1.27329,0.42791,0.40797,-0.86607,0.183,1.282,0.037,0.256,0.696,-0.110,-0.037,0.037,0.110,-0.110,-0.037,-0.110,30.00,1.200
2.5500,sine,1.0,-0.9998,nan,-0.40733,-0.05172,-0.68638,0.57078,-0.03450,-0.97439,-0.50604,0.46764,-1.27341,0.42853,0.42245,-0.86607,0.0977,-0.1368,0.0195,-0.0586,-0.1758,-0.0195,-0.0977,-0.2149,0.0586,-0.0586,-0.2930,-0.1368,-0.40737,-0.02403,-0.68670,0.57604,-0.01843,-0.97448,-0.50384,0.45018,-1.27329,0.42791,0.40576,-0.86607,0.037,1.209,0.183,0.256,0.696,-0.110,-0.037,0.037,0.110,-0.110,-0.110,-0.037,30.00,1.200
2.5550,sine,0.9,-0.9998,nan,-0.40722,-0.05216,-0.68638,0.57078,-0.03487,-0.97439,-0.50604,0.46551,-1.27341,0.42853,0.42128,-0.86607,0.0195,-0.0977,0.0195,0.0977,-0.2149,-0.0195,-0.1368,-0.2149,0.0586,-0.0586,-0.2930,-0.1368,-0.40737,-0.02629,-0.68670,0.57604,-0.02069,-0.97448,-0.50384,0.44792,-1.27329,0.42791,0.40350,-0.86607,0.183,1.136,0.037,0.256,0.623,-0.110,-0.037,0.037,0.110,-0.110,-0.110,-0.037,30.00,1.200
2.5600,sine,0.9,-0.9998,nan,-0.40722,-0.05289,-0.68641,0.57078,-0.03545,-0.97442,-0.50604,0.46416,-1.27332,0.42857,0.42004,-0.86601,0.0195,-0.0977,0.0195,0.0586,-0.0977,-0.0977,0.0977,-0.2540,0.0586,-0.0977,-0.2149,-0.0195,-0.40737,-0.02859,-0.68670,0.57604,-0.02300,-0.97448,-0.50384,0.44562,-1.27329,0.42791,0.40120,-0.86607,0.037,1.136,0.110,0.256,0.623,-0.110,-0.037,0.037,0.110,-0.110,-0.183,-0.037,30.00,1.200
2.5650,sine,0.9,-0.9998,nan,-0.40733,-0.05318,-0.68647,0.57085,-0.03571,-0.97442,-0.50615,0.46347,-1.27338,0.42864,0.41898,-0.86595,0.0195,-0.1368,0.0586,0.0195,-0.0195,-0.0195,-0.0977,-0.3321,-0.0195,-0.0586,-0.2930,-0.0586,-0.40737,-0.03094,-0.68670,0.57604,-0.02535,-0.97448,-0.50384,0.44327,-1.27329,0.42791,0.39885,-0.86607,0.037,1.136,0.110,0.256,0.549,-0.037,-0.037,-0.037,0.183,-0.183,-0.330,-0.183,30.00,1.200
2.5700,sine,0.9,-0.9998,nan,-0.40722,-0.05340,-0.68641,0.57089,-0.03633,-0.97442,-0.50622,0.46241,-1.27338,0.42868,0.41828,-0.86601,0.0195,-0.0977,-0.0195,0.0195,-0.0977,-0.0586,-0.1368,-0.2540,0.0586,-0.0195,-0.2930,-0.0586,-0.40737,-0.03334,-0.68670,0.57604,-0.02774,-0.97448,-0.50384,0.44087,-1.27329,0.42791,0.39645,-0.86607,0.037,1.136,0.037,0.256,0.476,-0.110,0.037,0.037,0.110,-0.110,-0.110,-0.037,30.00,1.200
2.5750,sine,0.9,-0.9998,nan,-0.40733,-0.05428,-0.68641,0.57096,-0.03695,-0.97442,-0.50611,0.46124,-1.27338,0.42875,0.41664,-0.86601,0.0195,0.0195,0.0195,0.0586,-0.0977,-0.0195,-0.0977,-0.2540,0.0195,-0.1758,-0.2930,-0.0586,-0.40737,-0.03577,-0.68670,0.57604,-0.03018,-0.97448,-0.50384,0.43844,-1.27329,0.42791,0.39402,-0.86607,0.037,0.989,0.110,0.183,0.476,-0.037,0.037,-0.037,0.110,-0.183,-0.183,-0.037,30.00,1.200
2.5800,sine,0.8,-0.9998,nan,-0.40722,-0.05498,-0.68647,0.57107,-0.03754,-0.97442,-0.50622,0.45923,-1.27338,0.42886,0.41528,-0.86607,0.0195,-0.1368,0.0586,0.0195,-0.2149,-0.0195,0.0977,-0.2540,0.0586,-0.0195,-0.2930,0.0586,-0.40737,-0.03825,-0.68670,0.57604,-0.03266,-0.97448,-0.50384,0.43596,-1.27329,0.42791,0.39154,-0.86607,0.037,0.842,0.183,0.183,0.403,-0.110,-0.037,0.037,0.110,-0.183,-0.256,-0.110,30.00,1.200
2.5850,sine,0.8,-0.9998,nan,-0.40729,-0.05552,-0.68641,0.57107,-0.03816,-0.97442,-0.50615,0.45765,-1.27338,0.42901,0.41375,-0.86607,0.0195,-0.0586,0.0586,0.0195,-0.0195,-0.0977,0.0586,-0.2930,-0.0195,-0.0195,-0.3321,-0.0586,-0.40737,-0.04076,-0.68670,0.57604,-0.03517,-0.97448,-0.50384,0.43345,-1.27329,0.42791,0.38903,-0.86607,0.110,0.842,0.110,0.256,0.403,-0.110,-0.037,0.037,0.110,-0.183,-0.256,-0.037,30.00,1.200
2.5900,sine,0.8,-0.9998,nan,-0.40729,-0.05574,-0.68647,0.57118,-0.03893,-0.97442,-0.50622,0.45532,-1.27338,0.42905,0.41283,-0.86598,0.0195,-0.1368,0.0195,-0.0977,-0.2149,-0.0195,-0.1368,-0.3712,0.0195,-0.0977,-0.3321,0.0586,-0.40737,-0.04331,-0.68670,0.57604,-0.03772,-0.97448,-0.50384,0.43090,-1.27329,0.42791,0.38648,-0.86607,0.183,0.842,0.110,0.183,0.330,-0.110,0.037,0.037,0.110,-0.183,-0.256,-0.037,30.00,1.200
2.5950,sine,0.8,-0.9998,nan,-0.40729,-0.05633,-0.68647,0.57129,-0.03937,-0.97442,-0.50622,0.45374,-1.27344,0.42905,0.41144,-0.86601,0.0195,-0.0977,0.0195,0.1368,-0.0977,-0.0586,-0.2149,-0.2930,-0.0195,-0.0977,-0.3712,0.0195,-0.40737,-0.04589,-0.68670,0.57604,-0.04030,-0.97448,-0.50384,0.42832,-1.27329,0.42791,0.38390,-0.86607,0.110,0.769,0.110,0.183,0.330,-0.037,-0.037,0.037,0.183,-0.183,-0.256,-0.037,30.00,1.200
2.6000,sine,0.7,-0.9998,nan,-0.40729,-0.05647,-0.68647,0.57140,-0.04017,-0.97442,-0.50611,0.45202,-1.27338,0.42923,0.40965,-0.86601,0.0195,-0.1368,-0.0195,-0.0977,-0.2149,-0.0195,-0.0195,-0.3712,0.0586,-0.0195,-0.4103,0.0195,-0.40737,-0.04851,-0.68670,0.57604,-0.04291,-0.97448,-0.50384,0.42570,-1.27329,0.42791,0.38128,-0.86607,0.037,0.769,0.037,0.256,0.183,-0.110,-0.037,0.037,0.110,-0.183,-0.183,-0.037,30.00,1.200
2.6050,sine,0.7,-0.9998,nan,-0.40729,-0.05786,-0.68641,0.57162,-0.04087,-0.97442,-0.50622,0.45162,-1.27338,0.42923,0.40640,-0.86607,0.1368,-0.1368,0.0977,0.0195,-0.2149,0.0195,-0.0195,-0.3712,-0.0195,-0.0195,-0.4884,-0.0195,-0.40737,-0.05115,-0.68670,0.57604,-0.04556,-0.97448,-0.50384,0.42306,-1.27329,0.42791,0.37864,-0.86607,0.037,0.696,0.037,0.183,0.110,-0.110,-0.037,0.037,0.110,-0.183,-0.110,-0.110,30.00,1.200
2.6100,sine,0.7,-0.9998,nan,-0.40729,-0.05826,-0.68647,0.57169,-0.04138,-0.97442,-0.50622,0.44782,-1.27338,0.42923,0.40508,-0.86607,0.0977,-0.0977,0.0195,0.0586,-0.0977,-0.0195,-0.0195,-0.4884,0.0195,-0.0195,-0.4884,-0.0586,-0.40737,-0.05382,-0.68670,0.57604,-0.04823,-0.97448,-0.50384,0.42039,-1.27329,0.42791,0.37597,-0.86607,0.037,0.623,0.110,0.183,0.183,-0.110,-0.037,0.037,0.110,-0.183,-0.110,0.037,30.00,1.200
2.6150,sine,0.7,-0.9998,nan,-0.40722,-0.05925,-0.68647,0.57177,-0.04207,-0.97442,-0.50611,0.44548,-1.27338,0.42952,0.40242,-0.86607,0.1368,-0.2149,0.0586,0.0195,-0.0977,-0.0195,-0.0977,-0.3321,0.0195,-0.0195,-0.5275,-0.0195,-0.40737,-0.05651,-0.68670,0.57604,-0.05092,-0.97448,-0.50384,0.41769,-1.27329,0.42791,0.37328,-0.86607,0.037,0.549,0.037,0.183,0.110,-0.110,-0.037,0.110,0.110,-0.110,-0.037,-0.110,30.00,1.200
2.6200,sine,0.7,-0.9998,nan,-0.40722,-0.06020,-0.68647,0.57188,-0.04339,-0.97442,-0.50622,0.44310,-1.27338,0.42952,0.39850,-0.86607,-0.0586,-0.1368,0.0586,0.0195,-0.1758,-0.0195,-0.0977,-0.4884,0.0195,-0.0195,-0.4884,-0.0195,-0.40737,-0.05923,-0.68670,0.57604,-0.05364,-0.97448,-0.50384,0.41497,-1.27329,0.42791,0.37056,-0.86607,0.037,0.549,0.037,0.183,-0.037,-0.110,-0.037,0.110,0.110,-0.110,-0.037,-0.037,30.00,1.200
2.6250,sine,0.6,-0.9998,nan,-0.40722,-0.06104,-0.68647,0.57210,-0.04416,-0.97442,-0.50622,0.43945,-1.27338,0.42978,0.39613,-0.86607,0.0977,-0.1368,0.0195,-0.0586,-0.2149,-0.0195,-0.0195,-0.6056,0.0195,0.0977,-0.5275,-0.0195,-0.40737,-0.06197,-0.68670,0.57604,-0.05638,-0.97448,-0.50384,0.41223,-1.27329,0.42791,0.36782,-0.86607,0.037,0.549,0.037,0.183,-0.037,-0.110,-0.037,0.037,0.110,-0.183,-0.183,-0.110,30.00,1.200
2.6300,sine,0.6,-0.9998,nan,-0.40722,-0.06207,-0.68641,0.57231,-0.04478,-0.97442,-0.50622,0.43755,-1.27338,0.42985,0.39434,-0.86607,0.0195,-0.2149,0.0195,-0.0195,-0.2149,-0.0586,-0.0195,-0.3712,0.0195,-0.0195,-0.4884,-0.0195,-0.40737,-0.06473,-0.68670,0.57604,-0.05914,-0.97448,-0.50384,0.40948,-1.27329,0.42791,0.36506,-0.86607,0.110,0.476,0.110,0.183,-0.037,-0.110,-0.037,0.110,0.110,-0.183,-0.110,0.037,30.00,1.200
2.6350,sine,0.6,-0.9998,nan,-0.40729,-0.06324,-0.68647,0.57253,-0.04584,-0.97445,-0.50622,0.43448,-1.27338,0.42985,0.39145,-0.86607,0.0195,-0.1368,-0.0195,0.0977,-0.2149,-0.0195,-0.0195,-0.5665,0.1368,-0.0195,-0.5275,-0.0195,-0.40737,-0.06751,-0.68670,0.57604,-0.06191,-0.97448,-0.50384,0.40670,-1.27329,0.42791,0.36228,-0.86607,0.110,0.403,0.110,0.183,-0.110,-0.110,-0.037,0.110,0.037,-0.183,-0.110,0.110,30.00,1.200
2.6400,sine,0.6,-0.9998,nan,-0.40722,-0.06408,-0.68647,0.57283,-0.04660,-0.97442,-0.50622,0.43261,-1.27332,0.42996,0.38955,-0.86609,-0.0977,-0.2149,0.0195,0.0195,-0.2930,0.0195,-0.0195,-0.6838,0.1368,-0.0977,-0.4884,-0.0195,-0.40737,-0.07030,-0.68670,0.57604,-0.06470,-0.97448,-0.50384,0.40391,-1.27329,0.42791,0.35949,-0.86607,0.037,0.403,0.110,0.110,-0.183,-0.110,-0.037,0.183,0.110,-0.110,-0.183,-0.256,30.00,1.200
2.6450,sine,0.6,-0.9998,nan,-0.40722,-0.06518,-0.68641,0.57315,-0.04766,-0.97448,-0.50622,0.42936,-1.27338,0.42996,0.38695,-0.86607,0.0195,-0.2149,0.0586,0.0195,-0.2930,0.0195,0.0195,-0.4493,0.0195,-0.0195,-0.5665,0.0195,-0.40737,-0.07310,-0.68670,0.57604,-0.06750,-0.97448,-0.50384,0.40111,-1.27329,0.42791,0.35669,-0.86607,0.037,0.330,0.110,0.110,-0.110,-0.110,-0.037,0.183,0.110,-0.183,-0.183,0.037,30.00,1.200
2.6500,sine,0.6,-0.9998,nan,-0.40722,-0.06642,-0.68641,0.57345,-0.04898,-0.97442,-0.50622,0.42552,-1.27338,0.42996,0.38410,-0.86601,0.0977,-0.2540,0.0195,0.2540,-0.2930,-0.0586,-0.0195,-0.5665,0.0586,-0.0195,-0.4493,-0.0195,-0.40737,-0.07591,-0.68670,0.57604,-0.07031,-0.97448,-0.50384,0.39830,-1.27329,0.42791,0.35388,-0.86607,0.037,0.330,0.110,0.110,-0.183,-0.110,-0.110,0.110,0.110,-0.183,-0.183,-0.037,30.00,1.200
2.6550,sine,0.5,-0.9998,nan,-0.40722,-0.06730,-0.68647,0.57367,-0.05081,-0.97442,-0.50622,0.42501,-1.27338,0.42996,0.38150,-0.86607,0.0195,-0.2149,0.0195,0.1368,-0.2149,-0.0195,-0.0195,-0.4884,0.0586,0.0586,-0.4884,-0.0195,-0.40737,-0.07873,-0.68670,0.57604,-0.07313,-0.97448,-0.50384,0.39548,-1.27329,0.42791,0.35106,-0.86607,0.037,0.256,0.110,0.110,-0.183,-0.110,-0.037,0.183,0.110,-0.110,-0.110,-0.183,30.00,1.200
2.6600,sine,0.4,-0.9998,nan,-0.40729,-0.06861,-0.68647,0.57396,-0.05150,-0.97442,-0.50622,0.42168,-1.27329,0.42989,0.37884,-0.86607,0.0195,-0.2149,0.0195,0.1368,-0.2930,-0.0586,-0.0586,-0.4493,0.0195,-0.0195,-0.6447,-0.0195,-0.40737,-0.08155,-0.68670,0.57604,-0.07596,-0.97448,-0.50384,0.39266,-1.27329,0.42791,0.34824,-0.86607,0.037,0.256,0.110,0.110,-0.183,-0.110,-0.037,0.110,0.110,-0.110,-0.110,-0.256,30.00,1.200
2.6650,sine,0.4,-0.9998,nan,-0.40722,-0.07000,-0.68647,0.57407,-0.05417,-0.97442,-0.50622,0.41781,-1.27332,0.42978,0.37609,-0.86612,0.0195,-0.2540,0.0195,0.0195,-0.3712,-0.0586,-0.0195,-0.4493,0.0586,-0.0195,-0.5665,-0.0195,-0.40737,-0.08438,-0.68670,0.57604,-0.07878,-0.97448,-0.50384,0.38983,-1.27329,0.42791,0.34541,-0.86607,0.110,0.256,0.183,0.037,-0.110,-0.110,-0.037,0.256,0.037,-0.110,-0.183,0.037,30.00,1.200
2.6700,sine,0.4,-0.9998,nan,-0.40722,-0.07132,-0.68641,0.57436,-0.05629,-0.97448,-0.50611,0.41426,-1.27338,0.42970,0.37412,-0.86601,0.0195,-0.2540,0.0586,0.0195,-0.3712,-0.0195,0.0977,-0.5665,-0.0195,-0.0977,-0.4884,-0.0195,-0.40737,-0.08720,-0.68670,0.57604,-0.08161,-0.97448,-0.50384,0.38701,-1.27329,0.42791,0.34259,-0.86607,0.183,0.183,0.110,0.110,-0.110,-0.110,-0.037,0.183,0.037,-0.110,-0.110,-0.110,30.00,1.200
2.6750,sine,0.4,-0.9998,nan,-0.40729,-0.07227,-0.68647,0.57429,-0.05863,-0.97448,-0.50611,0.41328,-1.27332,0.42963,0.37109,-0.86607,0.0195,-0.2540,0.0195,0.0195,-0.4884,-0.0195,-0.0195,-0.4493,-0.0195,-0.0977,-0.5665,-0.0195,-0.40737,-0.09003,-0.68670,0.57604,-0.08444,-0.97448,-0.50384,0.38418,-1.27329,0.42791,0.33976,-0.86607,0.037,0.110,0.110,0.110,-0.037,-0.110,-0.037,0.183,0.183,-0.110,-0.183,0.037,30.00,1.200
2.6800,sine,0.4,-0.9998,nan,-0.40722,-0.07380,-0.68647,0.57436,-0.06086,-0.97442,-0.50611,0.40998,-1.27329,0.42952,0.36871,-0.86607,0.0195,-0.2540,0.0195,0.0195,-0.4493,-0.0586,-0.0586,-0.4493,0.0195,-0.0977,-0.4103,-0.0586,-0.40737,-0.09285,-0.68670,0.57604,-0.08726,-0.97448,-0.50384,0.38136,-1.27329,0.42791,0.33694,-0.86607,0.110,0.037,0.110,0.110,-0.110,-0.110,-0.037,0.183,0.110,-0.110,-0.183,-0.037,30.00,1.200
2.6850,sine,0.4,-0.9998,nan,-0.40722,-0.07505,-0.68647,0.57436,-0.06320,-0.97442,-0.50622,0.40651,-1.27338,0.42941,0.36644,-0.86607,0.0195,-0.2540,-0.0195,0.1368,-0.4884,-0.0195,-0.0977,-0.4884,0.0195,-0.0195,-0.5665,-0.0195,-0.40737,-0.09567,-0.68670,0.57604,-0.09007,-0.97448,-0.50384,0.37854,-1.27329,0.42791,0.33412,-0.86607,0.037,0.037,0.037,0.110,-0.110,-0.110,-0.037,0.183,0.110,-0.110,-0.183,-0.183,30.00,1.200
2.6900,sine,0.3,-0.9998,nan,-0.40722,-0.07611,-0.68647,0.57436,-0.06572,-0.97451,-0.50615,0.40300,-1.27332,0.42930,0.36356,-0.86607,-0.0977,-0.2540,0.0195,-0.0977,-0.4884,-0.0195,-0.0977,-0.6056,-0.0195,0.0195,-0.6838,-0.0195,-0.40737,-0.09847,-0.68670,0.57604,-0.09288,-0.97448,-0.50384,0.37573,-1.27329,0.42791,0.33132,-0.86607,0.110,-0.037,0.110,0.110,-0.110,-0.110,-0.037,0.183,0.110,-0.110,-0.183,-0.037,30.00,1.200
2.6950,sine,0.3,-0.9998,nan,-0.40722,-0.07720,-0.68647,0.57436,-0.06766,-0.97451,-0.50622,0.40187,-1.27329,0.42930,0.36030,-0.86607,0.0195,-0.2930,0.0195,0.0586,-0.4493,-0.0195,0.0586,-0.5665,-0.0195,-0.0977,-0.6447,-0.0195,-0.40737,-0.10127,-0.68670,0.57604,-0.09568,-0.97448,-0.50384,0.37294,-1.27329,0.42791,0.32852,-0.86607,0.183,0.037,0.110,0.183,-0.110,-0.037,-0.037,0.110,0.037,-0.110,-0.037,-0.037,30.00,1.200
2.7000,sine,0.3,-0.9998,nan,-0.40729,-0.07867,-0.68647,0.57436,-0.06942,-0.97448,-0.50629,0.39832,-1.27332,0.42923,0.35705,-0.86607,0.0195,-0.2930,0.0195,0.0586,-0.4884,-0.0195,-0.0195,-0.7228,-0.0586,-0.0195,-0.5665,-0.0195,-0.40737,-0.10406,-0.68670,0.57604,-0.09846,-0.97448,-0.50384,0.37015,-1.27329,0.42791,0.32573,-0.86607,0.037,-0.037,0.037,0.110,-0.183,-0.110,-0.037,0.110,0.110,-0.183,-0.037,-0.256,30.00,1.200
2.7050,sine,0.3,-0.9998,nan,-0.40722,-0.08064,-0.68656,0.57436,-0.07161,-0.97448,-0.50615,0.39481,-1.27332,0.42923,0.35387,-0.86607,0.0977,-0.3712,0.0195,-0.0195,-0.2930,-0.0586,-0.0195,-0.6056,0.0586,-0.0195,-0.7228,0.0195,-0.40737,-0.10683,-0.68670,0.57604,-0.10123,-0.97448,-0.50384,0.36738,-1.27329,0.42791,0.32296,-0.86607,0.037,-0.037,0.110,0.110,-0.403,-0.110,-0.037,0.110,0.110,-0.110,0.037,-0.110,30.00,1.200
2.7100,sine,0.3,-0.9998,nan,-0.40722,-0.08228,-0.68647,0.57436,-0.07249,-0.97448,-0.50622,0.39189,-1.27327,0.42923,0.35138,-0.86607,0.0195,-0.3321,0.0195,0.0195,-0.2149,0.0195,-0.0195,-0.5665,0.0195,-0.0586,-0.5665,-0.0195,-0.40737,-0.10958,-0.68670,0.57604,-0.10399,-0.97448,-0.50384,0.36463,-1.27329,0.42791,0.32021,-0.86607,0.110,-0.110,0.037,0.183,-0.476,-0.110,-0.037,0.256,0.110,-0.110,-0.037,-0.256,30.00,1.200
2.7150,sine,0.2,-0.9998,nan,-0.40722,-0.08400,-0.68647,0.57436,-0.07318,-0.97448,-0.50622,0.39064,-1.27327,0.42919,0.34776,-0.86609,0.0977,-0.2930,0.0195,0.0195,-0.2540,-0.0195,-0.0195,-0.6056,0.0195,-0.0195,-0.6447,-0.0195,-0.40737,-0.11231,-0.68670,0.57604,-0.10672,-0.97448,-0.50384,0.36190,-1.27329,0.42791,0.31748,-0.86607,0.110,-0.110,0.037,0.110,-0.623,-0.037,-0.037,0.183,0.110,-0.110,-0.037,-0.110,30.00,1.200
2.7200,sine,0.2,-0.9998,nan,-0.40718,-0.08598,-0.68656,0.57436,-0.07494,-0.97451,-0.50611,0.38644,-1.27327,0.42930,0.34557,-0.86607,0.0195,-0.4103,0.0195,0.0195,-0.2930,-0.0586,0.0586,-0.4884,0.0195,-0.0195,-0.4884,-0.0586,-0.40737,-0.11502,-0.68670,0.57604,-0.10943,-0.97448,-0.50384,0.35919,-1.27329,0.42791,0.31477,-0.86607,0.110,-0.110,0.110,0.183,-0.549,-0.110,-0.037,0.183,0.110,-0.183,-0.110,-0.037,30.00,1.200
2.7250,sine,0.2,-0.9998,nan,-0.40722,-0.08810,-0.68656,0.57447,-0.07647,-0.97442,-0.50622,0.38297,-1.27327,0.42930,0.34254,-0.86607,0.0195,-0.3321,-0.0195,0.0195,-0.3321,-0.0195,0.0586,-0.5275,0.0195,-0.0195,-0.4884,-0.0195,-0.40737,-0.11771,-0.68670,0.57604,-0.11212,-0.97448,-0.50384,0.35650,-1.27329,0.42791,0.31208,-0.86607,0.037,-0.037,0.183,0.183,-0.549,-0.110,-0.037,0.256,0.183,-0.183,-0.183,-0.256,30.00,1.200
2.7300,sine,0.2,-0.9998,nan,-0.40722,-0.08981,-0.68647,0.57451,-0.07808,-0.97451,-0.50622,0.38012,-1.27327,0.42934,0.34063,-0.86607,0.0195,-0.3321,0.0195,0.1368,-0.3321,-0.0195,-0.1368,-0.4884,0.0195,0.0195,-0.4884,-0.0195,-0.40737,-0.12037,-0.68670,0.57604,-0.11478,-0.97448,-0.50384,0.35384,-1.27329,0.42791,0.30942,-0.86607,0.183,-0.110,0.037,0.110,-0.623,-0.110,-0.037,0.183,0.110,-0.110,-0.183,0.037,30.00,1.200
2.7350,sine,0.2,-0.9998,nan,-0.40722,-0.09237,-0.68647,0.57447,-0.07951,-0.97451,-0.50622,0.37854,-1.27327,0.42926,0.33723,-0.86601,0.0195,-0.2540,0.0195,-0.0195,-0.4103,-0.0195,0.0977,-0.4103,-0.0586,-0.0195,-0.6447,-0.0586,-0.40737,-0.12300,-0.68670,0.57604,-0.11741,-0.97448,-0.50384,0.35120,-1.27329,0.42791,0.30679,-0.86607,0.037,-0.110,0.037,0.183,-0.623,-0.110,-0.037,0.183,0.110,-0.110,-0.110,-0.183,30.00,1.200
2.7400,sine,0.1,-0.9998,nan,-0.40722,-0.09464,-0.68653,0.57436,-0.08108,-0.97448,-0.50604,0.37460,-1.27327,0.42930,0.33478,-0.86609,0.0195,-0.4103,0.0195,0.0586,-0.2930,0.0195,0.1758,-0.5665,0.0195,-0.0195,-0.6447,-0.0195,-0.40737,-0.12561,-0.68670,0.57604,-0.12002,-0.97448,-0.50384,0.34860,-1.27329,0.42791,0.30418,-0.86607,0.110,-0.110,0.110,0.183,-0.623,-0.037,-0.037,0.183,0.110,-0.110,-0.110,-0.256,30.00,1.200
2.7450,sine,0.1,-0.9998,nan,-0.40722,-0.09691,-0.68656,0.57447,-0.08265,-0.97448,-0.50611,0.37204,-1.27327,0.42930,0.33241,-0.86609,0.0195,-0.4103,0.0977,0.0195,-0.3712,-0.0586,0.0195,-0.4493,0.0195,-0.0195,-0.5275,-0.0195,-0.40737,-0.12818,-0.68670,0.57604,-0.12259,-0.97448,-0.50384,0.34603,-1.27329,0.42791,0.30161,-0.86607,0.110,-0.110,0.110,0.110,-0.696,-0.110,-0.037,0.110,0.037,-0.110,-0.037,0.037,30.00,1.200
2.7500,sine,0.1,-0.9998,nan,-0.40722,-0.09811,-0.68647,0.57480,-0.08437,-0.97451,-0.50604,0.37160,-1.27318,0.42923,0.33011,-0.86607,0.0195,-0.2149,-0.0586,0.0977,-0.2930,0.0195,0.0977,-0.4493,-0.0586,-0.0977,-0.5665,-0.0195,-0.40737,-0.13072,-0.68670,0.57604,-0.12512,-0.97448,-0.50384,0.34349,-1.27329,0.42791,0.29907,-0.86607,0.037,-0.256,0.110,0.037,-0.696,-0.110,-0.037,0.110,0.037,-0.110,-0.110,-0.183,30.00,1.200
2.7550,sine,0.1,-0.9998,nan,-0.40733,-0.09892,-0.68647,0.57564,-0.08594,-0.97451,-0.50611,0.36816,-1.27318,0.42923,0.32784,-0.86607,-0.0977,-0.1758,-0.0586,0.2540,-0.3321,-0.0195,-0.2149,-0.5275,0.0195,-0.0977,-0.5665,-0.0195,-0.40737,-0.13322,-0.68670,0.57604,-0.12763,-0.97448,-0.50384,0.34099,-1.27329,0.42791,0.29657,-0.86607,0.183,-0.549,0.110,-0.037,-0.623,-0.110,-0.037,0.110,0.110,-0.183,-0.110,-0.183,30.00,1.200
2.7600,sine,0.0,-0.9998,nan,-0.40770,-0.10001,-0.68653,0.57634,-0.08828,-0.97448,-0.50622,0.36447,-1.27327,0.42916,0.32470,-0.86607,-0.0977,-0.1758,0.0195,0.2540,-0.5275,-0.0195,-0.0977,-0.5665,0.0195,0.0977,-0.4884,-0.0195,-0.40737,-0.13568,-0.68670,0.57604,-0.13009,-0.97448,-0.50384,0.33853,-1.27329,0.42791,0.29411,-0.86607,0.183,-0.549,0.110,-0.037,-0.696,-0.110,-0.037,0.110,0.110,-0.110,-0.110,-0.183,30.00,1.200
2.7650,sine,0.1,-0.9998,nan,-0.40861,-0.10104,-0.68656,0.57699,-0.09051,-0.97448,-0.50622,0.36209,-1.27318,0.42912,0.32177,-0.86607,-0.2540,-0.1758,0.0586,0.1758,-0.5665,-0.0195,-0.0977,-0.4884,0.0195,-0.0586,-0.4493,-0.0195,-0.40737,-0.13810,-0.68670,0.57604,-0.13251,-0.97448,-0.50384,0.33611,-1.27329,0.42791,0.29169,-0.86607,0.330,-0.549,0.110,-0.037,-0.623,-0.110,-0.037,0.110,0.110,-0.110,-0.183,-0.183,30.00,1.200
2.7700,sine,0.1,-0.9998,nan,-0.40949,-0.10217,-0.68647,0.57747,-0.09157,-0.97448,-0.50622,0.36111,-1.27329,0.42912,0.31855,-0.86601,-0.2540,-0.1368,0.0195,0.0195,-0.6056,-0.0586,-0.0977,-0.4493,0.0195,0.0977,-0.5275,-0.0195,-0.40737,-0.14048,-0.68670,0.57604,-0.13489,-0.97448,-0.50384,0.33373,-1.27329,0.42791,0.28931,-0.86607,0.403,-0.623,0.037,-0.037,-0.549,-0.110,-0.037,0.037,0.110,-0.110,-0.256,0.037,30.00,1.200
2.7750,sine,1.0,-0.9998,nan,-0.41033,-0.10312,-0.68647,0.57787,-0.09482,-0.97448,-0.50622,0.35811,-1.27329,0.42897,0.31724,-0.86607,-0.2149,-0.2540,0.0195,0.0586,-0.4103,-0.0586,0.0586,-0.3321,0.0195,-0.0195,-0.4493,0.0195,-0.40737,-0.14282,-0.68670,0.57604,-0.13723,-0.97448,-0.50384,0.33139,-1.27329,0.42791,0.28697,-0.86607,0.403,-0.549,0.037,-0.037,-0.623,-0.110,-0.037,0.037,0.110,-0.037,-0.256,0.037,30.00,1.200
2.7800,sine,1.0,-0.9998,nan,-0.41154,-0.10440,-0.68656,0.57835,-0.09735,-0.97448,-0.50611,0.35635,-1.27344,0.42879,0.31581,-0.86607,-0.2540,-0.2149,0.0195,0.1368,-0.5275,-0.0195,0.0977,-0.2930,0.0195,-0.0977,-0.4884,0.0195,-0.40737,-0.14511,-0.68670,0.57604,-0.13952,-0.97448,-0.50384,0.32910,-1.27329,0.42791,0.28468,-0.86607,0.476,-0.623,0.037,-0.037,-0.549,-0.183,-0.037,-0.037,0.110,-0.110,-0.183,0.037,30.00,1.200
2.7850,sine,1.0,-0.9998,nan,-0.41219,-0.10535,-0.68656,0.57882,-0.09980,-0.97451,-0.50589,0.35555,-1.27327,0.42879,0.31384,-0.86598,-0.1758,-0.2149,0.0195,0.0977,-0.6056,-0.0586,0.0586,-0.3321,0.0586,-0.0977,-0.4884,0.0195,-0.40737,-0.14735,-0.68670,0.57604,-0.14176,-0.97448,-0.50384,0.32686,-1.27329,0.42791,0.28244,-0.86607,0.403,-0.696,0.037,-0.110,-0.549,-0.110,-0.110,-0.037,0.110,-0.110,-0.183,-0.256,30.00,1.200
2.7900,sine,0.9,-0.9998,nan,-0.41230,-0.10678,-0.68656,0.57923,-0.10206,-0.97448,-0.50567,0.35299,-1.27318,0.42879,0.31113,-0.86598,0.0195,-0.3712,0.0195,0.1758,-0.5275,0.0195,0.0586,-0.4493,0.0195,-0.0977,-0.6447,0.0195,-0.40737,-0.14954,-0.68670,0.57604,-0.14395,-0.97448,-0.50384,0.32466,-1.27329,0.42791,0.28025,-0.86607,0.330,-0.623,0.037,-0.110,-0.623,-0.110,-0.037,-0.037,0.110,-0.110,-0.256,-0.256,30.00,1.200
2.7950,sine,0.9,-0.9998,nan,-0.41296,-0.10791,-0.68653,0.57937,-0.10404,-0.97448,-0.50553,0.35032,-1.27306,0.42832,0.30890,-0.86598,-0.0586,-0.2540,0.0586,-0.0195,-0.5665,-0.0195,0.0586,-0.4493,0.0195,-0.0977,-0.6056,0.0195,-0.40737,-0.15168,-0.68670,0.57604,-0.14609,-0.97448,-0.50384,0.32252,-1.27329,0.42791,0.27811,-0.86607,0.330,-0.696,0.110,-0.037,-0.549,-0.110,-0.037,-0.037,0.110,-0.110,-0.110,-0.256,30.00,1.200
2.8000,sine,0.9,-0.9998,nan,-0.41351,-0.10967,-0.68656,0.57959,-0.10696,-0.97457,-0.50545,0.34988,-1.27318,0.42832,0.30587,-0.86598,-0.0977,-0.2930,0.0586,0.0977,-0.5665,-0.0195,0.0586,-0.2540,-0.0195,-0.0977,-0.6447,0.0195,-0.40737,-0.15377,-0.68670,0.57604,-0.14818,-0.97448,-0.50384,0.32044,-1.27329,0.42791,0.27602,-0.86607,0.476,-0.623,0.037,-0.037,-0.403,-0.110,-0.037,-0.037,0.110,-0.110,-0.037,-0.256,30.00,1.200
2.8050,sine,0.9,-0.9998,nan,-0.41413,-0.11211,-0.68656,0.57966,-0.11022,-0.97451,-0.50560,0.34970,-1.27327,0.42799,0.30331,-0.86598,-0.1368,-0.3712,-0.0195,0.0195,-0.5665,0.0586,-0.0195,-0.0586,0.0195,-0.0195,-0.2930,0.0195,-0.40737,-0.15581,-0.68670,0.57604,-0.15021,-0.97448,-0.50384,0.31840,-1.27329,0.42791,0.27398,-0.86607,0.403,-0.549,-0.110,-0.037,-0.476,-0.110,0.037,-0.623,0.110,-0.037,-0.330,-0.256,30.00,1.200
2.8100,sine,0.8,-0.9998,nan,-0.41486,-0.11321,-0.68653,0.57974,-0.11310,-0.97451,-0.50574,0.34919,-1.27318,0.42791,0.30294,-0.86598,-0.0977,-0.2540,0.0586,-0.0586,-0.6838,-0.0195,0.0586,-0.2149,0.0195,0.0977,-0.1368,0.0586,-0.40737,-0.15778,-0.68670,0.57604,-0.15219,-0.97448,-0.50384,0.31642,-1.27329,0.42791,0.27201,-0.86607,0.476,-0.549,0.110,-0.037,-0.403,-0.037,0.037,-0.476,0.110,-0.037,-0.623,-0.110,30.00,1.200
2.8150,sine,0.8,-0.9998,nan,-0.41508,-0.11529,-0.68653,0.57959,-0.11599,-0.97459,-0.50589,0.34780,-1.27318,0.42791,0.30166,-0.86598,0.0195,-0.3321,0.0586,0.0195,-0.5275,-0.0586,-0.0977,-0.3321,0.0195,0.0977,-0.3321,0.0586,-0.40737,-0.15970,-0.68670,0.57604,-0.15411,-0.97448,-0.50384,0.31451,-1.27329,0.42791,0.27009,-0.86607,0.403,-0.476,0.037,-0.037,-0.403,-0.110,-0.037,-0.476,0.110,-0.037,-0.476,-0.110,30.00,1.200
2.8200,sine,0.8,-0.9998,nan,-0.41515,-0.11833,-0.68653,0.57974,-0.11859,-0.97457,-0.50611,0.34751,-1.27318,0.42791,0.30038,-0.86601,-0.0586,-0.4884,0.0586,-0.0977,-0.5665,-0.1368,-0.0195,-0.2149,0.1368,0.0977,-0.3321,0.0977,-0.40737,-0.16156,-0.68670,0.57604,-0.15597,-0.97448,-0.50384,0.31265,-1.27329,0.42791,0.26823,-0.86607,0.330,-0.476,0.037,0.037,-0.403,-0.110,0.037,-0.403,0.037,-0.037,-0.476,-0.110,30.00,1.200
2.8250,sine,0.8,-0.9998,nan,-0.41545,-0.12012,-0.68656,0.57955,-0.12012,-0.97459,-0.50644,0.34572,-1.27318,0.42791,0.29830,-0.86601,-0.0977,-0.4884,0.0195,-0.0977,-0.4103,0.0195,-0.1368,-0.2930,0.0586,0.0977,-0.2930,0.0977,-0.40737,-0.16336,-0.68670,0.57604,-0.15777,-0.97448,-0.50384,0.31085,-1.27329,0.42791,0.26643,-0.86607,0.403,-0.549,0.110,0.037,-0.403,-0.037,-0.037,-0.403,0.110,-0.037,-0.403,-0.110,30.00,1.200
2.8300,sine,0.8,-0.9998,nan,-0.41559,-0.12140,-0.68656,0.57944,-0.12352,-0.97459,-0.50644,0.34389,-1.27318,0.42791,0.29669,-0.86601,-0.0195,-0.3712,0.0195,-0.0195,-0.5275,0.0195,0.0195,-0.2540,0.0586,0.0977,-0.2930,0.0977,-0.40737,-0.16510,-0.68670,0.57604,-0.15951,-0.97448,-0.50384,0.30911,-1.27329,0.42791,0.26469,-0.86607,0.403,-0.476,0.110,0.037,-0.403,-0.110,0.037,-0.476,0.037,-0.037,-0.476,-0.110,30.00,1.200
2.8350,sine,0.7,-0.9998,nan,-0.41570,-0.12454,-0.68656,0.57919,-0.12575,-0.97457,-0.50647,0.34374,-1.27327,0.42791,0.29581,-0.86607,0.0195,-0.3712,0.0195,0.0586,-0.4884,-0.0586,-0.0195,-0.0586,0.0195,0.0977,-0.2930,0.0586,-0.40737,-0.16677,-0.68670,0.57604,-0.16118,-0.97448,-0.50384,0.30744,-1.27329,0.42791,0.26302,-0.86607,0.476,-0.476,0.110,0.037,-0.476,-0.110,0.037,-0.549,0.110,-0.037,-0.623,-0.256,30.00,1.200
2.8400,sine,0.7,-0.9998,nan,-0.41589,-0.12692,-0.68656,0.57904,-0.12663,-0.97459,-0.50633,0.34382,-1.27327,0.42791,0.29479,-0.86607,0.0195,-0.3712,-0.0195,0.0195,-0.5275,-0.0195,0.0586,0.0977,0.0195,0.0977,-0.2930,0.0586,-0.40737,-0.16838,-0.68670,0.57604,-0.16279,-0.97448,-0.50384,0.30583,-1.27329,0.42791,0.26141,-0.86607,0.330,-0.476,0.110,0.037,-0.476,-0.110,-0.037,-0.916,0.110,-0.037,-0.623,-0.256,30.00,1.200
2.8450,sine,0.7,-0.9998,nan,-0.41556,-0.12937,-0.68653,0.57897,-0.12955,-0.97459,-0.50622,0.34403,-1.27327,0.42791,0.29377,-0.86607,0.1758,-0.4884,0.0195,-0.0586,-0.3712,-0.0195,-0.0195,0.0195,0.0195,0.0977,-0.2149,0.0586,-0.40737,-0.16992,-0.68670,0.57604,-0.16433,-0.97448,-0.50384,0.30429,-1.27329,0.42791,0.25987,-0.86607,0.330,-0.476,0.110,0.037,-0.476,-0.110,-0.037,-0.916,0.110,-0.037,-0.623,-0.256,30.00,1.200
2.8500,sine,0.7,-0.9998,nan,-0.41545,-0.13102,-0.68653,0.57897,-0.13219,-0.97451,-0.50633,0.34374,-1.27318,0.42791,0.29300,-0.86607,0.0977,-0.3712,0.0195,0.0195,-0.5275,-0.0195,-0.0195,0.0977,0.1368,0.0977,-0.1758,0.0586,-0.40737,-0.17139,-0.68670,0.57604,-0.16580,-0.97448,-0.50384,0.30282,-1.27329,0.42791,0.25840,-0.86607,0.330,-0.476,0.037,0.037,-0.476,-0.037,-0.037,-0.842,0.037,-0.037,-0.769,-0.256,30.00,1.200
2.8550,sine,0.7,-0.9998,nan,-0.41545,-0.13339,-0.68653,0.57886,-0.13219,-0.97451,-0.50644,0.34360,-1.27315,0.42791,0.29187,-0.86607,0.0195,-0.3712,0.0195,-0.0195,-0.5275,-0.0977,-0.0195,-0.0586,0.0195,0.0977,-0.2930,0.0586,-0.40737,-0.17280,-0.68670,0.57604,-0.16720,-0.97448,-0.50384,0.30141,-1.27329,0.42791,0.25699,-0.86607,0.330,-0.403,0.037,0.037,-0.476,-0.110,0.037,-0.916,0.110,-0.037,-0.696,-0.256,30.00,1.200
2.8600,sine,0.6,-0.9998,nan,-0.41552,-0.13376,-0.68656,0.57886,-0.13584,-0.97459,-0.50644,0.34323,-1.27315,0.42791,0.29077,-0.86607,0.0977,-0.3321,-0.0195,-0.0195,-0.4103,-0.0195,-0.0195,-0.0586,0.0195,0.0977,-0.2930,0.0586,-0.40737,-0.17413,-0.68670,0.57604,-0.16854,-0.97448,-0.50384,0.30008,-1.27329,0.42791,0.25566,-0.86607,0.330,-0.403,0.037,0.037,-0.403,-0.183,-0.037,-1.062,0.110,-0.037,-0.696,-0.256,30.00,1.200
2.8650,sine,0.6,-0.9998,nan,-0.41545,-0.13756,-0.68656,0.57875,-0.13844,-0.97459,-0.50659,0.34323,-1.27315,0.42791,0.28975,-0.86607,0.0977,-0.4493,0.0195,0.0977,-0.4493,-0.0586,0.0977,0.0195,0.0195,0.0977,-0.2149,0.0586,-0.40737,-0.17540,-0.68670,0.57604,-0.16980,-0.97448,-0.50384,0.29881,-1.27329,0.42791,0.25439,-0.86607,0.330,-0.256,0.037,0.037,-0.403,-0.110,-0.037,-1.062,0.110,-0.037,-0.769,-0.256,30.00,1.200
2.8700,sine,0.6,-0.9998,nan,-0.41534,-0.14067,-0.68653,0.57864,-0.14132,-0.97459,-0.50647,0.34312,-1.27318,0.42404,0.28810,-0.86607,0.0195,-0.4884,0.0195,0.0195,-0.4103,-0.0195,-0.0195,0.0977,0.0977,-0.1368,-0.2149,0.0586,-0.40737,-0.17659,-0.68670,0.57604,-0.17099,-0.97448,-0.50384,0.29762,-1.27329,0.42791,0.25320,-0.86607,0.256,-0.330,0.037,0.037,-0.403,-0.110,-0.037,-1.136,0.183,0.110,-0.769,-0.256,30.00,1.200
2.8750,sine,0.6,-0.9998,nan,-0.41515,-0.14410,-0.68656,0.57853,-0.14279,-0.97459,-0.50644,0.34290,-1.27315,0.42247,0.28678,-0.86598,0.0195,-0.3712,0.0195,-0.0195,-0.3712,-0.0195,-0.0195,0.0195,0.0195,-0.1368,-0.1368,-0.0977,-0.40737,-0.17771,-0.68670,0.57604,-0.17211,-0.97448,-0.50384,0.29650,-1.27329,0.42791,0.25208,-0.86607,0.403,-0.330,0.110,0.037,-0.403,-0.110,-0.037,-1.136,0.110,0.183,-0.842,-0.037,30.00,1.200
2.8800,sine,0.6,-0.9998,nan,-0.41523,-0.14556,-0.68653,0.57857,-0.14473,-0.97451,-0.50644,0.34290,-1.27327,0.42232,0.28587,-0.86598,0.0586,-0.3712,-0.0586,0.0195,-0.2930,-0.0195,-0.0195,0.0195,0.0195,-0.0195,-0.1758,-0.0586,-0.40737,-0.17875,-0.68670,0.57604,-0.17316,-0.97448,-0.50384,0.29546,-1.27329,0.42791,0.25104,-0.86607,0.330,-0.256,0.110,0.037,-0.330,-0.037,-0.037,-1.136,0.110,0.183,-0.769,-0.183,30.00,1.200
2.8850,sine,0.5,-0.9998,nan,-0.41526,-0.14681,-0.68656,0.57853,-0.14630,-0.97459,-0.50644,0.34268,-1.27327,0.42152,0.28525,-0.86598,-0.0586,-0.4493,0.0586,0.1368,-0.3712,-0.0195,-0.0586,0.0195,0.0195,-0.0977,-0.1368,-0.0195,-0.40737,-0.17972,-0.68670,0.57604,-0.17413,-0.97448,-0.50384,0.29449,-1.27329,0.42791,0.25007,-0.86607,0.330,-0.403,0.110,0.037,-0.476,-0.110,-0.037,-1.282,0.110,0.256,-0.842,-0.183,30.00,1.200
2.8900,sine,0.5,-0.9998,nan,-0.41515,-0.15035,-0.68653,0.57842,-0.14875,-0.97451,-0.50644,0.34254,-1.27318,0.42093,0.28412,-0.86601,0.0195,-0.3712,-0.0195,-0.0977,-0.3321,-0.0195,-0.0195,0.0977,0.0195,-0.2149,-0.1758,-0.0586,-0.40737,-0.18062,-0.68670,0.57604,-0.17502,-0.97448,-0.50384,0.29359,-1.27329,0.42791,0.24917,-0.86607,0.330,-0.256,0.110,0.037,-0.403,-0.110,0.037,-1.282,0.110,0.256,-0.842,0.110,30.00,1.200
2.8950,sine,0.5,-0.9998,nan,-0.41508,-0.15134,-0.68656,0.57842,-0.15035,-0.97459,-0.50644,0.34246,-1.27327,0.42042,0.28317,-0.86598,0.0195,-0.3712,0.0195,-0.0977,-0.2149,-0.1368,-0.0586,0.0195,0.0195,-0.0977,-0.0977,0.0586,-0.40737,-0.18143,-0.68670,0.57604,-0.17584,-0.97448,-0.50384,0.29277,-1.27329,0.42791,0.24836,-0.86607,0.330,-0.330,0.110,-0.037,-0.403,-0.110,-0.037,-1.355,0.037,0.256,-0.916,0.037,30.00,1.200
2.9000,sine,0.5,-0.9998,nan,-0.41497,-0.15357,-0.68653,0.57853,-0.15211,-0.97459,-0.50647,0.34246,-1.27318,0.42016,0.28247,-0.86598,0.0195,-0.3712,0.0195,-0.1368,-0.2930,-0.0195,0.0195,0.0195,0.0195,-0.1368,-0.0977,0.0586,-0.40737,-0.18218,-0.68670,0.57604,-0.17658,-0.97448,-0.50384,0.29203,-1.27329,0.42791,0.24761,-0.86607,0.330,-0.256,0.037,0.037,-0.403,-0.110,-0.037,-1.355,0.110,0.256,-0.916,-0.037,30.00,1.200
2.9050,sine,0.4,-0.9998,nan,-0.41497,-0.15529,-0.68653,0.57842,-0.15269,-0.97459,-0.50644,0.34239,-1.27318,0.41947,0.28178,-0.86598,0.0195,-0.2930,0.0195,0.0586,-0.3712,-0.0195,-0.0195,0.0586,0.0195,-0.0586,-0.0977,-0.0586,-0.40737,-0.18284,-0.68670,0.57604,-0.17725,-0.97448,-0.50384,0.29137,-1.27329,0.42791,0.24695,-0.86607,0.330,-0.256,0.110,0.037,-0.403,-0.110,-0.037,-1.355,0.110,0.330,-0.916,-0.037,30.00,1.200
2.9100,sine,0.4,-0.9998,nan,-0.41497,-0.15697,-0.68653,0.57853,-0.15463,-0.97459,-0.50647,0.34232,-1.27318,0.41881,0.28115,-0.86598,0.0195,-0.4493,0.0586,0.0195,-0.2930,-0.0195,-0.1368,-0.0977,0.0195,-0.1758,-0.2149,-0.0195,-0.40737,-0.18343,-0.68670,0.57604,-0.17783,-0.97448,-0.50384,0.29078,-1.27329,0.42791,0.24636,-0.86607,0.330,-0.256,0.183,0.037,-0.403,-0.110,-0.037,-1.355,0.110,0.256,-0.916,-0.037,30.00,1.200
2.9150,sine,0.4,-0.9998,nan,-0.41508,-0.15843,-0.68653,0.57853,-0.15598,-0.97459,-0.50647,0.34213,-1.27318,0.41834,0.28053,-0.86607,-0.0977,-0.2540,0.0195,0.1368,-0.2540,0.0586,-0.0195,-0.0586,0.0195,-0.0586,-0.1758,-0.0586,-0.40737,-0.18393,-0.68670,0.57604,-0.17834,-0.97448,-0.50384,0.29027,-1.27329,0.42791,0.24586,-0.86607,0.330,-0.256,0.110,0.037,-0.403,-0.110,-0.037,-1.355,0.110,0.256,-0.916,-0.110,30.00,1.200
2.9200,sine,0.4,-0.9998,nan,-0.41497,-0.15964,-0.68653,0.57857,-0.15723,-0.97459,-0.50644,0.34213,-1.27315,0.41819,0.27984,-0.86598,0.1368,-0.2930,0.0195,-0.0195,-0.2149,-0.0977,-0.0195,-0.0586,0.0195,-0.1368,-0.0977,0.0195,-0.40737,-0.18436,-0.68670,0.57604,-0.17877,-0.97448,-0.50384,0.28984,-1.27329,0.42791,0.24543,-0.86607,0.330,-0.256,0.037,0.037,-0.403,-0.110,-0.037,-1.355,0.110,0.330,-0.916,-0.110,30.00,1.200
2.9250,sine,0.4,-0.9998,nan,-0.41508,-0.16143,-0.68661,0.57857,-0.15840,-0.97459,-0.50644,0.34199,-1.27318,0.41742,0.27925,-0.86586,-0.0195,-0.0977,0.0586,-0.0195,-0.2540,-0.0977,-0.0195,-0.0586,0.0195,-0.1368,-0.0977,-0.0195,-0.40737,-0.18471,-0.68670,0.57604,-0.17912,-0.97448,-0.50384,0.28949,-1.27329,0.42791,0.24508,-0.86607,0.330,-0.183,0.037,0.037,-0.403,-0.110,-0.037,-1.429,0.037,0.330,-0.916,-0.037,30.00,1.200
2.9300,sine,0.3,-0.9998,nan,-0.41497,-0.16264,-0.68653,0.57853,-0.15931,-0.97459,-0.50647,0.34191,-1.27318,0.41691,0.27874,-0.86598,0.0195,-0.1368,0.0586,0.0586,-0.0977,-0.0195,-0.0977,0.0195,-0.0586,-0.1368,-0.1758,0.0195,-0.40737,-0.18498,-0.68670,0.57604,-0.17939,-0.97448,-0.50384,0.28922,-1.27329,0.42791,0.24481,-0.86607,0.330,-0.256,0.110,0.037,-0.476,-0.110,-0.037,-1.429,0.110,0.330,-0.916,-0.110,30.00,1.200
2.9350,sine,0.3,-0.9998,nan,-0.41497,-0.16384,-0.68653,0.57857,-0.16011,-0.97459,-0.50647,0.34177,-1.27318,0.41680,0.27819,-0.86598,0.0195,-0.2540,0.0586,0.0195,-0.1758,-0.0977,0.0977,-0.0586,0.0195,-0.0195,-0.1368,-0.0195,-0.40737,-0.18518,-0.68670,0.57604,-0.17958,-0.97448,-0.50384,0.28903,-1.27329,0.42791,0.24461,-0.86607,0.330,-0.183,0.037,0.037,-0.476,-0.110,-0.037,-1.429,0.183,0.330,-0.989,-0.037,30.00,1.200
2.9400,sine,0.3,-0.9998,nan,-0.41497,-0.16505,-0.68653,0.57864,-0.16096,-0.97459,-0.50647,0.34177,-1.27318,0.41625,0.27768,-0.86601,0.0195,-0.2540,-0.0586,0.1368,-0.2149,-0.0195,-0.0195,0.0195,0.0195,-0.0977,-0.2149,-0.0195,-0.40737,-0.18529,-0.68670,0.57604,-0.17969,-0.97448,-0.50384,0.28892,-1.27329,0.42791,0.24450,-0.86607,0.330,-0.256,0.110,-0.037,-0.549,-0.110,-0.037,-1.429,0.110,0.330,-0.989,-0.183,30.00,1.200
2.9450,sine,0.3,-0.9998,nan,-0.41497,-0.16589,-0.68653,0.57857,-0.16129,-0.97459,-0.50647,0.34169,-1.27327,0.41585,0.27724,-0.86598,0.0195,-0.2149,0.0586,-0.0586,-0.2149,0.0586,-0.0195,-0.1368,0.0195,-0.1368,-0.0977,0.0586,-0.40737,-0.18532,-0.68670,0.57604,-0.17973,-0.97448,-0.50384,0.28889,-1.27329,0.42791,0.24447,-0.86607,0.330,-0.256,0.110,0.037,-0.476,-0.110,0.037,-1.429,0.110,0.330,-0.916,-0.037,30.00,1.200
2.9500,sine,0.3,-0.9998,nan,-0.41497,-0.16669,-0.68656,0.57853,-0.16194,-0.97459,-0.50647,0.34159,-1.27318,0.41548,0.27680,-0.86598,0.0195,-0.2149,0.0977,0.0195,-0.0195,0.0586,-0.0195,0.0195,0.0195,-0.0586,-0.0977,-0.0195,-0.40737,-0.18527,-0.68670,0.57604,-0.17968,-0.97448,-0.50384,0.28894,-1.27329,0.42791,0.24452,-0.86607,0.330,-0.256,0.183,0.037,-0.476,-0.110,-0.037,-1.429,0.110,0.330,-0.989,-0.037,30.00,1.200
2.9550,sine,0.2,-0.9998,nan,-0.41497,-0.16732,-0.68653,0.57853,-0.16246,-0.97459,-0.50644,0.34162,-1.27318,0.41534,0.27644,-0.86598,0.1368,-0.1758,-0.0195,-0.0195,-0.0586,-0.0195,-0.0586,-0.0195,0.0195,-0.0586,-0.0586,-0.0977,-0.40737,-0.18514,-0.68670,0.57604,-0.17955,-0.97448,-0.50384,0.28907,-1.27329,0.42791,0.24465,-0.86607,0.330,-0.256,0.110,0.037,-0.549,-0.110,-0.037,-1.502,0.110,0.330,-0.989,-0.037,30.00,1.200
2.9600,sine,0.2,-0.9998,nan,-0.41508,-0.16801,-0.68653,0.57842,-0.16264,-0.97459,-0.50647,0.34151,-1.27318,0.41497,0.27618,-0.86598,-0.0977,-0.0977,-0.0586,0.0195,-0.0195,-0.0977,-0.1368,-0.0195,0.0977,-0.0977,-0.0977,-0.0195,-0.40737,-0.18493,-0.68670,0.57604,-0.17934,-0.97448,-0.50384,0.28928,-1.27329,0.42791,0.24486,-0.86607,0.403,-0.256,0.110,0.037,-0.476,-0.110,-0.037,-1.502,0.110,0.330,-0.989,-0.110,30.00,1.200
2.9650,sine,0.2,-0.9998,nan,-0.41497,-0.16892,-0.68656,0.57842,-0.16297,-0.97459,-0.50647,0.34140,-1.27318,0.41475,0.27600,-0.86598,0.1368,0.0195,0.0586,-0.0977,-0.1368,-0.0195,-0.0195,0.0195,0.0195,-0.1368,-0.0195,-0.0195,-0.40737,-0.18464,-0.68670,0.57604,-0.17905,-0.97448,-0.50384,0.28957,-1.27329,0.42791,0.24515,-0.86607,0.330,-0.183,0.110,0.037,-0.549,-0.110,-0.037,-1.502,0.110,0.330,-0.989,0.037,30.00,1.200
2.9700,sine,0.2,-0.9998,nan,-0.41508,-0.16914,-0.68661,0.57835,-0.16326,-0.97459,-0.50647,0.34140,-1.27327,0.41475,0.27582,-0.86598,0.0195,-0.0977,-0.0195,0.0195,-0.0586,-0.0195,-0.0195,0.0195,-0.0586,-0.1368,-0.0195,-0.0195,-0.40737,-0.18428,-0.68670,0.57604,-0.17868,-0.97448,-0.50384,0.28993,-1.27329,0.42791,0.24551,-0.86607,0.330,-0.256,0.110,0.037,-0.549,-0.037,-0.037,-1.502,0.037,0.330,-0.989,-0.110,30.00,1.200
2.9750,sine,0.1,-0.9998,nan,-0.41508,-0.16958,-0.68656,0.57835,-0.16351,-0.97459,-0.50647,0.34151,-1.27318,0.41450,0.27567,-0.86598,0.0195,0.0195,-0.0586,0.0195,-0.0195,-0.0195,-0.0195,-0.0977,0.0195,-0.0195,-0.1368,-0.0195,-0.40737,-0.18383,-0.68670,0.57604,-0.17824,-0.97448,-0.50384,0.29038,-1.27329,0.42791,0.24596,-0.86607,0.330,-0.330,0.110,0.037,-0.476,-0.037,-0.037,-1.429,0.110,0.330,-0.989,-0.037,30.00,1.200
2.9800,sine,0.1,-0.9997,nan,-0.41508,-0.16995,-0.68653,0.57835,-0.16373,-0.97451,-0.50647,0.34151,-1.27318,0.41435,0.27549,-0.86595,-0.0977,-0.0977,0.0586,-0.0586,-0.0195,-0.0195,-0.0195,0.0195,0.0195,-0.1758,-0.0195,-0.0195,-0.40737,-0.18330,-0.68670,0.57604,-0.17771,-0.97448,-0.50384,0.29090,-1.27329,0.42791,0.24649,-0.86607,0.330,-0.256,0.110,0.037,-0.549,-0.110,-0.037,-1.502,0.110,0.330,-0.989,-0.037,30.00,1.200
2.9850,sine,0.1,-0.9997,nan,-0.41508,-0.17017,-0.68653,0.57835,-0.16373,-0.97459,-0.50644,0.34151,-1.27318,0.41428,0.27542,-0.86595,-0.0977,0.0977,0.0586,-0.0977,-0.0195,-0.0977,-0.0586,0.1368,0.0977,-0.0195,-0.0195,-0.0586,-0.40737,-0.18270,-0.68670,0.57604,-0.17711,-0.97448,-0.50384,0.29151,-1.27329,0.42791,0.24709,-0.86607,0.330,-0.256,0.183,0.037,-0.549,-0.110,0.037,-1.429,0.110,0.330,-0.916,-0.183,30.00,1.200
2.9900,sine,0.1,-0.9997,nan,-0.41508,-0.17035,-0.68656,0.57835,-0.16373,-0.97459,-0.50647,0.34137,-1.27318,0.41428,0.27523,-0.86601,-0.0977,0.0195,0.0586,0.0195,-0.0195,0.0586,-0.0195,0.0195,0.0195,-0.0195,0.0586,0.0195,-0.40737,-0.18202,-0.68670,0.57604,-0.17643,-0.97448,-0.50384,0.29219,-1.27329,0.42791,0.24777,-0.86607,0.330,-0.256,0.183,0.037,-0.549,-0.110,-0.037,-1.429,0.110,0.330,-0.916,-0.110,30.00,1.200
2.9950,sine,0.1,-0.9997,nan,-0.41508,-0.17057,-0.68653,0.57835,-0.16373,-0.97459,-0.50647,0.34151,-1.27318,0.41409,0.27523,-0.86607,-0.0195,0.0977,0.0195,0.0195,-0.0195,-0.0195,-0.0195,0.1368,0.0195,-0.0195,-0.1368,-0.0586,-0.40737,-0.18126,-0.68670,0.57604,-0.17567,-0.97448,-0.50384,0.29295,-1.27329,0.42791,0.24853,-0.86607,0.403,-0.256,0.110,0.037,-0.549,-0.037,0.037,-1.429,0.110,0.330,-0.989,-0.256,30.00,1.200
3.0000,sine,0.0,-0.9997,nan,-0.41497,-0.17057,-0.68653,0.57835,-0.16373,-0.97459,-0.50647,0.34140,-1.27318,0.41409,0.27505,-0.86595,0.0195,0.0195,0.0586,-0.0977,-0.0195,0.0977,-0.0195,0.0195,0.0195,0.0586,-0.0195,-0.0586,-0.40737,-0.18042,-0.68670,0.57604,-0.17483,-0.97448,-0.50384,0.29378,-1.27329,0.42791,0.24937,-0.86607,0.403,-0.256,0.110,-0.037,-0.476,-0.110,-0.037,-1.355,0.110,0.330,-0.989,-0.256,30.00,1.200
3.0050,sine,0.1,-0.9997,nan,-0.41515,-0.17057,-0.68653,0.57824,-0.16355,-0.97459,-0.50644,0.34151,-1.27318,0.41409,0.27512,-0.86595,0.0195,-0.0195,0.0195,-0.1758,0.0977,-0.0195,-0.0195,0.1368,-0.0586,-0.0977,-0.0195,-0.0586,-0.40737,-0.17951,-0.68670,0.57604,-0.17392,-0.97448,-0.50384,0.29470,-1.27329,0.42791,0.25028,-0.86607,0.330,-0.256,0.183,0.037,-0.476,-0.110,0.037,-1.429,0.110,0.330,-0.916,-0.183,30.00,1.200
3.0100,sine,1.0,-0.9997,nan,-0.41508,-0.17050,-0.68653,0.57835,-0.16341,-0.97459,-0.50647,0.34151,-1.27327,0.41417,0.27505,-0.86598,-0.0977,0.1368,0.0586,0.0195,0.0586,-0.0195,-0.0195,0.0195,0.0195,-0.0977,0.0195,-0.0195,-0.40737,-0.17852,-0.68670,0.57604,-0.17293,-0.97448,-0.50384,0.29568,-1.27329,0.42791,0.25127,-0.86607,0.330,-0.256,0.183,0.037,-0.549,-0.110,0.037,-1.355,0.037,0.330,-0.916,-0.183,30.00,1.200
3.0150,sine,1.0,-0.9997,nan,-0.41508,-0.17035,-0.68653,0.57835,-0.16333,-0.97459,-0.50647,0.34151,-1.27318,0.41409,0.27512,-0.86607,0.0195,0.0195,-0.0586,0.0195,-0.0195,0.0195,0.0977,0.0195,0.0586,0.0195,0.0977,0.0195,-0.40737,-0.17746,-0.68670,0.57604,-0.17187,-0.97448,-0.50384,0.29674,-1.27329,0.42791,0.25233,-0.86607,0.330,-0.256,0.183,0.037,-0.549,-0.110,0.037,-1.282,0.110,0.330,-0.916,-0.110,30.00,1.200
3.0200,sine,1.0,-0.9997,nan,-0.41515,-0.17028,-0.68653,0.57835,-0.16315,-0.97459,-0.50644,0.34159,-1.27327,0.41409,0.27512,-0.86595,0.0195,0.0586,0.0195,0.0195,0.0977,-0.0195,0.1368,0.1368,0.0195,-0.0195,-0.0195,-0.0586,-0.40737,-0.17633,-0.68670,0.57604,-0.17074,-0.97448,-0.50384,0.29788,-1.27329,0.42791,0.25346,-0.86607,0.330,-0.256,0.037,0.037,-0.549,-0.110,-0.110,-1.355,0.183,0.330,-0.842,-0.110,30.00,1.200
3.0250,sine,1.0,-0.9997,nan,-0.41508,-0.17006,-0.68656,0.57835,-0.16297,-0.97451,-0.50644,0.34151,-1.27318,0.41417,0.27523,-0.86595,-0.0977,0.0195,-0.0195,0.0195,0.0977,-0.0977,-0.0586,0.0195,0.0195,0.0586,-0.0586,-0.1368,-0.40737,-0.17512,-0.68670,0.57604,-0.16953,-0.97448,-0.50384,0.29909,-1.27329,0.42791,0.25467,-0.86607,0.330,-0.256,0.110,0.037,-0.476,-0.037,-0.037,-1.282,0.110,0.330,-0.842,-0.256,30.00,1.200
3.0300,sine,0.9,-0.9997,nan,-0.41497,-0.16976,-0.68656,0.57835,-0.16289,-0.97459,-0.50647,0.34151,-1.27318,0.41409,0.27523,-0.86598,0.0195,0.0586,0.0195,0.0195,0.0586,-0.0977,-0.0195,0.0195,0.0195,-0.0195,-0.0195,0.0586,-0.40737,-0.17384,-0.68670,0.57604,-0.16825,-0.97448,-0.50384,0.30037,-1.27329,0.42791,0.25595,-0.86607,0.330,-0.183,0.110,0.037,-0.403,-0.110,-0.037,-1.209,0.110,0.330,-0.842,-0.256,30.00,1.200
3.0350,sine,0.9,-0.9997,nan,-0.41497,-0.16958,-0.68653,0.57842,-0.16264,-0.97459,-0.50647,0.34155,-1.27327,0.41409,0.27542,-0.86598,0.1368,-0.0195,0.0586,-0.0586,0.0586,-0.0195,-0.0586,-0.0195,0.0195,-0.0195,-0.2149,0.0586,-0.40737,-0.17249,-0.68670,0.57604,-0.16690,-0.97448,-0.50384,0.30172,-1.27329,0.42791,0.25730,-0.86607,0.330,-0.183,0.110,-0.037,-0.403,-0.037,-0.037,-1.209,0.110,0.330,-0.769,-0.256,30.00,1.200
3.0400,sine,0.9,-0.9997,nan,-0.41508,-0.16925,-0.68653,0.57853,-0.16234,-0.97459,-0.50647,0.34162,-1.27318,0.41409,0.27549,-0.86607,0.0195,0.0586,-0.0195,-0.0977,-0.0586,0.0586,-0.0195,0.0586,0.0195,-0.0195,0.1758,-0.0586,-0.40737,-0.17107,-0.68670,0.57604,-0.16548,-0.97448,-0.50384,0.30314,-1.27329,0.42791,0.25872,-0.86607,0.256,-0.110,0.110,0.037,-0.403,-0.037,-0.037,-1.136,0.110,0.330,-0.696,-0.183,30.00,1.200
3.0450,sine,0.9,-0.9997,nan,-0.41497,-0.16892,-0.68653,0.57853,-0.16227,-0.97462,-0.50647,0.34162,-1.27318,0.41409,0.27545,-0.86595,0.0195,0.1368,0.0586,0.1758,0.0195,-0.1368,-0.0195,0.0195,0.0586,-0.0195,-0.0195,-0.0586,-0.40737,-0.16958,-0.68670,0.57604,-0.16399,-0.97448,-0.50384,0.30463,-1.27329,0.42791,0.26021,-0.86607,0.330,-0.183,0.110,0.037,-0.403,-0.110,-0.037,-1.209,0.110,0.330,-0.696,-0.110,30.00,1.200
3.0500,sine,0.8,-0.9997,nan,-0.41508,-0.16834,-0.68647,0.57846,-0.16183,-0.97459,-0.50644,0.34177,-1.27327,0.41417,0.27556,-0.86598,0.0195,0.0977,0.0195,-0.0977,-0.0195,-0.0195,-0.1368,0.0977,0.0195,0.0586,-0.0195,-0.0195,-0.40737,-0.16803,-0.68670,0.57604,-0.16243,-0.97448,-0.50384,0.30618,-1.27329,0.42791,0.26176,-0.86607,0.330,-0.110,0.110,0.037,-0.256,-0.110,0.037,-1.136,0.037,0.330,-0.696,-0.037,30.00,1.200
3.0550,sine,0.8,-0.9997,nan,-0.41497,-0.16790,-0.68653,0.57842,-0.16129,-0.97459,-0.50647,0.34177,-1.27318,0.41417,0.27567,-0.86598,0.0195,0.1758,-0.0195,0.1368,0.0586,-0.0195,0.0195,0.0195,0.0195,0.0586,-0.0195,-0.0195,-0.40737,-0.16640,-0.68670,0.57604,-0.16081,-0.97448,-0.50384,0.30780,-1.27329,0.42791,0.26339,-0.86607,0.330,-0.110,0.110,0.037,-0.330,-0.110,-0.037,-1.062,0.110,0.330,-0.696,-0.183,30.00,1.200
3.0600,sine,0.8,-0.9997,nan,-0.41508,-0.16750,-0.68656,0.57857,-0.16103,-0.97459,-0.50644,0.34184,-1.27318,0.41409,0.27567,-0.86598,-0.0977,0.0195,0.0195,0.0586,0.1368,0.0977,-0.0586,0.1758,-0.0195,-0.0195,0.0586,-0.0195,-0.40737,-0.16472,-0.68670,0.57604,-0.15912,-0.97448,-0.50384,0.30949,-1.27329,0.42791,0.26507,-0.86607,0.256,-0.110,0.110,0.037,-0.330,-0.110,-0.037,-1.062,0.110,0.256,-0.623,-0.037,30.00,1.200
3.0650,sine,0.8,-0.9997,nan,-0.41508,-0.16680,-0.68656,0.57835,-0.16048,-0.97451,-0.50647,0.34191,-1.27318,0.41406,0.27582,-0.86598,0.1368,0.2149,0.0195,-0.0195,0.0977,0.0586,-0.0586,0.0977,0.0195,-0.0195,-0.0195,-0.0195,-0.40737,-0.16297,-0.68670,0.57604,-0.15737,-0.97448,-0.50384,0.31124,-1.27329,0.42791,0.26682,-0.86607,0.330,-0.110,0.110,0.037,-0.330,-0.110,-0.037,-0.989,0.110,0.330,-0.549,-0.037,30.00,1.200
3.0700,sine,0.8,-0.9998,nan,-0.41497,-0.16615,-0.68653,0.57842,-0.16000,-0.97459,-0.50640,0.34206,-1.27329,0.41417,0.27593,-0.86598,0.0195,0.1368,0.0195,0.0195,0.0977,-0.0195,0.0195,0.0195,0.0195,0.0586,0.0586,0.0195,-0.40737,-0.16115,-0.68670,0.57604,-0.15556,-0.97448,-0.50384,0.31305,-1.27329,0.42791,0.26864,-0.86607,0.330,-0.110,0.037,0.037,-0.256,-0.110,-0.037,-0.916,0.110,0.256,-0.476,-0.110,30.00,1.200
3.0750,sine,0.7,-0.9998,nan,-0.41508,-0.16527,-0.68656,0.57842,-0.15920,-0.97459,-0.50647,0.34221,-1.27318,0.41417,0.27600,-0.86595,-0.0977,0.2149,-0.0195,0.0195,0.1758,-0.0195,-0.0195,0.0195,0.0586,-0.0977,-0.0195,0.0977,-0.40737,-0.15928,-0.68670,0.57604,-0.15369,-0.97448,-0.50384,0.31493,-1.27329,0.42791,0.27051,-0.86607,0.330,-0.037,0.110,0.037,-0.256,-0.110,-0.037,-0.916,0.110,0.330,-0.476,-0.037,30.00,1.200
3.0800,sine,0.7,-0.9998,nan,-0.41508,-0.16443,-0.68653,0.57842,-0.15836,-0.97451,-0.50644,0.34232,-1.27318,0.41417,0.27607,-0.86607,0.0195,0.2930,0.0586,-0.0586,0.0586,0.0586,-0.1368,0.0586,0.0977,-0.0195,-0.0195,0.0195,-0.40737,-0.15735,-0.68670,0.57604,-0.15176,-0.97448,-0.50384,0.31686,-1.27329,0.42791,0.27244,-0.86607,0.330,-0.110,0.110,0.037,-0.256,-0.110,-0.037,-0.842,0.037,0.330,-0.476,-0.110,30.00,1.200
3.0850,sine,0.7,-0.9998,nan,-0.41508,-0.16355,-0.68653,0.57842,-0.15756,-0.97451,-0.50647,0.34243,-1.27318,0.41417,0.27629,-0.86607,0.0195,0.2149,0.0586,-0.0586,0.2149,0.0586,-0.0195,-0.0195,0.0195,-0.0977,0.0977,0.0195,-0.40737,-0.15536,-0.68670,0.57604,-0.14977,-0.97448,-0.50384,0.31885,-1.27329,0.42791,0.27443,-0.86607,0.330,-0.037,0.110,0.037,-0.256,-0.110,-0.037,-0.842,0.110,0.330,-0.476,-0.110,30.00,1.200
3.0900,sine,0.7,-0.9998,nan,-0.41501,-0.16256,-0.68653,0.57835,-0.15639,-0.97451,-0.50633,0.34261,-1.27318,0.41417,0.27644,-0.86607,-0.0977,0.2930,-0.0195,0.0195,0.1758,0.0586,0.0977,-0.0586,0.0195,-0.0977,-0.0195,0.0195,-0.40737,-0.15331,-0.68670,0.57604,-0.14772,-0.97448,-0.50384,0.32089,-1.27329,0.42791,0.27648,-0.86607,0.330,-0.037,0.037,0.110,-0.256,-0.110,0.037,-0.769,0.037,0.330,-0.330,-0.110,30.00,1.200
3.0950,sine,0.7,-0.9998,nan,-0.41508,-0.16143,-0.68653,0.57842,-0.15529,-0.97459,-0.50633,0.34283,-1.27318,0.41409,0.27655,-0.86607,0.0195,0.3321,0.0195,0.0977,0.2149,-0.0977,-0.1368,0.0977,-0.0195,-0.0195,0.0977,0.0195,-0.40737,-0.15121,-0.68670,0.57604,-0.14562,-0.97448,-0.50384,0.32300,-1.27329,0.42791,0.27858,-0.86607,0.403,-0.037,0.110,0.037,-0.256,-0.110,-0.037,-0.696,0.110,0.330,-0.330,-0.110,30.00,1.200
3.1000,sine,0.6,-0.9998,nan,-0.41497,-0.16044,-0.68653,0.57835,-0.15416,-0.97451,-0.50633,0.34290,-1.27327,0.41409,0.27680,-0.86607,0.1368,0.4103,0.0195,-0.0586,0.2149,-0.0195,-0.0195,0.0977,-0.0586,-0.0195,-0.0195,-0.0977,-0.40737,-0.14906,-0.68670,0.57604,-0.14347,-0.97448,-0.50384,0.32515,-1.27329,0.42791,0.28073,-0.86607,0.403,-0.037,0.110,0.037,-0.183,-0.110,-0.037,-0.696,0.110,0.330,-0.256,-0.110,30.00,1.200
3.1050,sine,0.6,-0.9998,nan,-0.41497,-0.15975,-0.68656,0.57835,-0.15331,-0.97451,-0.50633,0.34312,-1.27318,0.41409,0.27706,-0.86607,0.0195,0.2540,0.0195,0.0195,0.1368,-0.0195,-0.0195,0.0195,0.0977,-0.0195,-0.0586,-0.0977,-0.40737,-0.14686,-0.68670,0.57604,-0.14126,-0.97448,-0.50384,0.32735,-1.27329,0.42791,0.28293,-0.86607,0.330,-0.037,0.110,0.037,-0.183,-0.110,-0.037,-0.623,0.110,0.330,-0.256,-0.110,30.00,1.200
3.1100,sine,0.6,-0.9998,nan,-0.41497,-0.15785,-0.68661,0.57842,-0.15174,-0.97459,-0.50633,0.34323,-1.27318,0.41420,0.27724,-0.86607,0.0195,0.2930,0.0195,-0.0195,0.1758,0.0586,-0.0195,-0.0195,0.0195,0.0195,0.0586,-0.0977,-0.40737,-0.14460,-0.68670,0.57604,-0.13901,-0.97448,-0.50384,0.32960,-1.27329,0.42791,0.28519,-0.86607,0.403,-0.037,0.183,-0.037,-0.256,-0.183,-0.037,-0.549,0.183,0.256,-0.183,-0.110,30.00,1.200
3.1150,sine,0.6,-0.9998,nan,-0.41497,-0.15627,-0.68653,0.57846,-0.15145,-0.97459,-0.50633,0.34323,-1.27318,0.41428,0.27750,-0.86607,0.1368,0.2930,0.0586,-0.0195,0.2540,-0.0195,0.0977,0.0977,-0.0586,-0.0195,0.0977,-0.0977,-0.40737,-0.14230,-0.68670,0.57604,-0.13671,-0.97448,-0.50384,0.33190,-1.27329,0.42791,0.28749,-0.86607,0.256,-0.110,0.110,0.037,-0.256,-0.110,-0.037,-0.623,0.110,0.330,-0.110,-0.110,30.00,1.200
3.1200,sine,0.6,-0.9998,nan,-0.41497,-0.15470,-0.68653,0.57842,-0.14984,-0.97459,-0.50633,0.34352,-1.27318,0.41428,0.27776,-0.86607,-0.0977,0.2930,-0.0195,-0.0195,0.2540,-0.0586,-0.1758,0.0977,-0.0586,-0.0977,0.0586,-0.0977,-0.40737,-0.13996,-0.68670,0.57604,-0.13437,-0.97448,-0.50384,0.33425,-1.27329,0.42791,0.28983,-0.86607,0.330,-0.037,0.110,0.037,-0.110,-0.110,0.037,-0.476,0.037,0.256,-0.110,-0.110,30.00,1.200
3.1250,sine,0.5,-0.9998,nan,-0.41508,-0.15350,-0.68656,0.57842,-0.14780,-0.97459,-0.50644,0.34389,-1.27318,0.41442,0.27801,-0.86607,0.1368,0.4103,0.0586,0.0195,0.3712,-0.0586,-0.0195,0.0195,-0.0586,-0.0977,0.1758,-0.0977,-0.40737,-0.13757,-0.68670,0.57604,-0.13198,-0.97448,-0.50384,0.33664,-1.27329,0.42791,0.29222,-0.86607,0.330,-0.037,0.110,0.037,-0.183,-0.110,-0.037,-0.330,0.037,0.330,-0.037,-0.110,30.00,1.200
3.1300,sine,0.5,-0.9998,nan,-0.41497,-0.15112,-0.68656,0.57842,-0.14780,-0.97459,-0.50629,0.34389,-1.27318,0.41442,0.27863,-0.86598,0.0195,0.2930,0.0977,0.1758,0.3712,-0.0977,-0.1368,0.0195,0.0977,-0.0195,0.1368,-0.0195,-0.40737,-0.13514,-0.68670,0.57604,-0.12954,-0.97448,-0.50384,0.33907,-1.27329,0.42791,0.29465,-0.86607,0.256,-0.037,0.110,0.037,-0.183,-0.110,-0.037,-0.330,0.110,0.256,-0.037,0.037,30.00,1.200
3.1350,sine,0.5,-0.9998,nan,-0.41508,-0.14948,-0.68656,0.57842,-0.14465,-0.97459,-0.50633,0.34407,-1.27318,0.41468,0.27900,-0.86595,0.0195,0.2930,0.0977,0.1758,0.3321,-0.0195,-0.0195,0.1368,0.0195,0.0195,0.0977,-0.0586,-0.40737,-0.13267,-0.68670,0.57604,-0.12707,-0.97448,-0.50384,0.34154,-1.27329,0.42791,0.29712,-0.86607,0.330,-0.110,0.110,0.037,-0.183,-0.183,0.037,-0.330,0.110,0.256,-0.037,-0.256,30.00,1.200
3.1400,sine,0.5,-0.9998,nan,-0.41508,-0.14827,-0.68653,0.57853,-0.14330,-0.97459,-0.50633,0.34429,-1.27318,0.41490,0.27977,-0.86607,0.0977,0.5275,0.0195,0.0195,0.3321,-0.0195,-0.0977,0.1758,-0.0586,-0.0195,0.0977,-0.0977,-0.40737,-0.13016,-0.68670,0.57604,-0.12456,-0.97448,-0.50384,0.34405,-1.27329,0.42791,0.29963,-0.86607,0.256,-0.110,0.110,-0.037,-0.256,-0.183,-0.037,-0.330,0.037,0.256,0.037,-0.110,30.00,1.200
3.1450,sine,0.4,-0.9998,nan,-0.41508,-0.14586,-0.68656,0.57842,-0.14125,-0.97459,-0.50633,0.34444,-1.27318,0.41530,0.28046,-0.86607,-0.0977,0.5275,0.0195,0.0195,0.2540,0.0586,-0.0586,0.0195,-0.0586,0.0586,0.1758,-0.0977,-0.40737,-0.12761,-0.68670,0.57604,-0.12202,-0.97448,-0.50384,0.34660,-1.27329,0.42791,0.30218,-0.86607,0.330,-0.256,0.110,-0.037,-0.256,-0.037,-0.037,-0.330,0.037,0.256,-0.037,-0.110,30.00,1.200
3.1500,sine,0.4,-0.9998,nan,-0.41508,-0.14224,-0.68653,0.57842,-0.13964,-0.97459,-0.50633,0.34444,-1.27318,0.41592,0.28115,-0.86607,0.0195,0.3712,-0.0586,-0.0195,0.2540,-0.0977,-0.0195,0.0195,0.0195,0.0977,0.1758,-0.0195,-0.40737,-0.12503,-0.68670,0.57604,-0.11944,-0.97448,-0.50384,0.34918,-1.27329,0.42791,0.30476,-0.86607,0.403,-0.183,0.110,-0.037,-0.183,-0.110,-0.037,-0.110,0.037,0.183,0.183,-0.037,30.00,1.200
3.1550,sine,0.4,-0.9998,nan,-0.41508,-0.14030,-0.68661,0.57857,-0.13756,-0.97451,-0.50629,0.34498,-1.27327,0.41651,0.28222,-0.86598,0.0195,0.6056,-0.0195,0.0195,0.3321,-0.0195,-0.0195,0.1368,-0.0586,0.2149,0.1368,-0.0586,-0.40737,-0.12242,-0.68670,0.57604,-0.11683,-0.97448,-0.50384,0.35179,-1.27329,0.42791,0.30737,-0.86607,0.330,-0.183,0.110,0.037,-0.110,-0.110,-0.037,-0.037,0.110,0.183,0.110,-0.037,30.00,1.200
3.1600,sine,0.4,-0.9998,nan,-0.41508,-0.13891,-0.68656,0.57864,-0.13602,-0.97459,-0.50626,0.34535,-1.27321,0.41665,0.28324,-0.86607,0.0195,0.5275,0.0586,-0.0977,0.3712,-0.0977,0.0195,0.1758,0.0195,0.0195,0.2540,-0.0195,-0.40737,-0.11978,-0.68670,0.57604,-0.11419,-0.97448,-0.50384,0.35443,-1.27329,0.42791,0.31001,-0.86607,0.330,-0.037,0.037,0.037,-0.110,-0.110,-0.037,-0.037,0.110,0.183,0.183,-0.183,30.00,1.200
3.1650,sine,0.4,-0.9998,nan,-0.41508,-0.13756,-0.68656,0.57857,-0.13453,-0.97459,-0.50629,0.34557,-1.27327,0.41680,0.28349,-0.86595,0.1368,0.1368,0.0195,-0.0586,0.3321,-0.0977,-0.0195,0.1758,0.0195,-0.0195,0.2540,0.0586,-0.40737,-0.11711,-0.68670,0.57604,-0.11152,-0.97448,-0.50384,0.35709,-1.27329,0.42791,0.31268,-0.86607,0.330,0.037,0.110,-0.037,-0.110,-0.110,-0.037,0.037,0.110,0.183,0.110,0.037,30.00,1.200
3.1700,sine,0.3,-0.9998,nan,-0.41490,-0.13756,-0.68656,0.57857,-0.13255,-0.97459,-0.50622,0.34575,-1.27315,0.41698,0.28525,-0.86595,0.0195,0.1368,0.0195,-0.0195,0.4103,-0.0977,0.0586,0.0977,0.0586,0.1758,0.3321,0.0586,-0.40737,-0.11442,-0.68670,0.57604,-0.10883,-0.97448,-0.50384,0.35979,-1.27329,0.42791,0.31537,-0.86607,0.256,0.037,0.110,0.037,-0.183,-0.110,-0.037,0.110,0.110,0.183,0.110,0.037,30.00,1.200
3.1750,sine,0.3,-0.9998,nan,-0.41497,-0.13281,-0.68653,0.57853,-0.13039,-0.97459,-0.50622,0.34648,-1.27327,0.41698,0.28715,-0.86595,0.0195,0.5275,0.0586,0.0195,0.4493,-0.0195,-0.0195,0.0977,0.0195,0.1758,0.2930,0.0586,-0.40737,-0.11171,-0.68670,0.57604,-0.10611,-0.97448,-0.50384,0.36250,-1.27329,0.42791,0.31808,-0.86607,0.330,-0.037,0.110,0.037,-0.183,-0.110,-0.037,0.183,0.110,0.183,0.037,0.037,30.00,1.200
3.1800,sine,0.3,-0.9998,nan,-0.41497,-0.13072,-0.68653,0.57864,-0.12798,-0.97459,-0.50611,0.34740,-1.27327,0.41815,0.28876,-0.86595,-0.0586,0.6447,0.0195,0.0977,0.3321,-0.0977,0.0586,0.0977,0.0195,0.0977,0.2930,0.0586,-0.40737,-0.10897,-0.68670,0.57604,-0.10338,-0.97448,-0.50384,0.36524,-1.27329,0.42791,0.32082,-0.86607,0.330,-0.110,0.110,0.037,-0.037,-0.110,-0.037,0.183,0.110,0.110,0.037,0.037,30.00,1.200
3.1850,sine,0.3,-0.9998,nan,-0.41497,-0.12721,-0.68656,0.57864,-0.12601,-0.97459,-0.50622,0.34740,-1.27318,0.41826,0.29230,-0.86595,0.0195,0.6056,0.0586,0.0195,0.4103,0.0977,0.1758,0.0977,0.0195,0.0977,0.4103,0.0586,-0.40737,-0.10621,-0.68670,0.57604,-0.10062,-0.97448,-0.50384,0.36800,-1.27329,0.42791,0.32358,-0.86607,0.330,-0.110,0.037,0.037,-0.183,-0.110,-0.037,0.183,0.110,0.110,-0.037,0.037,30.00,1.200
3.1900,sine,0.3,-0.9998,nan,-0.41497,-0.12484,-0.68656,0.57853,-0.12253,-0.97459,-0.50615,0.34849,-1.27327,0.41943,0.29461,-0.86595,0.0195,0.5275,0.0586,0.0586,0.5665,-0.0195,-0.0977,0.2149,0.0195,0.0586,0.4884,0.0586,-0.40737,-0.10344,-0.68670,0.57604,-0.09785,-0.97448,-0.50384,0.37077,-1.27329,0.42791,0.32635,-0.86607,0.330,-0.110,0.037,0.110,-0.110,-0.110,-0.037,0.256,0.110,0.037,0.037,0.037,30.00,1.200
3.1950,sine,0.2,-0.9998,nan,-0.41497,-0.12140,-0.68653,0.57853,-0.12001,-0.97457,-0.50611,0.34985,-1.27318,0.41972,0.29746,-0.86598,0.0195,0.4884,-0.0195,0.0195,0.4493,0.0977,-0.0195,0.2540,0.0977,0.1368,0.4103,0.0586,-0.40737,-0.10065,-0.68670,0.57604,-0.09506,-0.97448,-0.50384,0.37356,-1.27329,0.42791,0.32914,-0.86607,0.330,-0.183,0.037,0.037,-0.183,-0.110,0.037,0.256,0.110,0.110,-0.037,-0.037,30.00,1.200
3.2000,sine,0.2,-0.9998,nan,-0.41508,-0.11833,-0.68647,0.57842,-0.11625,-0.97448,-0.50615,0.35146,-1.27327,0.42067,0.30090,-0.86607,-0.0977,0.6056,0.0586,0.1368,0.6056,0.0977,-0.1368,0.3712,0.0977,0.2149,0.4103,-0.0195,-0.40737,-0.09785,-0.68670,0.57604,-0.09226,-0.97448,-0.50384,0.37636,-1.27329,0.42791,0.33194,-0.86607,0.403,-0.110,0.183,0.037,-0.256,-0.110,-0.037,0.330,0.110,-0.037,0.037,-0.183,30.00,1.200
3.2050,sine,0.2,-0.9998,nan,-0.41508,-0.11555,-0.68647,0.57842,-0.11409,-0.97457,-0.50611,0.35255,-1.27327,0.42137,0.30294,-0.86607,0.0195,0.5275,0.0586,0.0195,0.5275,-0.0977,-0.2149,0.4103,0.0195,0.0586,0.4884,-0.0195,-0.40737,-0.09504,-0.68670,0.57604,-0.08945,-0.97448,-0.50384,0.37917,-1.27329,0.42791,0.33475,-0.86607,0.403,-0.037,0.110,0.037,-0.256,-0.110,-0.037,0.330,0.110,0.037,0.110,-0.110,30.00,1.200
3.2100,sine,0.2,-0.9998,nan,-0.41508,-0.11453,-0.68656,0.57846,-0.11193,-0.97451,-0.50615,0.35438,-1.27327,0.42137,0.30408,-0.86601,0.0195,0.6056,-0.0195,-0.0586,0.6056,0.0195,-0.1368,0.2540,-0.0586,0.0586,0.4103,-0.0977,-0.40737,-0.09222,-0.68670,0.57604,-0.08663,-0.97448,-0.50384,0.38198,-1.27329,0.42791,0.33757,-0.86607,0.330,-0.110,0.110,0.037,-0.183,-0.110,-0.037,0.330,0.037,0.037,0.183,-0.037,30.00,1.200
3.2150,sine,0.2,-0.9998,nan,-0.41508,-0.11281,-0.68653,0.57846,-0.10970,-0.97451,-0.50604,0.35544,-1.27321,0.42188,0.30495,-0.86595,0.0195,0.6447,0.0195,0.0977,0.5275,-0.0586,-0.0195,0.2930,0.0195,-0.0195,0.2930,-0.0195,-0.40737,-0.08940,-0.68670,0.57604,-0.08381,-0.97448,-0.50384,0.38481,-1.27329,0.42791,0.34039,-0.86607,0.330,-0.110,0.110,0.037,-0.256,-0.037,-0.037,0.256,0.110,-0.037,0.183,-0.037,30.00,1.200
3.2200,sine,0.1,-0.9998,nan,-0.41515,-0.10967,-0.68653,0.57857,-0.10619,-0.97459,-0.50604,0.35562,-1.27327,0.42199,0.30675,-0.86595,0.0195,0.5275,0.0195,-0.0195,0.5275,-0.0195,-0.0195,0.3321,0.0195,0.0586,0.3321,-0.0195,-0.40737,-0.08657,-0.68670,0.57604,-0.08098,-0.97448,-0.50384,0.38763,-1.27329,0.42791,0.34322,-0.86607,0.330,-0.110,0.110,0.037,-0.256,-0.110,-0.037,0.330,0.110,-0.037,0.183,-0.037,30.00,1.200
3.2250,sine,0.1,-0.9998,nan,-0.41508,-0.10915,-0.68656,0.57853,-0.10564,-0.97451,-0.50604,0.35822,-1.27327,0.42236,0.30839,-0.86607,0.0195,0.4103,-0.0195,0.0195,0.4884,-0.1368,-0.1368,0.3321,0.0977,0.0586,0.2540,-0.0977,-0.40737,-0.08375,-0.68670,0.57604,-0.07815,-0.97448,-0.50384,0.39046,-1.27329,0.42791,0.34604,-0.86607,0.330,-0.110,0.110,0.037,-0.256,-0.110,0.037,0.256,0.110,-0.037,0.256,0.037,30.00,1.200
3.2300,sine,0.1,-0.9998,nan,-0.41497,-0.10411,-0.68656,0.57860,-0.10188,-0.97459,-0.50604,0.36118,-1.27327,0.42236,0.30985,-0.86607,0.0195,0.6056,0.0195,0.0977,0.4493,-0.0586,-0.1368,0.4103,0.0977,0.0586,0.2930,-0.0977,-0.40737,-0.08092,-0.68670,0.57604,-0.07533,-0.97448,-0.50384,0.39329,-1.27329,0.42791,0.34887,-0.86607,0.330,-0.037,0.110,0.037,-0.256,-0.110,-0.037,0.256,0.110,-0.037,0.403,0.037,30.00,1.200
3.2350,sine,0.1,-0.9998,nan,-0.41508,-0.10191,-0.68647,0.57864,-0.09855,-0.97448,-0.50604,0.36272,-1.27327,0.42236,0.31124,-0.86607,0.0195,0.6056,0.0195,0.0977,0.5275,-0.0977,0.0977,0.1368,0.0586,0.0586,0.2930,-0.0195,-0.40737,-0.07810,-0.68670,0.57604,-0.07251,-0.97448,-0.50384,0.39611,-1.27329,0.42791,0.35169,-0.86607,0.330,-0.110,0.110,0.037,-0.256,-0.183,-0.037,0.623,0.110,0.110,0.330,-0.037,30.00,1.200
3.2400,sine,0.1,-0.9998,nan,-0.41501,-0.09928,-0.68647,0.57875,-0.09800,-0.97448,-0.50615,0.36323,-1.27327,0.42236,0.31333,-0.86598,0.0195,0.6056,0.0586,-0.0977,0.4884,0.0977,-0.0977,0.1758,0.0195,0.0586,0.3321,-0.1368,-0.40737,-0.07528,-0.68670,0.57604,-0.06969,-0.97448,-0.50384,0.39893,-1.27329,0.42791,0.35451,-0.86607,0.330,-0.110,0.110,-0.037,-0.183,-0.110,-0.037,0.769,0.110,0.110,0.330,-0.037,30.00,1.200
3.2450,sine,0.1,-0.9998,nan,-0.41490,-0.09640,-0.68647,0.57875,-0.09278,-0.97448,-0.50604,0.36363,-1.27327,0.42236,0.31515,-0.86598,0.1368,0.5275,0.0586,0.0195,0.6056,0.0195,-0.0195,0.1758,0.0195,0.0586,0.3321,-0.1368,-0.40737,-0.07247,-0.68670,0.57604,-0.06688,-0.97448,-0.50384,0.40174,-1.27329,0.42791,0.35732,-0.86607,0.256,-0.110,0.110,0.037,-0.256,-0.037,-0.037,0.769,0.110,0.110,0.403,-0.037,30.00,1.200
3.2500,sine,0.1,-0.9998,nan,-0.41457,-0.09534,-0.68647,0.57857,-0.09018,-0.97451,-0.50604,0.36527,-1.27321,0.42236,0.31727,-0.86598,0.0195,0.5665,0.0195,-0.0586,0.3712,-0.0195,-0.0195,0.3712,-0.0977,-0.0195,0.4103,-0.1368,-0.40737,-0.06967,-0.68670,0.57604,-0.06408,-0.97448,-0.50384,0.40453,-1.27329,0.42791,0.36012,-0.86607,0.183,-0.110,0.037,0.037,-0.183,-0.110,-0.037,0.769,0.110,0.110,0.403,-0.037,30.00,1.200
3.2550,sine,1.0,-0.9998,nan,-0.41406,-0.09146,-0.68647,0.57835,-0.08810,-0.97448,-0.50596,0.36527,-1.27327,0.42239,0.31910,-0.86598,0.1758,0.4493,0.0195,-0.0586,0.3712,-0.0195,-0.0586,0.3712,0.0195,0.0195,0.3712,-0.1368,-0.40737,-0.06689,-0.68670,0.57604,-0.06130,-0.97448,-0.50384,0.40732,-1.27329,0.42791,0.36290,-0.86607,0.183,-0.110,0.110,0.037,-0.110,-0.110,-0.037,0.769,0.183,0.037,0.330,-0.037,30.00,1.200
3.2600,sine,1.0,-0.9998,nan,-0.41369,-0.08919,-0.68647,0.57827,-0.08726,-0.97448,-0.50596,0.36670,-1.27327,0.42239,0.32203,-0.86598,0.0977,0.4103,0.0195,-0.0977,0.3712,-0.0195,-0.0195,0.3712,0.0195,0.0195,0.5275,-0.1368,-0.40737,-0.06412,-0.68670,0.57604,-0.05852,-0.97448,-0.50384,0.41009,-1.27329,0.42791,0.36567,-0.86607,0.183,0.037,0.110,0.110,-0.037,-0.110,-0.037,0.696,0.110,0.037,0.330,-0.037,30.00,1.200
3.2650,sine,1.0,-0.9998,nan,-0.41333,-0.08802,-0.68647,0.57791,-0.08448,-0.97445,-0.50604,0.36919,-1.27327,0.42433,0.32451,-0.86598,0.1368,0.5275,0.0195,-0.0977,0.4884,0.0195,-0.0586,0.3712,0.0195,0.0977,0.4103,-0.1368,-0.40737,-0.06136,-0.68670,0.57604,-0.05577,-0.97448,-0.50384,0.41285,-1.27329,0.42791,0.36843,-0.86607,0.256,0.037,0.110,0.037,0.037,-0.110,-0.037,0.696,0.110,-0.183,0.330,-0.037,30.00,1.200
3.2700,sine,0.9,-0.9998,nan,-0.41267,-0.08543,-0.68647,0.57780,-0.08261,-0.97451,-0.50604,0.37160,-1.27327,0.42484,0.32649,-0.86598,0.0977,0.3712,0.0195,0.0195,0.3712,-0.0195,0.0586,0.4103,0.0195,0.0977,0.5275,-0.1368,-0.40737,-0.05863,-0.68670,0.57604,-0.05304,-0.97448,-0.50384,0.41558,-1.27329,0.42791,0.37116,-0.86607,0.183,0.110,0.110,0.037,0.110,-0.110,-0.037,0.623,0.110,-0.110,0.256,-0.037,30.00,1.200
3.2750,sine,0.9,-0.9998,nan,-0.41238,-0.08407,-0.68647,0.57762,-0.08108,-0.97448,-0.50604,0.37204,-1.27327,0.42513,0.32926,-0.86598,0.1368,0.3712,0.0195,0.0195,0.2540,-0.0586,-0.0195,0.3712,0.1368,0.1368,0.5665,-0.1368,-0.40737,-0.05591,-0.68670,0.57604,-0.05032,-0.97448,-0.50384,0.41829,-1.27329,0.42791,0.37388,-0.86607,0.183,0.183,0.110,0.110,0.110,-0.110,-0.037,0.696,0.110,-0.183,0.256,-0.037,30.00,1.200
3.2800,sine,0.9,-0.9998,nan,-0.41186,-0.08005,-0.68647,0.57747,-0.07760,-0.97448,-0.50604,0.37705,-1.27338,0.42513,0.33490,-0.86598,0.0586,0.3321,0.0195,0.0195,0.4884,-0.0195,-0.0195,0.5275,0.0195,0.1368,0.5665,-0.1368,-0.40737,-0.05322,-0.68670,0.57604,-0.04763,-0.97448,-0.50384,0.42098,-1.27329,0.42791,0.37657,-0.86607,0.183,0.183,0.110,0.037,0.110,-0.110,-0.037,0.623,0.110,-0.183,0.183,-0.037,30.00,1.200
3.2850,sine,0.9,-0.9998,nan,-0.41165,-0.07881,-0.68641,0.57747,-0.07665,-0.97448,-0.50604,0.37737,-1.27327,0.42678,0.33665,-0.86607,0.0977,0.2930,0.0195,0.0195,0.3712,-0.0195,-0.0195,0.3712,0.0195,0.0586,0.5275,-0.0977,-0.40737,-0.05056,-0.68670,0.57604,-0.04497,-0.97448,-0.50384,0.42365,-1.27329,0.42791,0.37923,-0.86607,0.183,0.256,0.183,0.037,0.110,-0.110,-0.037,0.549,0.110,-0.110,0.256,-0.256,30.00,1.200
3.2900,sine,0.9,-0.9998,nan,-0.41135,-0.07702,-0.68647,0.57729,-0.07340,-0.97448,-0.50604,0.37851,-1.27327,0.42696,0.33979,-0.86607,0.1368,0.0586,0.0195,0.0195,0.4493,-0.0586,0.0586,0.6056,0.0195,0.0977,0.4884,-0.0195,-0.40737,-0.04792,-0.68670,0.57604,-0.04233,-0.97448,-0.50384,0.42629,-1.27329,0.42791,0.38187,-0.86607,0.183,0.476,0.183,0.037,0.037,-0.110,-0.037,0.623,0.110,-0.183,0.183,-0.256,30.00,1.200
3.2950,sine,0.8,-0.9998,nan,-0.41099,-0.07713,-0.68653,0.57740,-0.07088,-0.97448,-0.50615,0.38348,-1.27332,0.42762,0.34341,-0.86598,0.0195,-0.0586,-0.0195,0.1368,0.5275,-0.0195,-0.2149,0.5275,0.0195,0.0586,0.5275,-0.0195,-0.40737,-0.04531,-0.68670,0.57604,-0.03972,-0.97448,-0.50384,0.42889,-1.27329,0.42791,0.38448,-0.86607,0.183,0.842,0.037,0.037,0.037,-0.110,-0.037,0.549,0.110,-0.183,0.183,-0.037,30.00,1.200
3.3000,sine,0.8,-0.9998,nan,-0.41106,-0.07709,-0.68656,0.57740,-0.06858,-0.97448,-0.50600,0.38732,-1.27332,0.42762,0.34648,-0.86607,-0.0977,-0.0195,0.0195,-0.0195,0.4493,0.0195,0.1368,0.5665,0.0195,0.0586,0.5275,-0.0195,-0.40737,-0.04274,-0.68670,0.57604,-0.03715,-0.97448,-0.50384,0.43147,-1.27329,0.42791,0.38705,-0.86607,0.183,0.916,0.110,0.037,0.037,-0.037,-0.037,0.549,0.110,-0.183,0.183,-0.037,30.00,1.200
3.3050,sine,0.8,-0.9998,nan,-0.41135,-0.07702,-0.68653,0.57721,-0.06719,-0.97448,-0.50589,0.39112,-1.27329,0.42799,0.35007,-0.86601,0.0195,0.0195,0.0195,-0.0195,0.2149,0.0195,-0.0195,0.6838,0.0195,0.0977,0.6056,-0.0586,-0.40737,-0.04020,-0.68670,0.57604,-0.03461,-0.97448,-0.50384,0.43401,-1.27329,0.42791,0.38959,-0.86607,0.256,0.916,0.110,0.037,0.403,-0.110,-0.037,0.403,0.110,-0.183,0.183,-0.256,30.00,1.200
3.3100,sine,0.8,-0.9998,nan,-0.41139,-0.07665,-0.68656,0.57721,-0.06700,-0.97448,-0.50560,0.39415,-1.27329,0.42846,0.35317,-0.86607,-0.0977,0.0195,0.0586,0.0195,0.0195,-0.0195,-0.0195,0.6056,0.0977,0.0586,0.5665,-0.0977,-0.40737,-0.03769,-0.68670,0.57604,-0.03210,-0.97448,-0.50384,0.43651,-1.27329,0.42791,0.39210,-0.86607,0.183,0.989,0.037,0.037,0.549,-0.110,-0.037,0.476,0.110,-0.183,0.110,-0.037,30.00,1.200
3.3150,sine,0.8,-0.9998,nan,-0.41124,-0.07611,-0.68647,0.57718,-0.06536,-0.97448,-0.50560,0.39642,-1.27327,0.42905,0.35595,-0.86609,0.0195,0.1758,-0.0195,0.0195,0.1758,-0.0195,-0.0195,0.6056,0.0195,-0.0195,0.6056,-0.0195,-0.40737,-0.03523,-0.68670,0.57604,-0.02963,-0.97448,-0.50384,0.43898,-1.27329,0.42791,0.39456,-0.86607,0.183,0.842,0.110,0.037,0.476,-0.110,-0.037,0.476,0.110,-0.256,0.110,-0.110,30.00,1.200
3.3200,sine,0.7,-0.9998,nan,-0.41139,-0.07519,-0.68647,0.57718,-0.06415,-0.97451,-0.50553,0.39971,-1.27327,0.42941,0.35858,-0.86607,0.0195,0.1368,0.0977,0.0195,0.2930,-0.0195,0.0195,0.7228,0.0195,0.0195,0.5275,-0.0195,-0.40737,-0.03280,-0.68670,0.57604,-0.02721,-0.97448,-0.50384,0.44141,-1.27329,0.42791,0.39699,-0.86607,0.256,0.916,0.110,0.110,0.476,-0.037,-0.037,0.330,0.110,-0.256,0.183,-0.110,30.00,1.200
3.3250,sine,0.7,-0.9998,nan,-0.41135,-0.07413,-0.68653,0.57707,-0.06328,-0.97448,-0.50545,0.40227,-1.27327,0.42959,0.36184,-0.86607,0.0586,0.1758,-0.0195,-0.0586,0.2540,-0.0195,0.0586,0.6447,-0.0195,-0.0195,0.4493,-0.0195,-0.40737,-0.03042,-0.68670,0.57604,-0.02482,-0.97448,-0.50384,0.44379,-1.27329,0.42791,0.39937,-0.86607,0.183,0.916,0.037,0.110,0.623,-0.110,-0.037,0.330,0.183,-0.183,0.183,-0.110,30.00,1.200
3.3300,sine,0.7,-0.9998,nan,-0.41139,-0.07296,-0.68647,0.57699,-0.06265,-0.97448,-0.50545,0.40468,-1.27327,0.42978,0.36429,-0.86607,0.0977,0.2540,-0.0195,0.0977,0.2540,0.0195,-0.0195,0.6056,0.0195,0.0586,0.5665,-0.0195,-0.40737,-0.02807,-0.68670,0.57604,-0.02248,-0.97448,-0.50384,0.44613,-1.27329,0.42791,0.40172,-0.86607,0.256,0.916,0.110,0.110,0.696,-0.110,-0.037,0.403,0.110,-0.183,0.110,-0.110,30.00,1.200
3.3350,sine,0.7,-0.9998,nan,-0.41128,-0.07135,-0.68647,0.57688,-0.06112,-0.97448,-0.50553,0.40889,-1.27332,0.42985,0.36750,-0.86607,0.0195,0.1758,0.0195,-0.1368,0.2540,-0.0195,-0.0195,0.6447,-0.0195,-0.0195,0.7228,-0.0195,-0.40737,-0.02578,-0.68670,0.57604,-0.02019,-0.97448,-0.50384,0.44843,-1.27329,0.42791,0.40401,-0.86607,0.110,1.062,0.037,0.110,0.623,-0.110,-0.037,0.330,0.110,-0.183,0.037,-0.037,30.00,1.200
3.3400,sine,0.6,-0.9998,nan,-0.41110,-0.07073,-0.68647,0.57623,-0.05969,-0.97442,-0.50553,0.41240,-1.27332,0.42981,0.37010,-0.86607,0.0977,0.2930,0.0195,-0.0586,0.3321,0.0195,-0.0195,0.5275,0.0195,-0.1368,0.6838,-0.0195,-0.40737,-0.02353,-0.68670,0.57604,-0.01794,-0.97448,-0.50384,0.45068,-1.27329,0.42791,0.40626,-0.86607,0.183,0.989,0.110,0.256,0.623,-0.110,-0.037,0.403,0.110,-0.110,-0.037,-0.037,30.00,1.200
3.3450,sine,0.6,-0.9998,nan,-0.41088,-0.06938,-0.68647,0.57542,-0.05889,-0.97442,-0.50560,0.41346,-1.27332,0.42981,0.37423,-0.86607,0.0195,0.2930,0.0195,-0.1368,0.2540,-0.0195,-0.0977,0.6056,0.0586,-0.0586,0.5275,-0.0195,-0.40737,-0.02133,-0.68670,0.57604,-0.01574,-0.97448,-0.50384,0.45287,-1.27329,0.42791,0.40846,-0.86607,0.110,1.062,0.037,0.256,0.549,-0.110,-0.037,0.403,0.110,-0.110,-0.037,-0.110,30.00,1.200
3.3500,sine,0.6,-0.9998,nan,-0.41080,-0.06821,-0.68647,0.57509,-0.05710,-0.97442,-0.50585,0.41693,-1.27329,0.42978,0.37664,-0.86607,0.0977,0.2930,0.0195,-0.0977,0.1758,-0.0586,0.0586,0.6056,-0.0195,-0.0195,0.5275,-0.0195,-0.40737,-0.01919,-0.68670,0.57604,-0.01359,-0.97448,-0.50384,0.45502,-1.27329,0.42791,0.41060,-0.86607,0.110,1.136,0.110,0.183,0.769,-0.110,-0.037,0.403,0.110,-0.110,-0.037,-0.037,30.00,1.200
3.3550,sine,0.6,-0.9998,nan,-0.41051,-0.06707,-0.68656,0.57491,-0.05596,-0.97442,-0.50596,0.42018,-1.27338,0.42970,0.37953,-0.86607,0.1368,0.2930,0.0977,-0.0586,0.2540,-0.0586,-0.0586,0.6056,0.0195,-0.0977,0.4493,-0.0195,-0.40737,-0.01709,-0.68670,0.57604,-0.01150,-0.97448,-0.50384,0.45712,-1.27329,0.42791,0.41270,-0.86607,0.110,1.136,0.037,0.183,0.769,-0.110,0.037,0.403,0.110,-0.110,0.037,-0.110,30.00,1.200
3.3600,sine,0.6,-0.9998,nan,-0.41022,-0.06605,-0.68647,0.57451,-0.05450,-0.97442,-0.50633,0.42285,-1.27338,0.42952,0.38202,-0.86607,0.0586,0.2540,0.0195,-0.1758,0.1758,0.0195,-0.0586,0.6056,0.0586,-0.0195,0.4103,-0.0195,-0.40737,-0.01505,-0.68670,0.57604,-0.00946,-0.97448,-0.50384,0.45916,-1.27329,0.42791,0.41474,-0.86607,0.037,1.136,0.110,0.183,0.769,-0.037,-0.037,0.330,0.110,-0.037,0.183,0.037,30.00,1.200
3.3650,sine,0.5,-0.9998,nan,-0.40974,-0.06463,-0.68647,0.57418,-0.05337,-0.97445,-0.50662,0.42512,-1.27338,0.42923,0.38494,-0.86612,0.1758,0.2930,0.0195,0.0195,0.2540,-0.0586,-0.0586,0.5275,0.0195,-0.0586,0.4884,-0.0195,-0.40737,-0.01307,-0.68670,0.57604,-0.00748,-0.97448,-0.50384,0.46114,-1.27329,0.42791,0.41672,-0.86607,0.110,1.136,0.110,0.256,0.842,-0.110,0.037,0.403,0.110,-0.037,0.110,-0.037,30.00,1.200
3.3700,sine,0.6,-0.9998,nan,-0.40938,-0.06346,-0.68647,0.57407,-0.05212,-0.97448,-0.50688,0.42757,-1.27332,0.42905,0.38739,-0.86607,0.0195,0.2149,0.0586,0.0195,0.2540,-0.0195,0.0977,0.4884,0.0586,-0.0586,0.5275,-0.0195,-0.40737,-0.01114,-0.68670,0.57604,-0.00555,-0.97448,-0.50384,0.46306,-1.27329,0.42791,0.41865,-0.86607,0.037,1.209,0.110,0.183,0.842,-0.110,0.037,0.403,0.110,-0.110,0.110,-0.183,30.00,1.200
3.3750,sine,0.5,-0.9998,nan,-0.40920,-0.06240,-0.68647,0.57385,-0.05088,-0.97442,-0.50699,0.43053,-1.27332,0.42879,0.38995,-0.86607,0.0977,0.2540,0.0195,-0.0586,0.2540,0.0195,-0.0977,0.6056,0.0586,-0.1368,0.4493,0.0977,-0.40737,-0.00928,-0.68670,0.57604,-0.00369,-0.97448,-0.50384,0.46493,-1.27329,0.42791,0.42051,-0.86607,0.110,1.209,0.037,0.256,0.842,-0.110,0.037,0.330,0.183,-0.037,0.037,-0.037,30.00,1.200
3.3800,sine,0.5,-0.9998,nan,-0.40890,-0.06159,-0.68647,0.57356,-0.04960,-0.97442,-0.50699,0.43261,-1.27338,0.42864,0.39046,-0.86607,0.0586,0.1368,0.0195,0.0195,0.1368,-0.0195,-0.0195,0.6447,-0.0195,-0.0195,0.4493,-0.0195,-0.40737,-0.00747,-0.68670,0.57604,-0.00188,-0.97448,-0.50384,0.46674,-1.27329,0.42791,0.42232,-0.86607,0.110,1.282,0.110,0.183,0.916,-0.110,-0.037,0.403,0.110,-0.037,0.037,-0.110,30.00,1.200
3.3850,sine,0.4,-0.9998,nan,-0.40865,-0.06035,-0.68647,0.57345,-0.04861,-0.97448,-0.50699,0.43459,-1.27332,0.42868,0.39456,-0.86598,0.0586,0.1368,0.0195,0.0195,0.2540,-0.0586,-0.0195,0.3712,0.0195,-0.0586,0.4493,-0.0195,-0.40737,-0.00573,-0.68670,0.57604,-0.00014,-0.97448,-0.50384,0.46848,-1.27329,0.42791,0.42406,-0.86607,0.037,1.355,0.110,0.183,0.916,-0.110,-0.037,0.403,0.110,-0.110,0.037,-0.110,30.00,1.200
3.3900,sine,0.4,-0.9998,nan,-0.40835,-0.05936,-0.68633,0.57323,-0.04723,-0.97445,-0.50691,0.43777,-1.27338,0.42864,0.39595,-0.86607,0.0195,0.3321,0.0586,0.0195,0.1758,0.0195,-0.0195,0.5275,0.0195,0.0195,0.4103,-0.0195,-0.40737,-0.00405,-0.68670,0.57604,0.00154,-0.97448,-0.50384,0.47016,-1.27329,0.42791,0.42574,-0.86607,0.110,1.355,0.037,0.183,0.989,-0.110,0.037,0.330,0.110,-0.110,0.110,-0.110,30.00,1.200
3.3950,sine,0.4,-0.9998,nan,-0.40824,-0.05849,-0.68638,0.57305,-0.04617,-0.97442,-0.50691,0.44014,-1.27338,0.42864,0.39898,-0.86607,0.0195,0.2540,0.0586,0.0586,0.1758,-0.0195,0.0195,0.4884,0.0586,-0.0195,0.2930,0.0586,-0.40737,-0.00243,-0.68670,0.57604,0.00316,-0.97448,-0.50384,0.47177,-1.27329,0.42791,0.42736,-0.86607,0.037,1.429,0.037,0.183,0.989,-0.110,-0.037,0.476,0.110,-0.110,0.110,-0.037,30.00,1.200
3.4000,sine,0.4,-0.9998,nan,-0.40806,-0.05750,-0.68641,0.57283,-0.04554,-0.97442,-0.50677,0.44230,-1.27338,0.42864,0.40088,-0.86601,0.0195,0.1758,0.0977,-0.0977,0.2540,0.0586,0.0977,0.4493,0.0195,-0.0195,0.3712,-0.0195,-0.40737,-0.00088,-0.68670,0.57604,0.00471,-0.97448,-0.50384,0.47332,-1.27329,0.42791,0.42890,-0.86607,0.110,1.429,0.110,0.256,1.062,-0.110,-0.037,0.330,0.110,-0.110,0.183,-0.037,30.00,1.200
3.4050,sine,0.4,-0.9998,nan,-0.40799,-0.05669,-0.68638,0.57275,-0.04452,-0.97442,-0.50677,0.44380,-1.27338,0.42864,0.40260,-0.86598,0.1758,0.1758,-0.0195,0.0195,0.1758,-0.0586,-0.0195,0.3712,0.0195,0.0195,0.3321,0.0195,-0.40737,0.00060,-0.68670,0.57604,0.00619,-0.97448,-0.50384,0.47480,-1.27329,0.42791,0.43039,-0.86607,0.037,1.429,0.037,0.256,1.062,-0.110,-0.037,0.403,0.110,-0.110,0.110,-0.183,30.00,1.200
3.4100,sine,0.3,-0.9998,nan,-0.40777,-0.05578,-0.68647,0.57261,-0.04339,-0.97448,-0.50669,0.44632,-1.27338,0.42868,0.40472,-0.86601,0.0195,0.2540,-0.0195,-0.0195,0.1758,-0.0195,-0.0195,0.4493,0.0195,0.0586,0.3321,0.0977,-0.40737,0.00201,-0.68670,0.57604,0.00760,-0.97448,-0.50384,0.47622,-1.27329,0.42791,0.43180,-0.86607,0.037,1.502,0.037,0.256,1.062,-0.110,-0.037,0.403,0.110,-0.183,0.183,-0.037,30.00,1.200
3.4150,sine,0.3,-0.9998,nan,-0.40770,-0.05538,-0.68641,0.57231,-0.04225,-0.97442,-0.50659,0.44815,-1.27344,0.42875,0.40658,-0.86595,0.0195,0.0977,-0.0586,0.0195,0.1368,-0.0195,0.0195,0.4103,0.0195,0.0977,0.3321,-0.0195,-0.40737,0.00335,-0.68670,0.57604,0.00894,-0.97448,-0.50384,0.47756,-1.27329,0.42791,0.43314,-0.86607,0.037,1.575,0.110,0.256,1.062,-0.110,-0.037,0.403,0.110,-0.110,0.110,0.037,30.00,1.200
3.4200,sine,0.3,-0.9998,nan,-0.40759,-0.05483,-0.68641,0.57231,-0.04156,-0.97442,-0.50659,0.44976,-1.27338,0.42886,0.40826,-0.86607,0.0195,0.0977,-0.0586,0.0195,0.1368,0.0195,-0.0195,0.2930,0.0195,-0.0195,0.3712,-0.0195,-0.40737,0.00462,-0.68670,0.57604,0.01021,-0.97448,-0.50384,0.47883,-1.27329,0.42791,0.43441,-0.86607,0.037,1.575,0.110,0.256,1.136,-0.110,-0.037,0.403,0.110,-0.110,0.183,-0.037,30.00,1.200
3.4250,sine,0.3,-0.9998,nan,-0.40759,-0.05443,-0.68647,0.57221,-0.04076,-0.97442,-0.50647,0.45107,-1.27338,0.42886,0.40965,-0.86607,0.0195,0.0977,0.0195,-0.0977,0.1758,-0.0586,0.0195,0.2930,-0.0195,-0.0977,0.2930,-0.1368,-0.40737,0.00582,-0.68670,0.57604,0.01141,-0.97448,-0.50384,0.48003,-1.27329,0.42791,0.43561,-0.86607,0.110,1.648,0.110,0.256,1.209,-0.110,-0.037,0.476,0.110,-0.110,0.183,-0.037,30.00,1.200
3.4300,sine,0.3,-0.9998,nan,-0.40759,-0.05388,-0.68641,0.57199,-0.03999,-0.97442,-0.50633,0.45294,-1.27344,0.42886,0.41115,-0.86607,0.1368,0.1758,0.0195,0.0195,0.1758,-0.0195,0.1368,0.2540,0.0195,-0.0195,0.2930,0.0977,-0.40737,0.00695,-0.68670,0.57604,0.01254,-0.97448,-0.50384,0.48116,-1.27329,0.42791,0.43674,-0.86607,0.037,1.722,0.037,0.256,1.209,-0.110,-0.037,0.476,0.110,-0.110,0.183,-0.110,30.00,1.200
3.4350,sine,0.2,-0.9998,nan,-0.40748,-0.05366,-0.68641,0.57188,-0.03929,-0.97448,-0.50633,0.45396,-1.27338,0.42894,0.41218,-0.86598,0.0195,0.0195,0.0195,0.0195,0.2540,-0.0195,0.0977,0.3321,0.0195,0.0195,0.2930,-0.0977,-0.40737,0.00800,-0.68670,0.57604,0.01359,-0.97448,-0.50384,0.48221,-1.27329,0.42791,0.43779,-0.86607,0.110,1.722,0.110,0.256,1.209,-0.110,-0.037,0.476,0.110,-0.110,0.183,-0.183,30.00,1.200
3.4400,sine,0.2,-0.9998,nan,-0.40740,-0.05333,-0.68641,0.57180,-0.03885,-0.97442,-0.50647,0.45546,-1.27344,0.42886,0.41430,-0.86601,0.0195,0.0977,0.0195,0.0195,0.0977,-0.0586,-0.1368,0.3321,-0.0195,-0.0977,0.2540,-0.0195,-0.40737,0.00898,-0.68670,0.57604,0.01457,-0.97448,-0.50384,0.48319,-1.27329,0.42791,0.43877,-0.86607,0.037,1.795,0.110,0.256,1.282,-0.110,-0.037,0.476,0.110,-0.037,0.183,-0.110,30.00,1.200
3.4450,sine,0.2,-0.9998,nan,-0.40733,-0.05282,-0.68641,0.57162,-0.03816,-0.97442,-0.50644,0.45762,-1.27338,0.42894,0.41528,-0.86607,-0.0977,0.0977,0.0195,0.0195,0.1758,-0.0195,-0.0195,0.3321,0.0195,-0.0195,0.2540,-0.1368,-0.40737,0.00988,-0.68670,0.57604,0.01548,-0.97448,-0.50384,0.48409,-1.27329,0.42791,0.43967,-0.86607,0.037,1.795,0.110,0.256,1.209,-0.110,-0.037,0.476,0.110,-0.110,0.256,-0.037,30.00,1.200
3.4500,sine,0.2,-0.9998,nan,-0.40733,-0.05256,-0.68638,0.57169,-0.03747,-0.97442,-0.50647,0.45926,-1.27344,0.42890,0.41675,-0.86607,0.0195,0.0195,0.0977,0.0586,0.0977,-0.0195,-0.0195,0.2149,-0.0195,-0.0195,0.2930,-0.0586,-0.40737,0.01071,-0.68670,0.57604,0.01630,-0.97448,-0.50384,0.48492,-1.27329,0.42791,0.44050,-0.86607,0.037,1.868,0.183,0.183,1.209,-0.110,-0.037,0.476,0.110,-0.110,0.183,-0.110,30.00,1.200
3.4550,sine,0.2,-0.9998,nan,-0.40733,-0.05212,-0.68641,0.57147,-0.03710,-0.97442,-0.50647,0.45974,-1.27338,0.42890,0.41854,-0.86601,0.0195,0.0586,0.0586,0.1368,0.1758,-0.0195,-0.0586,0.2540,0.0586,-0.0977,0.1758,0.0195,-0.40737,0.01146,-0.68670,0.57604,0.01705,-0.97448,-0.50384,0.48567,-1.27329,0.42791,0.44125,-0.86607,0.037,1.868,0.110,0.256,1.355,-0.110,0.037,0.476,0.110,-0.110,0.183,-0.037,30.00,1.200
3.4600,sine,0.1,-0.9998,nan,-0.40733,-0.05172,-0.68641,0.57140,-0.03626,-0.97442,-0.50633,0.46146,-1.27338,0.42879,0.41952,-0.86598,0.0195,0.1758,0.0586,0.0195,0.0586,0.0586,-0.0195,0.2930,-0.0586,0.0586,0.2540,-0.0195,-0.40737,0.01213,-0.68670,0.57604,0.01773,-0.97448,-0.50384,0.48634,-1.27329,0.42791,0.44192,-0.86607,0.037,1.868,0.110,0.256,1.355,-0.110,-0.037,0.403,0.110,-0.110,0.183,-0.037,30.00,1.200
3.4650,sine,0.1,-0.9998,nan,-0.40722,-0.05132,-0.68641,0.57129,-0.03564,-0.97442,-0.50647,0.46325,-1.27344,0.42886,0.42113,-0.86601,-0.0977,0.0977,0.0195,-0.0977,0.0586,-0.0195,-0.0195,0.2930,0.0195,-0.1368,0.2540,-0.0977,-0.40737,0.01273,-0.68670,0.57604,0.01832,-0.97448,-0.50384,0.48694,-1.27329,0.42791,0.44252,-0.86607,0.037,1.868,0.110,0.256,1.282,-0.110,-0.037,0.403,0.110,-0.110,0.183,-0.183,30.00,1.200
3.4700,sine,0.1,-0.9998,nan,-0.40722,-0.05095,-0.68641,0.57118,-0.03512,-0.97442,-0.50647,0.46456,-1.27344,0.42886,0.42234,-0.86595,0.0195,0.0977,0.0977,-0.2149,0.0977,-0.0195,-0.0195,0.3712,-0.0195,0.0195,0.1758,-0.1758,-0.40737,0.01325,-0.68670,0.57604,0.01884,-0.97448,-0.50384,0.48745,-1.27329,0.42791,0.44304,-0.86607,0.037,1.868,0.037,0.256,1.355,-0.110,-0.037,0.403,0.110,-0.183,0.183,0.037,30.00,1.200
3.4750,sine,0.1,-0.9998,nan,-0.40729,-0.05062,-0.68641,0.57118,-0.03469,-0.97442,-0.50659,0.46584,-1.27344,0.42879,0.42307,-0.86595,0.0977,0.1758,0.0977,0.0195,0.0977,-0.0195,-0.0195,0.2540,0.0195,-0.1368,0.1758,-0.0195,-0.40737,0.01368,-0.68670,0.57604,0.01928,-0.97448,-0.50384,0.48789,-1.27329,0.42791,0.44347,-0.86607,0.037,1.868,0.037,0.256,1.355,-0.110,-0.037,0.403,0.110,-0.110,0.183,0.037,30.00,1.200
3.4800,sine,0.1,-0.9998,nan,-0.40722,-0.05019,-0.68641,0.57096,-0.03425,-0.97442,-0.50647,0.46690,-1.27344,0.42875,0.42431,-0.86598,0.0195,0.0195,0.0586,0.0195,0.0586,-0.0195,-0.0195,0.2930,0.0195,-0.0195,0.1758,-0.0195,-0.40737,0.01404,-0.68670,0.57604,0.01964,-0.97448,-0.50384,0.48825,-1.27329,0.42791,0.44383,-0.86607,0.183,1.868,0.183,0.256,1.355,-0.110,-0.037,0.403,0.110,-0.110,0.183,0.037,30.00,1.200
3.4850,sine,0.1,-0.9998,nan,-0.40722,-0.04986,-0.68641,0.57089,-0.03381,-0.97442,-0.50647,0.46829,-1.27344,0.42879,0.42519,-0.86598,-0.0977,0.1758,0.0195,-0.0586,0.1368,-0.0195,-0.0586,0.2149,-0.0195,0.0195,0.2540,-0.0195,-0.40737,0.01432,-0.68670,0.57604,0.01991,-0.97448,-0.50384,0.48853,-1.27329,0.42791,0.44411,-0.86607,0.037,1.868,0.183,0.256,1.355,-0.037,-0.037,0.403,0.037,-0.110,0.183,-0.110,30.00,1.200
3.4900,sine,0.1,-0.9998,nan,-0.40722,-0.04956,-0.68641,0.57089,-0.03319,-0.97442,-0.50647,0.46895,-1.27344,0.42864,0.42625,-0.86601,0.0195,0.0195,0.0195,-0.0977,0.0586,0.0586,-0.0195,0.2540,0.0195,-0.0977,0.2540,-0.0195,-0.40737,0.01452,-0.68670,0.57604,0.02011,-0.97448,-0.50384,0.48873,-1.27329,0.42791,0.44431,-0.86607,0.110,1.868,0.110,0.256,1.355,-0.110,-0.037,0.403,0.110,-0.110,0.183,-0.110,30.00,1.200
3.4950,sine,1.0,-0.9998,nan,-0.40729,-0.04924,-0.68641,0.57078,-0.03311,-0.97442,-0.50647,0.47008,-1.27338,0.42864,0.42720,-0.86601,0.0195,0.0977,0.0195,-0.0195,0.0586,0.0195,0.0195,0.0977,0.0586,-0.0195,0.2540,-0.0195,-0.40737,0.01464,-0.68670,0.57604,0.02023,-0.97448,-0.50384,0.48885,-1.27329,0.42791,0.44443,-0.86607,0.037,1.941,0.183,0.256,1.429,-0.110,-0.037,0.476,0.110,-0.110,0.183,-0.110,30.00,1.200
3.5000,sine,1.0,-0.9998,nan,-0.40729,-0.04887,-0.68641,0.57067,-0.03268,-0.97442,-0.50647,0.47118,-1.27344,0.42864,0.42771,-0.86601,0.0195,0.0195,0.0195,0.0195,0.0195,-0.0195,-0.0195,0.2540,0.0586,-0.0195,0.1758,-0.0586,-0.40737,0.01468,-0.68670,0.57604,0.02027,-0.97448,-0.50384,0.48889,-1.27329,0.42791,0.44447,-0.86607,0.110,1.941,0.110,0.330,1.355,-0.110,-0.037,0.403,0.110,-0.110,0.183,-0.037,30.00,1.200
3.5050,sine,1.0,-0.9998,nan,-0.40722,-0.04869,-0.68633,0.57056,-0.03242,-0.97442,-0.50644,0.47195,-1.27338,0.42864,0.42782,-0.86595,0.0195,0.0195,-0.0586,0.0195,-0.0195,-0.0195,-0.0195,0.2149,0.0195,-0.0195,0.0977,0.0586,-0.40737,0.01464,-0.68670,0.57604,0.02023,-0.97448,-0.50384,0.48885,-1.27329,0.42791,0.44443,-0.86607,0.110,1.941,0.037,0.256,1.355,-0.110,-0.037,0.403,0.110,-0.037,0.183,-0.037,30.00,1.200
3.5100,sine,0.9,-0.9998,nan,-0.40722,-0.04839,-0.68641,0.57056,-0.03224,-0.97442,-0.50647,0.47250,-1.27344,0.42857,0.42896,-0.86595,0.0195,0.0195,0.0977,0.0195,-0.0195,-0.0195,-0.0195,0.2540,0.0195,-0.0977,0.1368,0.0586,-0.40737,0.01452,-0.68670,0.57604,0.02011,-0.97448,-0.50384,0.48873,-1.27329,0.42791,0.44431,-0.86607,0.037,1.941,0.110,0.256,1.429,-0.037,-0.037,0.403,0.110,-0.110,0.183,-0.037,30.00,1.200
3.5150,sine,0.9,-0.9998,nan,-0.40722,-0.04825,-0.68641,0.57049,-0.03198,-0.97442,-0.50644,0.47341,-1.27344,0.42857,0.42965,-0.86607,0.0195,0.0977,0.0977,0.0195,-0.0195,-0.0195,-0.0195,0.1758,0.0195,-0.0977,0.0586,-0.0195,-0.40737,0.01432,-0.68670,0.57604,0.01991,-0.97448,-0.50384,0.48853,-1.27329,0.42791,0.44411,-0.86607,0.110,1.941,0.110,0.256,1.355,-0.110,0.037,0.403,0.110,-0.110,0.183,-0.110,30.00,1.200
3.5200,sine,0.9,-0.9998,nan,-0.40722,-0.04810,-0.68641,0.57049,-0.03162,-0.97442,-0.50647,0.47400,-1.27344,0.42846,0.42991,-0.86607,0.0195,0.0195,0.0195,0.0977,0.0586,0.0195,-0.0195,0.0977,0.0586,-0.0195,0.0586,-0.0195,-0.40737,0.01404,-0.68670,0.57604,0.01964,-0.97448,-0.50384,0.48825,-1.27329,0.42791,0.44383,-0.86607,0.110,1.941,0.037,0.256,1.429,-0.110,-0.037,0.403,0.110,-0.037,0.183,-0.110,30.00,1.200
3.5250,sine,0.9,-0.9998,nan,-0.40722,-0.04803,-0.68641,0.57049,-0.03154,-0.97439,-0.50640,0.47429,-1.27344,0.42850,0.43078,-0.86607,0.0195,-0.0195,0.0195,0.0977,-0.0195,-0.0195,-0.0195,0.0977,0.0195,0.0195,0.0586,-0.0195,-0.40737,0.01368,-0.68670,0.57604,0.01928,-0.97448,-0.50384,0.48789,-1.27329,0.42791,0.44347,-0.86607,0.037,1.941,0.037,0.256,1.429,-0.110,0.037,0.403,0.110,-0.110,0.183,-0.110,30.00,1.200
3.5300,sine,0.9,-0.9998,nan,-0.40711,-0.04810,-0.68633,0.57038,-0.03147,-0.97439,-0.50647,0.47469,-1.27344,0.42850,0.43115,-0.86607,0.0195,-0.0195,0.0977,0.0195,0.0977,-0.0195,-0.0195,0.1368,-0.0195,0.0195,0.0977,-0.0195,-0.40737,0.01325,-0.68670,0.57604,0.01884,-0.97448,-0.50384,0.48745,-1.27329,0.42791,0.44304,-0.86607,0.110,1.941,0.110,0.256,1.429,-0.110,-0.037,0.403,0.110,-0.110,0.183,-0.110,30.00,1.200
3.5350,sine,0.8,-0.9998,nan,-0.40711,-0.04799,-0.68633,0.57034,-0.03129,-0.97442,-0.50647,0.47502,-1.27344,0.42839,0.43122,-0.86607,0.0195,0.0195,0.0195,0.0195,-0.0195,-0.0195,-0.0195,0.0977,-0.0195,-0.0586,0.0586,-0.0195,-0.40737,0.01273,-0.68670,0.57604,0.01832,-0.97448,-0.50384,0.48694,-1.27329,0.42791,0.44252,-0.86607,0.037,2.015,0.037,0.256,1.429,-0.110,-0.037,0.476,0.110,-0.110,0.183,-0.110,30.00,1.200
3.5400,sine,0.8,-0.9998,nan,-0.40722,-0.04799,-0.68641,0.57027,-0.03129,-0.97442,-0.50644,0.47513,-1.27344,0.42846,0.43166,-0.86607,0.0195,-0.0586,0.0586,-0.0195,-0.0195,-0.0195,-0.0195,0.0586,0.0586,0.0586,0.0195,-0.0195,-0.40737,0.01213,-0.68670,0.57604,0.01773,-0.97448,-0.50384,0.48634,-1.27329,0.42791,0.44192,-0.86607,0.037,1.941,0.110,0.256,1.355,-0.110,0.037,0.403,0.110,-0.110,0.183,-0.110,30.00,1.200
3.5450,sine,0.8,-0.9998,nan,-0.40722,-0.04799,-0.68633,0.57027,-0.03118,-0.97442,-0.50644,0.47524,-1.27338,0.42846,0.43174,-0.86607,0.0195,0.0195,0.1368,0.0195,-0.0195,-0.0195,0.0195,0.0586,-0.0586,0.0586,-0.0195,-0.0195,-0.40737,0.01146,-0.68670,0.57604,0.01705,-0.97448,-0.50384,0.48567,-1.27329,0.42791,0.44125,-0.86607,0.037,1.941,-0.037,0.330,1.355,-0.110,-0.037,0.403,0.037,-0.110,0.183,-0.110,30.00,1.200
3.5500,sine,0.8,-0.9998,nan,-0.40722,-0.04799,-0.68633,0.57034,-0.03110,-0.97442,-0.50644,0.47513,-1.27344,0.42846,0.43181,-0.86595,0.0195,0.0195,-0.0586,0.0195,-0.0195,-0.0586,0.0195,0.0195,0.0195,-0.0977,-0.0195,-0.0977,-0.40737,0.01071,-0.68670,0.57604,0.01630,-0.97448,-0.50384,0.48492,-1.27329,0.42791,0.44050,-0.86607,0.183,1.868,0.037,0.256,1.429,-0.037,-0.037,0.476,0.110,-0.110,0.256,-0.037,30.00,1.200
3.5550,sine,0.8,-0.9998,nan,-0.40711,-0.04799,-0.68633,0.57027,-0.03118,-0.97442,-0.50644,0.47502,-1.27344,0.42846,0.43174,-0.86601,-0.0195,0.0195,-0.0195,0.0195,-0.0195,-0.0195,-0.1368,0.0195,0.0586,-0.0195,0.0977,-0.0586,-0.40737,0.00988,-0.68670,0.57604,0.01548,-0.97448,-0.50384,0.48409,-1.27329,0.42791,0.43967,-0.86607,0.110,1.868,0.110,0.256,1.429,-0.110,-0.037,0.476,0.110,-0.110,0.256,0.037,30.00,1.200
3.5600,sine,0.7,-0.9998,nan,-0.40722,-0.04803,-0.68633,0.57027,-0.03118,-0.97442,-0.50644,0.47487,-1.27344,0.42850,0.43148,-0.86607,0.1368,0.0195,0.0195,0.0195,-0.0195,-0.0195,0.0586,0.0195,0.0195,0.0195,-0.0586,-0.0195,-0.40737,0.00898,-0.68670,0.57604,0.01457,-0.97448,-0.50384,0.48319,-1.27329,0.42791,0.43877,-0.86607,0.037,1.868,0.183,0.256,1.355,-0.110,-0.037,0.476,0.110,-0.037,0.256,-0.256,30.00,1.200
3.5650,sine,0.7,-0.9998,nan,-0.40722,-0.04810,-0.68633,0.57027,-0.03118,-0.97442,-0.50644,0.47458,-1.27338,0.42846,0.43141,-0.86598,0.0195,-0.0195,0.0977,0.0195,-0.1368,-0.0195,0.0195,0.0195,0.0195,-0.0586,-0.0195,-0.0195,-0.40737,0.00800,-0.68670,0.57604,0.01359,-0.97448,-0.50384,0.48221,-1.27329,0.42791,0.43779,-0.86607,0.037,1.868,0.110,0.256,1.355,-0.110,-0.037,0.403,0.110,-0.037,0.183,0.037,30.00,1.200
3.5700,sine,0.7,-0.9998,nan,-0.40722,-0.04803,-0.68638,0.57027,-0.03129,-0.97442,-0.50644,0.47451,-1.27338,0.42846,0.43130,-0.86595,-0.0977,-0.0586,0.0195,0.0195,-0.1368,-0.0195,-0.0195,0.0586,0.0195,0.0195,-0.0195,0.0195,-0.40737,0.00695,-0.68670,0.57604,0.01254,-0.97448,-0.50384,0.48116,-1.27329,0.42791,0.43674,-0.86607,0.183,1.868,0.037,0.256,1.355,-0.110,-0.037,0.476,0.110,-0.037,0.183,-0.256,30.00,1.200
3.5750,sine,0.7,-0.9998,nan,-0.40711,-0.04810,-0.68638,0.57027,-0.03129,-0.97442,-0.50647,0.47444,-1.27344,0.42846,0.43130,-0.86595,-0.0977,0.0195,0.0195,0.0195,-0.0195,-0.0195,0.0195,-0.0586,0.0195,-0.0586,-0.0195,0.0195,-0.40737,0.00582,-0.68670,0.57604,0.01141,-0.97448,-0.50384,0.48003,-1.27329,0.42791,0.43561,-0.86607,0.037,1.795,0.037,0.256,1.282,-0.110,0.037,0.403,0.110,-0.110,0.183,-0.256,30.00,1.200
3.5800,sine,0.6,-0.9998,nan,-0.40722,-0.04810,-0.68633,0.57016,-0.03129,-0.97442,-0.50644,0.47414,-1.27344,0.42846,0.43086,-0.86595,-0.0195,0.0195,0.0195,0.0195,0.0977,-0.0586,0.0586,-0.1368,0.0195,-0.0195,-0.1368,-0.0586,-0.40737,0.00462,-0.68670,0.57604,0.01021,-0.97448,-0.50384,0.47883,-1.27329,0.42791,0.43441,-0.86607,0.037,1.868,0.037,0.256,1.282,-0.110,-0.037,0.476,0.110,-0.110,0.183,0.037,30.00,1.200
3.5850,sine,0.6,-0.9998,nan,-0.40722,-0.04810,-0.68633,0.57027,-0.03136,-0.97442,-0.50647,0.47374,-1.27344,0.42846,0.43071,-0.86595,-0.0977,-0.0586,0.0195,0.0195,-0.0195,-0.0195,-0.0195,-0.0195,0.0195,-0.0195,-0.0977,-0.0586,-0.40737,0.00335,-0.68670,0.57604,0.00894,-0.97448,-0.50384,0.47756,-1.27329,0.42791,0.43314,-0.86607,0.037,1.795,0.110,0.256,1.209,-0.110,-0.037,0.403,0.110,-0.110,0.183,0.037,30.00,1.200
3.5900,sine,0.6,-0.9998,nan,-0.40722,-0.04825,-0.68633,0.57027,-0.03136,-0.97442,-0.50633,0.47330,-1.27344,0.42846,0.43035,-0.86601,0.0195,0.0195,0.0195,-0.0195,-0.0195,-0.0586,-0.0586,-0.0195,0.0195,-0.0977,-0.0195,-0.0586,-0.40737,0.00201,-0.68670,0.57604,0.00760,-0.97448,-0.50384,0.47622,-1.27329,0.42791,0.43180,-0.86607,0.183,1.722,0.037,0.330,1.209,-0.110,-0.037,0.330,0.110,-0.110,0.183,-0.037,30.00,1.200
3.5950,sine,0.6,-0.9998,nan,-0.40722,-0.04832,-0.68638,0.57027,-0.03143,-0.97442,-0.50647,0.47308,-1.27344,0.42846,0.42976,-0.86607,0.0195,0.0195,0.0977,0.0195,-0.1368,-0.0195,0.0195,-0.0977,0.0586,0.0195,0.0195,-0.0586,-0.40737,0.00060,-0.68670,0.57604,0.00619,-0.97448,-0.50384,0.47480,-1.27329,0.42791,0.43039,-0.86607,0.183,1.648,0.110,0.256,1.136,-0.037,-0.037,0.330,0.110,-0.183,0.110,0.037,30.00,1.200
3.6000,sine,0.6,-0.9998,nan,-0.40711,-0.04847,-0.68638,0.57027,-0.03154,-0.97442,-0.50647,0.47272,-1.27344,0.42850,0.42965,-0.86595,-0.0977,-0.0586,0.0586,0.0195,-0.0195,-0.0195,-0.1368,0.0195,0.0195,-0.0195,-0.1368,-0.1368,-0.40737,-0.00088,-0.68670,0.57604,0.00471,-0.97448,-0.50384,0.47332,-1.27329,0.42791,0.42890,-0.86607,0.037,1.722,0.110,0.256,1.136,-0.110,-0.037,0.330,0.110,-0.110,0.110,0.037,30.00,1.200
3.6050,sine,0.5,-0.9998,nan,-0.40711,-0.04847,-0.68641,0.57027,-0.03154,-0.97442,-0.50640,0.47250,-1.27344,0.42846,0.42947,-0.86598,0.0195,0.0195,0.0195,0.0195,-0.0195,-0.0586,-0.0195,0.0195,0.0586,-0.0586,-0.1368,-0.0586,-0.40737,-0.00243,-0.68670,0.57604,0.00316,-0.97448,-0.50384,0.47177,-1.27329,0.42791,0.42736,-0.86607,0.037,1.648,0.183,0.256,1.062,-0.110,-0.037,0.330,0.183,-0.037,0.110,-0.256,30.00,1.200
3.6100,sine,0.5,-0.9998,nan,-0.40722,-0.04869,-0.68641,0.57016,-0.03173,-0.97442,-0.50647,0.47210,-1.27344,0.42839,0.42877,-0.86595,-0.0195,-0.0586,0.0195,0.1368,-0.1368,0.0195,-0.0195,-0.0977,0.0195,0.0586,-0.2149,0.0195,-0.40737,-0.00405,-0.68670,0.57604,0.00154,-0.97448,-0.50384,0.47016,-1.27329,0.42791,0.42574,-0.86607,0.037,1.575,0.183,0.256,1.062,-0.110,0.037,0.256,0.110,-0.110,0.037,-0.256,30.00,1.200
3.6150,sine,0.5,-0.9998,nan,-0.40722,-0.04869,-0.68633,0.57027,-0.03180,-0.97442,-0.50644,0.47169,-1.27344,0.42839,0.42841,-0.86607,0.0195,-0.0586,-0.0586,0.0195,-0.0195,-0.0586,-0.1758,-0.0586,0.0195,-0.0195,-0.1758,-0.0586,-0.40737,-0.00573,-0.68670,0.57604,-0.00014,-0.97448,-0.50384,0.46848,-1.27329,0.42791,0.42406,-0.86607,0.110,1.575,0.110,0.256,1.062,-0.110,-0.037,0.183,0.110,-0.110,-0.037,-0.183,30.00,1.200
3.6200,sine,0.5,-0.9998,nan,-0.40722,-0.04887,-0.68633,0.57027,-0.03198,-0.97448,-0.50647,0.47147,-1.27347,0.42839,0.42815,-0.86601,0.0195,0.0195,0.0195,-0.0977,-0.1758,0.0195,-0.0195,-0.0586,0.0195,0.0586,-0.1368,-0.0195,-0.40737,-0.00747,-0.68670,0.57604,-0.00188,-0.97448,-0.50384,0.46674,-1.27329,0.42791,0.42232,-0.86607,0.037,1.502,0.183,0.256,0.989,-0.110,-0.037,0.183,0.110,-0.110,-0.037,0.037,30.00,1.200
3.6250,sine,0.5,-0.9998,nan,-0.40722,-0.04902,-0.68627,0.57034,-0.03206,-0.97442,-0.50633,0.47107,-1.27347,0.42835,0.42790,-0.86595,0.1368,-0.0586,0.0195,-0.0586,-0.0195,-0.0195,0.1368,0.0195,0.0195,-0.1368,-0.0977,-0.0586,-0.40737,-0.00928,-0.68670,0.57604,-0.00369,-0.97448,-0.50384,0.46493,-1.27329,0.42791,0.42051,-0.86607,0.037,1.502,0.110,0.256,0.916,-0.110,-0.037,0.110,0.110,-0.110,0.037,-0.110,30.00,1.200
3.6300,sine,0.4,-0.9998,nan,-0.40707,-0.04924,-0.68627,0.57027,-0.03231,-0.97442,-0.50647,0.47063,-1.27344,0.42839,0.42782,-0.86595,-0.0195,0.0195,0.0195,0.0195,-0.0195,-0.0195,-0.0195,-0.1758,0.0586,-0.0195,-0.0977,-0.0586,-0.40737,-0.01114,-0.68670,0.57604,-0.00555,-0.97448,-0.50384,0.46306,-1.27329,0.42791,0.41865,-0.86607,0.037,1.429,0.110,0.256,0.916,-0.037,-0.037,0.110,0.110,-0.110,-0.037,-0.110,30.00,1.200
3.6350,sine,0.4,-0.9998,nan,-0.40711,-0.04956,-0.68633,0.57034,-0.03249,-0.97442,-0.50644,0.47030,-1.27344,0.42839,0.42676,-0.86595,0.0195,-0.0977,0.0586,-0.0586,-0.0977,-0.0195,0.0195,-0.0586,-0.0195,-0.0195,-0.0977,-0.0586,-0.40737,-0.01307,-0.68670,0.57604,-0.00748,-0.97448,-0.50384,0.46114,-1.27329,0.42791,0.41672,-0.86607,0.183,1.355,0.110,0.256,0.916,-0.110,-0.037,0.110,0.183,-0.110,-0.110,-0.110,30.00,1.200
3.6400,sine,0.4,-0.9998,nan,-0.40722,-0.04986,-0.68641,0.57038,-0.03286,-0.97442,-0.50644,0.46917,-1.27344,0.42832,0.42614,-0.86595,-0.0977,-0.0586,0.0195,-0.0195,-0.1368,-0.0195,-0.1368,-0.1758,0.0195,-0.1368,-0.1368,-0.0586,-0.40737,-0.01505,-0.68670,0.57604,-0.00946,-0.97448,-0.50384,0.45916,-1.27329,0.42791,0.41474,-0.86607,0.037,1.355,0.183,0.256,0.842,-0.110,-0.037,0.110,0.110,-0.110,-0.037,-0.110,30.00,1.200
3.6450,sine,0.4,-0.9998,nan,-0.40722,-0.05000,-0.68633,0.57034,-0.03311,-0.97442,-0.50633,0.46873,-1.27344,0.42839,0.42545,-0.86595,-0.0977,0.0195,-0.0586,0.0586,-0.0977,-0.0195,-0.0195,-0.0977,0.0195,-0.0586,-0.1368,-0.0586,-0.40737,-0.01709,-0.68670,0.57604,-0.01150,-0.97448,-0.50384,0.45712,-1.27329,0.42791,0.41270,-0.86607,0.037,1.355,0.037,0.256,0.769,-0.110,-0.037,0.110,0.183,-0.110,-0.037,-0.110,30.00,1.200
3.6500,sine,0.4,-0.9998,nan,-0.40711,-0.05000,-0.68638,0.57034,-0.03344,-0.97442,-0.50633,0.46767,-1.27344,0.42839,0.42457,-0.86601,0.1368,0.0195,-0.0586,0.0195,-0.0195,-0.0195,0.0977,-0.1758,0.0195,-0.0586,-0.0977,-0.0586,-0.40737,-0.01919,-0.68670,0.57604,-0.01359,-0.97448,-0.50384,0.45502,-1.27329,0.42791,0.41060,-0.86607,0.037,1.355,0.110,0.256,0.769,-0.110,-0.037,0.037,0.183,-0.037,-0.110,-0.110,30.00,1.200
3.6550,sine,0.3,-0.9998,nan,-0.40711,-0.05070,-0.68633,0.57034,-0.03381,-0.97442,-0.50633,0.46701,-1.27344,0.42832,0.42376,-0.86601,0.1368,0.0195,0.0195,0.0586,-0.0195,-0.0195,-0.1368,-0.2149,0.0195,-0.1368,-0.2930,-0.0586,-0.40737,-0.02133,-0.68670,0.57604,-0.01574,-0.97448,-0.50384,0.45287,-1.27329,0.42791,0.40846,-0.86607,0.037,1.282,0.110,0.256,0.769,-0.110,-0.037,0.110,0.183,-0.110,-0.110,-0.110,30.00,1.200
3.6600,sine,0.3,-0.9998,nan,-0.40711,-0.05088,-0.68641,0.57038,-0.03443,-0.97442,-0.50633,0.46614,-1.27344,0.42832,0.42333,-0.86607,0.0195,-0.0586,-0.0195,-0.0195,-0.0977,-0.0977,-0.0195,-0.2149,0.0586,-0.0586,-0.2149,-0.0195,-0.40737,-0.02353,-0.68670,0.57604,-0.01794,-0.97448,-0.50384,0.45068,-1.27329,0.42791,0.40626,-0.86607,0.037,1.136,0.110,0.256,0.696,-0.110,-0.037,0.110,0.183,-0.110,-0.110,-0.110,30.00,1.200
3.6650,sine,0.3,-0.9998,nan,-0.40722,-0.05154,-0.68633,0.57038,-0.03487,-0.97442,-0.50633,0.46486,-1.27338,0.42835,0.42205,-0.86607,-0.0977,-0.0586,0.0586,0.1368,-0.1368,-0.0195,-0.0195,-0.2930,-0.0195,-0.0195,-0.2540,-0.0195,-0.40737,-0.02578,-0.68670,0.57604,-0.02019,-0.97448,-0.50384,0.44843,-1.27329,0.42791,0.40401,-0.86607,0.037,1.136,0.110,0.256,0.623,-0.110,-0.037,0.037,0.110,-0.110,-0.110,-0.110,30.00,1.200
3.6700,sine,0.3,-0.9998,nan,-0.40711,-0.05194,-0.68633,0.57049,-0.03538,-0.97439,-0.50633,0.46402,-1.27344,0.42839,0.42124,-0.86607,0.0195,-0.0586,0.0586,-0.0195,-0.1368,-0.0195,-0.0195,-0.2149,0.0195,-0.0195,-0.2930,-0.0195,-0.40737,-0.02807,-0.68670,0.57604,-0.02248,-0.97448,-0.50384,0.44613,-1.27329,0.42791,0.40172,-0.86607,0.110,1.136,0.110,0.256,0.696,-0.110,-0.037,0.037,0.110,-0.110,-0.256,-0.110,30.00,1.200
3.6750,sine,0.3,-0.9998,nan,-0.40711,-0.05249,-0.68641,0.57045,-0.03571,-0.97442,-0.50633,0.46296,-1.27344,0.42839,0.42066,-0.86598,0.1368,-0.0586,0.0195,0.1368,-0.0977,0.0586,-0.0195,-0.3321,0.0586,-0.0195,-0.1758,-0.0586,-0.40737,-0.03042,-0.68670,0.57604,-0.02482,-0.97448,-0.50384,0.44379,-1.27329,0.42791,0.39937,-0.86607,0.037,1.062,0.037,0.256,0.549,-0.110,-0.037,0.037,0.110,-0.110,-0.256,-0.110,30.00,1.200
3.6800,sine,0.3,-0.9998,nan,-0.40722,-0.05271,-0.68633,0.57049,-0.03615,-0.97442,-0.50633,0.46168,-1.27344,0.42839,0.41916,-0.86598,0.1368,-0.1368,0.0977,-0.0586,-0.0977,-0.0195,0.0195,-0.2930,0.0586,-0.0195,-0.2149,-0.0586,-0.40737,-0.03280,-0.68670,0.57604,-0.02721,-0.97448,-0.50384,0.44141,-1.27329,0.42791,0.39699,-0.86607,0.037,1.062,0.110,0.256,0.549,-0.110,-0.037,-0.037,0.110,-0.110,-0.183,-0.110,30.00,1.200
3.6850,sine,0.2,-0.9998,nan,-0.40722,-0.05344,-0.68633,0.57056,-0.03666,-0.97442,-0.50629,0.46116,-1.27344,0.42846,0.41872,-0.86598,-0.0977,-0.1368,0.0977,0.0586,-0.2149,-0.0195,0.0977,-0.2540,0.0195,-0.0195,-0.2149,-0.0586,-0.40737,-0.03523,-0.68670,0.57604,-0.02963,-0.97448,-0.50384,0.43898,-1.27329,0.42791,0.39456,-0.86607,0.037,0.989,0.110,0.256,0.403,-0.110,-0.037,0.110,0.110,-0.110,-0.330,-0.110,30.00,1.200
3.6900,sine,0.2,-0.9998,nan,-0.40722,-0.05366,-0.68641,0.57067,-0.03721,-0.97442,-0.50633,0.45908,-1.27344,0.42857,0.41671,-0.86598,0.0195,-0.1368,0.0195,0.0195,-0.0977,-0.0586,-0.0195,-0.2149,-0.0977,-0.0977,-0.2930,-0.0586,-0.40737,-0.03769,-0.68670,0.57604,-0.03210,-0.97448,-0.50384,0.43651,-1.27329,0.42791,0.39210,-0.86607,0.110,0.989,0.037,0.256,0.403,-0.110,-0.037,0.037,0.110,-0.110,-0.330,-0.110,30.00,1.200
3.6950,sine,0.2,-0.9998,nan,-0.40722,-0.05450,-0.68638,0.57074,-0.03816,-0.97439,-0.50640,0.45681,-1.27344,0.42857,0.41536,-0.86598,-0.0586,-0.0586,-0.0195,0.0195,-0.2930,0.0195,-0.0195,-0.2540,-0.0977,-0.0977,-0.2930,-0.0586,-0.40737,-0.04020,-0.68670,0.57604,-0.03461,-0.97448,-0.50384,0.43401,-1.27329,0.42791,0.38959,-0.86607,0.183,0.916,0.037,0.256,0.403,-0.110,-0.037,0.037,0.110,-0.110,-0.256,-0.110,30.00,1.200
3.7000,sine,0.2,-0.9998,nan,-0.40722,-0.05498,-0.68638,0.57085,-0.03867,-0.97442,-0.50633,0.45579,-1.27338,0.42875,0.41510,-0.86598,-0.0977,-0.2149,0.0586,0.0195,-0.2149,0.0195,-0.0195,-0.3712,0.0195,0.0977,-0.2930,-0.0586,-0.40737,-0.04274,-0.68670,0.57604,-0.03715,-0.97448,-0.50384,0.43147,-1.27329,0.42791,0.38705,-0.86607,0.037,0.769,0.110,0.183,0.403,-0.110,-0.037,0.037,0.110,-0.110,-0.256,-0.110,30.00,1.200
3.7050,sine,0.1,-0.9998,nan,-0.40722,-0.05498,-0.68641,0.57089,-0.03893,-0.97434,-0.50633,0.45440,-1.27344,0.42886,0.41273,-0.86598,0.0195,-0.2149,0.0195,0.0977,-0.1758,-0.0195,-0.0195,-0.3712,0.0586,0.0586,-0.4884,-0.0586,-0.40737,-0.04531,-0.68670,0.57604,-0.03972,-0.97448,-0.50384,0.42889,-1.27329,0.42791,0.38448,-0.86607,0.110,0.769,0.037,0.256,0.256,-0.110,-0.037,0.037,0.110,-0.183,-0.256,-0.110,30.00,1.200
3.7100,sine,0.1,-0.9998,nan,-0.40711,-0.05585,-0.68641,0.57096,-0.03988,-0.97442,-0.50644,0.45148,-1.27344,0.42905,0.41053,-0.86598,0.0195,-0.1758,0.0195,0.0195,-0.1758,-0.0195,-0.0195,-0.2540,0.0586,-0.0586,-0.3712,-0.0586,-0.40737,-0.04792,-0.68670,0.57604,-0.04233,-0.97448,-0.50384,0.42629,-1.27329,0.42791,0.38187,-0.86607,0.037,0.769,0.110,0.256,0.256,-0.110,0.037,0.110,0.110,-0.183,-0.183,-0.110,30.00,1.200
3.7150,sine,0.1,-0.9998,nan,-0.40722,-0.05695,-0.68641,0.57107,-0.04068,-0.97448,-0.50644,0.44947,-1.27332,0.42912,0.40746,-0.86598,-0.0195,-0.0586,-0.0195,0.0977,-0.2149,-0.0586,-0.0195,-0.4103,0.0195,0.0586,-0.5665,-0.0586,-0.40737,-0.05056,-0.68670,0.57604,-0.04497,-0.97448,-0.50384,0.42365,-1.27329,0.42791,0.37923,-0.86607,0.110,0.696,0.037,0.183,0.183,-0.110,-0.037,0.037,0.183,-0.183,-0.183,-0.110,30.00,1.200
3.7200,sine,0.1,-0.9998,nan,-0.40722,-0.05786,-0.68641,0.57140,-0.04163,-0.97442,-0.50647,0.44720,-1.27338,0.42930,0.40494,-0.86595,0.1368,-0.2149,0.0586,0.0586,-0.2149,-0.0195,-0.1758,-0.5275,0.0977,-0.0195,-0.4884,-0.0195,-0.40737,-0.05322,-0.68670,0.57604,-0.04763,-0.97448,-0.50384,0.42098,-1.27329,0.42791,0.37657,-0.86607,0.037,0.696,0.110,0.183,0.110,-0.110,-0.037,0.037,0.110,-0.183,-0.110,-0.037,30.00,1.200
3.7250,sine,0.1,-0.9998,nan,-0.40722,-0.05863,-0.68647,0.57147,-0.04225,-0.97442,-0.50633,0.44409,-1.27344,0.42941,0.40146,-0.86601,0.0195,-0.2149,0.0195,0.0977,-0.1368,-0.0195,-0.1368,-0.4493,-0.0195,-0.0195,-0.5665,0.0195,-0.40737,-0.05591,-0.68670,0.57604,-0.05032,-0.97448,-0.50384,0.41829,-1.27329,0.42791,0.37388,-0.86607,0.110,0.623,0.110,0.183,0.037,-0.037,-0.037,0.110,0.110,-0.110,-0.110,-0.183,30.00,1.200
3.7300,sine,0.0,-0.9998,nan,-0.40711,-0.05943,-0.68638,0.57162,-0.04302,-0.97442,-0.50633,0.44409,-1.27338,0.42952,0.39942,-0.86607,-0.0977,-0.1758,-0.0195,0.0195,-0.0977,-0.0195,-0.1758,-0.4493,-0.0586,-0.0195,-0.5665,-0.0195,-0.40737,-0.05863,-0.68670,0.57604,-0.05304,-0.97448,-0.50384,0.41558,-1.27329,0.42791,0.37116,-0.86607,0.037,0.549,0.037,0.183,0.037,-0.110,-0.037,0.110,0.110,-0.183,-0.110,-0.110,30.00,1.200
3.7350,sine,0.0,-0.9998,nan,-0.40715,-0.06013,-0.68641,0.57169,-0.04372,-0.97442,-0.50644,0.43897,-1.27338,0.42967,0.39777,-0.86598,0.1368,-0.2149,0.0195,0.0977,-0.2149,-0.0195,-0.0195,-0.3321,0.0195,0.0586,-0.6447,-0.0977,-0.40737,-0.06136,-0.68670,0.57604,-0.05577,-0.97448,-0.50384,0.41285,-1.27329,0.42791,0.36843,-0.86607,0.037,0.549,0.037,0.183,-0.037,-0.110,-0.037,0.110,0.110,-0.183,-0.110,-0.110,30.00,1.200
3.7400,sine,1.0,-0.9998,nan,-0.40711,-0.06115,-0.68641,0.57188,-0.04452,-0.97442,-0.50647,0.43755,-1.27338,0.42978,0.39726,-0.86607,0.1368,-0.0977,0.0195,0.1368,-0.2149,-0.0195,-0.0195,-0.4493,0.0586,-0.0195,-0.4103,-0.0977,-0.40737,-0.06412,-0.68670,0.57604,-0.05852,-0.97448,-0.50384,0.41009,-1.27329,0.42791,0.36567,-0.86607,0.183,0.476,0.183,0.183,-0.037,-0.037,-0.037,0.037,0.110,-0.110,-0.037,-0.256,30.00,1.200
3.7450,sine,1.0,-0.9998,nan,-0.40722,-0.06254,-0.68641,0.57217,-0.04584,-0.97448,-0.50647,0.43539,-1.27338,0.42978,0.39200,-0.86607,0.0586,-0.2540,0.0195,0.0977,-0.2149,-0.0195,-0.1368,-0.4884,0.0195,-0.0195,-0.5275,-0.0195,-0.40737,-0.06689,-0.68670,0.57604,-0.06130,-0.97448,-0.50384,0.40732,-1.27329,0.42791,0.36290,-0.86607,0.183,0.476,0.183,0.183,-0.183,-0.110,-0.037,0.110,0.110,-0.110,-0.183,-0.037,30.00,1.200
3.7500,sine,1.0,-0.9998,nan,-0.40722,-0.06357,-0.68641,0.57253,-0.04617,-0.97448,-0.50644,0.43152,-1.27338,0.42989,0.39002,-0.86607,0.0195,-0.1758,0.0195,0.0977,-0.0977,-0.0195,-0.0195,-0.5665,0.0586,-0.0195,-0.3712,-0.0195,-0.40737,-0.06967,-0.68670,0.57604,-0.06408,-0.97448,-0.50384,0.40453,-1.27329,0.42791,0.36012,-0.86607,0.110,0.403,0.110,0.110,-0.110,-0.110,0.037,0.183,0.110,-0.110,-0.183,-0.037,30.00,1.200
3.7550,sine,0.9,-0.9998,nan,-0.40711,-0.06474,-0.68641,0.57275,-0.04766,-0.97442,-0.50644,0.42885,-1.27338,0.42989,0.38717,-0.86601,-0.0977,-0.2540,0.0586,0.1368,-0.2930,-0.0195,-0.0586,-0.3712,0.0195,-0.0195,-0.5665,-0.0195,-0.40737,-0.07247,-0.68670,0.57604,-0.06688,-0.97448,-0.50384,0.40174,-1.27329,0.42791,0.35732,-0.86607,0.037,0.403,0.110,0.110,-0.183,-0.110,-0.037,0.110,0.110,-0.183,-0.183,0.037,30.00,1.200
3.7600,sine,0.9,-0.9998,nan,-0.40711,-0.06587,-0.68641,0.57305,-0.04880,-0.97442,-0.50647,0.42552,-1.27338,0.42989,0.38458,-0.86612,-0.0977,-0.2540,0.0586,0.0977,-0.2930,-0.0195,-0.0586,-0.6447,0.0586,-0.0195,-0.5665,-0.0195,-0.40737,-0.07528,-0.68670,0.57604,-0.06969,-0.97448,-0.50384,0.39893,-1.27329,0.42791,0.35451,-0.86607,0.183,0.403,0.110,0.110,-0.183,-0.110,-0.037,0.183,0.110,-0.183,-0.183,-0.256,30.00,1.200
3.7650,sine,0.9,-0.9998,nan,-0.40722,-0.06715,-0.68647,0.57345,-0.04993,-0.97442,-0.50647,0.42216,-1.27338,0.42989,0.38355,-0.86607,0.0195,-0.2540,0.0586,0.1368,-0.3712,-0.0586,-0.0195,-0.5665,0.0586,-0.0195,-0.4884,0.0195,-0.40737,-0.07810,-0.68670,0.57604,-0.07251,-0.97448,-0.50384,0.39611,-1.27329,0.42791,0.35169,-0.86607,0.037,0.256,0.110,0.110,-0.183,-0.110,-0.037,0.110,0.183,-0.110,-0.183,-0.256,30.00,1.200
3.7700,sine,0.9,-0.9998,nan,-0.40722,-0.06799,-0.68641,0.57367,-0.05180,-0.97442,-0.50633,0.42069,-1.27338,0.42985,0.37939,-0.86607,0.0977,-0.2540,0.0195,0.1368,-0.3321,-0.0195,0.0195,-0.5665,0.0977,-0.0195,-0.4884,-0.0195,-0.40737,-0.08092,-0.68670,0.57604,-0.07533,-0.97448,-0.50384,0.39329,-1.27329,0.42791,0.34887,-0.86607,0.037,0.330,0.037,0.110,-0.183,-0.110,0.037,0.110,0.110,-0.110,-0.110,-0.110,30.00,1.200
3.7750,sine,0.9,-0.9998,nan,-0.40722,-0.07000,-0.68638,0.57396,-0.05362,-0.97448,-0.50644,0.41722,-1.27338,0.42985,0.37664,-0.86607,0.0195,-0.3321,0.0586,0.0195,-0.3712,-0.0586,0.0977,-0.6838,0.0195,0.0586,-0.6447,-0.0977,-0.40737,-0.08375,-0.68670,0.57604,-0.07815,-0.97448,-0.50384,0.39046,-1.27329,0.42791,0.34604,-0.86607,0.037,0.183,0.037,0.110,-0.183,-0.110,-0.037,0.183,0.110,-0.110,-0.110,0.037,30.00,1.200
3.7800,sine,0.9,-0.9998,nan,-0.40711,-0.07070,-0.68641,0.57414,-0.05585,-0.97442,-0.50644,0.41433,-1.27338,0.42967,0.37617,-0.86607,0.0195,-0.2149,-0.0195,0.1368,-0.3712,-0.0586,-0.0586,-0.7228,0.0586,-0.0195,-0.6447,-0.0586,-0.40737,-0.08657,-0.68670,0.57604,-0.08098,-0.97448,-0.50384,0.38763,-1.27329,0.42791,0.34322,-0.86607,0.037,0.183,0.110,0.110,-0.110,-0.110,-0.037,0.183,0.110,-0.183,-0.110,-0.110,30.00,1.200
3.7850,sine,0.8,-0.9998,nan,-0.40711,-0.07165,-0.68641,0.57425,-0.05808,-0.97448,-0.50647,0.41236,-1.27332,0.42970,0.37145,-0.86607,0.1368,-0.0586,-0.0195,0.0195,-0.4884,-0.0586,0.0195,-0.4884,0.1368,-0.0586,-0.4884,-0.0195,-0.40737,-0.08940,-0.68670,0.57604,-0.08381,-0.97448,-0.50384,0.38481,-1.27329,0.42791,0.34039,-0.86607,0.110,0.110,0.183,0.110,-0.110,-0.110,-0.037,0.183,0.037,-0.110,-0.256,-0.183,30.00,1.200
3.7900,sine,0.8,-0.9998,nan,-0.40718,-0.07366,-0.68638,0.57436,-0.05988,-0.97451,-0.50633,0.41017,-1.27327,0.42952,0.36915,-0.86607,-0.0977,-0.2149,0.0195,-0.0977,-0.4493,-0.0586,-0.1758,-0.4884,-0.0586,-0.0977,-0.4884,-0.0195,-0.40737,-0.09222,-0.68670,0.57604,-0.08663,-0.97448,-0.50384,0.38198,-1.27329,0.42791,0.33757,-0.86607,0.183,0.110,0.037,0.110,-0.110,-0.110,-0.037,0.110,0.110,-0.110,-0.256,0.037,30.00,1.200
3.7950,sine,0.8,-0.9998,nan,-0.40722,-0.07501,-0.68638,0.57436,-0.06265,-0.97442,-0.50633,0.40618,-1.27338,0.42952,0.36696,-0.86607,-0.0977,-0.2930,0.0586,-0.0195,-0.5665,-0.0195,-0.0195,-0.3712,0.0195,0.0977,-0.3712,-0.0195,-0.40737,-0.09504,-0.68670,0.57604,-0.08945,-0.97448,-0.50384,0.37917,-1.27329,0.42791,0.33475,-0.86607,0.037,0.110,0.183,0.110,-0.110,-0.110,0.037,0.183,0.110,-0.110,-0.256,-0.110,30.00,1.200
3.8000,sine,0.8,-0.9998,nan,-0.40711,-0.07633,-0.68647,0.57436,-0.06518,-0.97448,-0.50644,0.40450,-1.27338,0.42941,0.36469,-0.86607,0.0195,-0.2149,-0.0586,0.0195,-0.5665,-0.0195,-0.1368,-0.4493,0.0586,-0.1368,-0.5275,-0.0195,-0.40737,-0.09785,-0.68670,0.57604,-0.09226,-0.97448,-0.50384,0.37636,-1.27329,0.42791,0.33194,-0.86607,0.037,0.037,0.110,0.183,-0.037,-0.110,-0.037,0.256,0.110,-0.110,-0.256,0.037,30.00,1.200
3.8050,sine,0.7,-0.9998,nan,-0.40722,-0.07771,-0.68647,0.57447,-0.06664,-0.97448,-0.50644,0.40095,-1.27327,0.42923,0.36260,-0.86607,0.0195,-0.2149,-0.0195,0.0195,-0.5275,0.0195,-0.0195,-0.4884,-0.0586,-0.0586,-0.5275,0.0195,-0.40737,-0.10065,-0.68670,0.57604,-0.09506,-0.97448,-0.50384,0.37356,-1.27329,0.42791,0.32914,-0.86607,0.037,0.037,0.037,0.183,-0.110,-0.110,-0.037,0.183,0.110,-0.110,-0.256,-0.110,30.00,1.200
3.8100,sine,0.7,-0.9998,nan,-0.40722,-0.07929,-0.68647,0.57447,-0.06978,-0.97442,-0.50644,0.39799,-1.27329,0.42919,0.35902,-0.86607,-0.0977,-0.3321,0.0195,0.1758,-0.3712,0.0195,0.0977,-0.6056,-0.0195,-0.0195,-0.6447,-0.0586,-0.40737,-0.10344,-0.68670,0.57604,-0.09785,-0.97448,-0.50384,0.37077,-1.27329,0.42791,0.32635,-0.86607,0.110,-0.037,0.110,0.110,-0.256,-0.110,-0.037,0.256,0.110,-0.110,-0.110,0.037,30.00,1.200
3.8150,sine,0.7,-0.9998,nan,-0.40722,-0.08078,-0.68647,0.57436,-0.07106,-0.97451,-0.50644,0.39799,-1.27327,0.42916,0.35577,-0.86607,0.1368,-0.2540,0.0195,-0.0977,-0.2930,0.0195,-0.0195,-0.6056,0.0195,-0.0586,-0.7619,-0.0195,-0.40737,-0.10621,-0.68670,0.57604,-0.10062,-0.97448,-0.50384,0.36800,-1.27329,0.42791,0.32358,-0.86607,0.037,-0.037,0.183,0.183,-0.403,-0.110,0.037,0.256,0.110,-0.110,-0.037,-0.037,30.00,1.200
3.8200,sine,0.7,-0.9998,nan,-0.40711,-0.08188,-0.68647,0.57440,-0.07190,-0.97448,-0.50644,0.39200,-1.27327,0.42919,0.35372,-0.86607,0.1368,-0.2540,0.0195,0.1368,-0.2540,-0.0195,0.0977,-0.6447,-0.0195,-0.0195,-0.7228,-0.0977,-0.40737,-0.10897,-0.68670,0.57604,-0.10338,-0.97448,-0.50384,0.36524,-1.27329,0.42791,0.32082,-0.86607,0.037,-0.183,0.110,0.183,-0.476,-0.110,-0.037,0.183,0.110,-0.110,-0.037,-0.256,30.00,1.200
3.8250,sine,0.7,-0.9998,nan,-0.40722,-0.08400,-0.68647,0.57440,-0.07322,-0.97448,-0.50644,0.38893,-1.27327,0.42916,0.34919,-0.86607,0.0195,-0.2930,-0.0586,-0.0586,-0.2149,-0.0586,-0.0586,-0.5665,-0.0195,0.0586,-0.6838,-0.0195,-0.40737,-0.11171,-0.68670,0.57604,-0.10611,-0.97448,-0.50384,0.36250,-1.27329,0.42791,0.31808,-0.86607,0.183,-0.037,0.110,0.110,-0.476,-0.110,-0.037,0.256,0.110,-0.110,-0.037,0.037,30.00,1.200
3.8300,sine,0.6,-0.9998,nan,-0.40722,-0.08594,-0.68647,0.57436,-0.07483,-0.97448,-0.50633,0.38545,-1.27327,0.42916,0.34630,-0.86607,0.0195,-0.2540,0.0977,-0.0195,-0.2930,-0.0195,-0.0195,-0.4884,0.0195,0.0195,-0.6056,0.0586,-0.40737,-0.11442,-0.68670,0.57604,-0.10883,-0.97448,-0.50384,0.35979,-1.27329,0.42791,0.31537,-0.86607,0.183,-0.110,0.110,0.110,-0.549,-0.110,-0.037,0.183,0.110,-0.110,-0.037,-0.183,30.00,1.200
3.8350,sine,0.6,-0.9998,nan,-0.40722,-0.08802,-0.68647,0.57436,-0.07625,-0.97448,-0.50633,0.38194,-1.27327,0.42912,0.34568,-0.86607,-0.0977,-0.3321,0.0195,0.0195,-0.2930,-0.0586,-0.0195,-0.6447,0.0586,-0.0586,-0.5665,-0.1368,-0.40737,-0.11711,-0.68670,0.57604,-0.11152,-0.97448,-0.50384,0.35709,-1.27329,0.42791,0.31268,-0.86607,0.037,-0.037,0.110,0.110,-0.549,-0.110,-0.037,0.256,0.110,-0.110,-0.110,0.037,30.00,1.200
3.8400,sine,0.6,-0.9998,nan,-0.40711,-0.08930,-0.68647,0.57447,-0.07779,-0.97457,-0.50633,0.38074,-1.27327,0.42912,0.34107,-0.86607,0.0195,-0.4103,0.0586,0.0195,-0.2149,-0.0977,-0.0977,-0.6447,0.0195,-0.0195,-0.4884,-0.0195,-0.40737,-0.11978,-0.68670,0.57604,-0.11419,-0.97448,-0.50384,0.35443,-1.27329,0.42791,0.31001,-0.86607,0.037,-0.110,0.037,0.110,-0.623,-0.110,-0.037,0.256,0.110,-0.110,-0.183,0.037,30.00,1.200
3.8450,sine,0.6,-0.9998,nan,-0.40722,-0.09278,-0.68647,0.57447,-0.07889,-0.97448,-0.50633,0.37745,-1.27327,0.42905,0.33844,-0.86607,-0.0977,-0.4103,0.0195,0.0977,-0.3712,-0.0195,0.0977,-0.5275,0.0195,-0.0195,-0.6447,-0.0195,-0.40737,-0.12242,-0.68670,0.57604,-0.11683,-0.97448,-0.50384,0.35179,-1.27329,0.42791,0.30737,-0.86607,0.110,-0.037,0.110,0.183,-0.623,-0.110,-0.037,0.256,0.037,-0.110,-0.256,-0.110,30.00,1.200
3.8500,sine,0.6,-0.9998,nan,-0.40711,-0.09464,-0.68647,0.57436,-0.08049,-0.97448,-0.50633,0.37405,-1.27327,0.42908,0.33844,-0.86607,0.0195,-0.4884,0.0195,0.0195,-0.4103,-0.0195,0.0977,-0.5275,0.0195,0.0195,-0.6447,-0.0195,-0.40737,-0.12503,-0.68670,0.57604,-0.11944,-0.97448,-0.50384,0.34918,-1.27329,0.42791,0.30476,-0.86607,0.037,-0.037,0.110,0.110,-0.623,-0.110,-0.037,0.256,0.110,-0.110,-0.256,-0.183,30.00,1.200
3.8550,sine,0.5,-0.9998,nan,-0.40711,-0.09705,-0.68647,0.57436,-0.08283,-0.97451,-0.50633,0.37288,-1.27327,0.42908,0.33248,-0.86607,0.0195,-0.3321,0.0195,-0.0977,-0.4103,-0.0195,-0.0586,-0.4493,-0.0586,0.0586,-0.6056,0.0586,-0.40737,-0.12761,-0.68670,0.57604,-0.12202,-0.97448,-0.50384,0.34660,-1.27329,0.42791,0.30218,-0.86607,0.110,-0.183,0.037,0.110,-0.696,-0.110,-0.037,0.110,0.110,-0.110,-0.037,-0.110,30.00,1.200
3.8600,sine,0.5,-0.9998,nan,-0.40722,-0.09778,-0.68647,0.57451,-0.08389,-0.97448,-0.50644,0.37003,-1.27327,0.42905,0.33011,-0.86607,0.0195,-0.1758,0.0195,0.0586,-0.2930,-0.0195,-0.0195,-0.4103,0.0195,-0.0195,-0.6838,-0.0977,-0.40737,-0.13016,-0.68670,0.57604,-0.12456,-0.97448,-0.50384,0.34405,-1.27329,0.42791,0.29963,-0.86607,0.183,-0.330,0.037,0.110,-0.623,-0.110,-0.037,0.110,0.110,-0.110,-0.110,-0.037,30.00,1.200
3.8650,sine,0.5,-0.9998,nan,-0.40733,-0.09870,-0.68647,0.57520,-0.08605,-0.97448,-0.50633,0.36641,-1.27318,0.42894,0.32656,-0.86607,0.0195,-0.2149,0.0195,0.2540,-0.3321,0.0977,-0.0195,-0.4493,0.0195,-0.0977,-0.4884,0.0586,-0.40737,-0.13267,-0.68670,0.57604,-0.12707,-0.97448,-0.50384,0.34154,-1.27329,0.42791,0.29712,-0.86607,0.183,-0.403,0.110,-0.037,-0.549,-0.037,-0.037,0.256,0.110,-0.110,0.037,-0.110,30.00,1.200
3.8700,sine,0.5,-0.9998,nan,-0.40799,-0.09936,-0.68647,0.57634,-0.08788,-0.97451,-0.50633,0.36392,-1.27318,0.42894,0.32433,-0.86607,-0.2540,-0.0586,-0.0586,0.2540,-0.4103,0.0586,-0.0195,-0.4103,0.0195,-0.1368,-0.3712,-0.0195,-0.40737,-0.13514,-0.68670,0.57604,-0.12954,-0.97448,-0.50384,0.33907,-1.27329,0.42791,0.29465,-0.86607,0.256,-0.476,0.037,-0.110,-0.549,-0.110,-0.037,0.256,0.110,-0.110,-0.110,0.037,30.00,1.200
3.8750,sine,0.4,-0.9998,nan,-0.40901,-0.10045,-0.68638,0.57685,-0.08916,-0.97451,-0.50633,0.36151,-1.27327,0.42890,0.32309,-0.86607,-0.2540,-0.2149,0.0195,0.0977,-0.4103,-0.0586,-0.1368,-0.4884,0.0195,-0.0977,-0.4103,-0.0586,-0.40737,-0.13757,-0.68670,0.57604,-0.13198,-0.97448,-0.50384,0.33664,-1.27329,0.42791,0.29222,-0.86607,0.330,-0.549,0.183,-0.110,-0.696,-0.110,-0.037,0.110,0.110,-0.110,-0.256,-0.256,30.00,1.200
3.8800,sine,0.4,-0.9998,nan,-0.40967,-0.10144,-0.68647,0.57747,-0.09259,-0.97451,-0.50633,0.35957,-1.27327,0.42879,0.32005,-0.86607,-0.1758,-0.2149,0.0977,0.1368,-0.4493,0.0586,-0.0195,-0.4493,-0.0586,-0.0195,-0.4493,-0.0195,-0.40737,-0.13996,-0.68670,0.57604,-0.13437,-0.97448,-0.50384,0.33425,-1.27329,0.42791,0.28983,-0.86607,0.330,-0.623,0.110,-0.037,-0.549,-0.110,-0.037,0.183,0.110,-0.110,-0.256,-0.183,30.00,1.200
3.8850,sine,0.4,-0.9998,nan,-0.41099,-0.10305,-0.68647,0.57802,-0.09486,-0.97451,-0.50644,0.35723,-1.27321,0.42864,0.31775,-0.86607,-0.2540,-0.2149,0.0586,0.1368,-0.4103,-0.0195,-0.0195,-0.2540,0.0586,0.0195,-0.4884,-0.0586,-0.40737,-0.14230,-0.68670,0.57604,-0.13671,-0.97448,-0.50384,0.33190,-1.27329,0.42791,0.28749,-0.86607,0.476,-0.623,0.110,-0.037,-0.623,-0.110,-0.037,0.037,0.037,-0.037,-0.256,-0.256,30.00,1.200
3.8900,sine,0.4,-0.9998,nan,-0.41190,-0.10400,-0.68647,0.57853,-0.09724,-0.97451,-0.50633,0.35515,-1.27344,0.42839,0.31680,-0.86601,-0.1758,-0.2540,0.0195,0.0977,-0.5275,-0.0586,0.0195,-0.2540,-0.0195,-0.0195,-0.5275,-0.0977,-0.40737,-0.14460,-0.68670,0.57604,-0.13901,-0.97448,-0.50384,0.32960,-1.27329,0.42791,0.28519,-0.86607,0.476,-0.623,0.110,-0.110,-0.623,-0.110,-0.037,0.037,0.110,-0.037,-0.256,-0.183,30.00,1.200
3.8950,sine,0.4,-0.9998,nan,-0.41249,-0.10535,-0.68647,0.57893,-0.09870,-0.97457,-0.50604,0.35453,-1.27332,0.42832,0.31256,-0.86607,0.0195,-0.2149,0.0195,0.0195,-0.5275,-0.0195,0.1368,-0.2930,0.0195,0.0195,-0.5275,-0.0195,-0.40737,-0.14686,-0.68670,0.57604,-0.14126,-0.97448,-0.50384,0.32735,-1.27329,0.42791,0.28293,-0.86607,0.403,-0.623,0.110,-0.037,-0.623,-0.110,-0.037,-0.037,0.110,-0.037,-0.183,0.037,30.00,1.200
3.9000,sine,0.4,-0.9998,nan,-0.41274,-0.10707,-0.68647,0.57926,-0.10137,-0.97459,-0.50604,0.35200,-1.27318,0.42821,0.31037,-0.86598,0.0195,-0.2149,0.0195,0.0195,-0.5275,-0.0195,-0.0195,-0.3712,-0.0586,0.0586,-0.6838,0.0586,-0.40737,-0.14906,-0.68670,0.57604,-0.14347,-0.97448,-0.50384,0.32515,-1.27329,0.42791,0.28073,-0.86607,0.256,-0.623,0.110,-0.110,-0.623,-0.110,-0.110,0.037,0.110,-0.037,-0.110,0.037,30.00,1.200
3.9050,sine,0.3,-0.9998,nan,-0.41303,-0.10831,-0.68647,0.57944,-0.10455,-0.97459,-0.50582,0.34912,-1.27309,0.42799,0.30784,-0.86607,-0.0977,-0.3712,0.0195,0.0977,-0.6447,-0.0195,-0.0195,-0.3321,-0.0195,-0.0195,-0.6056,-0.0195,-0.40737,-0.15121,-0.68670,0.57604,-0.14562,-0.97448,-0.50384,0.32300,-1.27329,0.42791,0.27858,-0.86607,0.330,-0.623,0.110,-0.110,-0.403,-0.110,-0.037,-0.037,0.110,-0.110,-0.037,0.037,30.00,1.200
3.9100,sine,0.3,-0.9998,nan,-0.41369,-0.10945,-0.68647,0.57966,-0.10751,-0.97448,-0.50582,0.34871,-1.27318,0.42791,0.30408,-0.86607,-0.0586,-0.3712,0.0195,0.0195,-0.4884,0.0977,0.0195,0.0195,0.0195,-0.0977,-0.4493,-0.0977,-0.40737,-0.15331,-0.68670,0.57604,-0.14772,-0.97448,-0.50384,0.32089,-1.27329,0.42791,0.27648,-0.86607,0.403,-0.549,0.037,-0.037,-0.403,-0.110,-0.037,-0.256,0.110,-0.110,-0.183,-0.110,30.00,1.200
3.9150,sine,0.3,-0.9998,nan,-0.41442,-0.11222,-0.68647,0.57992,-0.10967,-0.97459,-0.50596,0.34871,-1.27315,0.42773,0.30320,-0.86601,-0.0977,-0.2540,0.0195,-0.0586,-0.4884,-0.0586,-0.0977,-0.0586,-0.0195,-0.0195,-0.1368,-0.0195,-0.40737,-0.15536,-0.68670,0.57604,-0.14977,-0.97448,-0.50384,0.31885,-1.27329,0.42791,0.27443,-0.86607,0.476,-0.549,0.110,-0.037,-0.476,-0.037,0.037,-0.549,0.110,-0.037,-0.623,-0.110,30.00,1.200
3.9200,sine,0.3,-0.9998,nan,-0.41490,-0.11391,-0.68647,0.57985,-0.11310,-0.97459,-0.50622,0.34809,-1.27318,0.42780,0.30261,-0.86607,-0.0977,-0.4493,0.0195,0.0586,-0.6447,-0.0977,-0.2149,-0.1758,0.0195,-0.0977,-0.2149,-0.0977,-0.40737,-0.15735,-0.68670,0.57604,-0.15176,-0.97448,-0.50384,0.31686,-1.27329,0.42791,0.27244,-0.86607,0.476,-0.549,0.037,-0.037,-0.403,-0.110,0.037,-0.549,0.110,-0.037,-0.623,-0.037,30.00,1.200
3.9250,sine,0.2,-0.9998,nan,-0.41497,-0.11624,-0.68638,0.57966,-0.11595,-0.97451,-0.50622,0.34809,-1.27318,0.42777,0.30115,-0.86601,0.0195,-0.3712,0.0195,0.1758,-0.6447,-0.0977,-0.0195,-0.1758,0.0195,-0.0977,-0.2930,-0.0586,-0.40737,-0.15928,-0.68670,0.57604,-0.15369,-0.97448,-0.50384,0.31493,-1.27329,0.42791,0.27051,-0.86607,0.403,-0.476,0.110,-0.037,-0.403,-0.110,0.037,-0.549,0.110,-0.110,-0.476,-0.037,30.00,1.200
3.9300,sine,0.2,-0.9998,nan,-0.41515,-0.11884,-0.68647,0.57966,-0.11815,-0.97459,-0.50647,0.34641,-1.27318,0.42773,0.29951,-0.86598,0.0195,-0.3712,0.0195,0.0195,-0.5275,0.0195,-0.1368,-0.2540,0.0195,-0.0195,-0.2930,0.0586,-0.40737,-0.16115,-0.68670,0.57604,-0.15556,-0.97448,-0.50384,0.31305,-1.27329,0.42791,0.26864,-0.86607,0.403,-0.476,0.110,-0.037,-0.403,-0.110,-0.037,-0.403,0.037,-0.037,-0.403,0.037,30.00,1.200
3.9350,sine,0.1,-0.9998,nan,-0.41545,-0.12100,-0.68647,0.57948,-0.12122,-0.97459,-0.50662,0.34422,-1.27315,0.42766,0.29746,-0.86598,-0.0977,-0.3712,0.0195,0.0195,-0.5665,-0.0195,-0.0195,-0.2540,0.0195,-0.1368,-0.4493,-0.0195,-0.40737,-0.16297,-0.68670,0.57604,-0.15737,-0.97448,-0.50384,0.31124,-1.27329,0.42791,0.26682,-0.86607,0.403,-0.476,0.037,0.037,-0.403,-0.110,0.037,-0.330,0.110,-0.037,-0.403,-0.183,30.00,1.200
3.9400,sine,0.2,-0.9998,nan,-0.41545,-0.12279,-0.68647,0.57944,-0.12363,-0.97459,-0.50677,0.34422,-1.27318,0.42762,0.29633,-0.86598,0.0195,-0.4884,0.0195,-0.0195,-0.3712,-0.0195,-0.1368,-0.2540,0.0195,0.0977,-0.2149,-0.0195,-0.40737,-0.16472,-0.68670,0.57604,-0.15912,-0.97448,-0.50384,0.30949,-1.27329,0.42791,0.26507,-0.86607,0.330,-0.476,0.110,0.037,-0.403,-0.110,-0.037,-0.330,0.110,-0.110,-0.623,0.037,30.00,1.200
3.9450,sine,0.2,-0.9998,nan,-0.41552,-0.12506,-0.68647,0.57926,-0.12458,-0.97457,-0.50688,0.34268,-1.27327,0.42762,0.29567,-0.86598,-0.0586,-0.3321,0.0195,0.0195,-0.3712,-0.0586,-0.0195,0.0195,0.0195,-0.0977,-0.1758,-0.0977,-0.40737,-0.16640,-0.68670,0.57604,-0.16081,-0.97448,-0.50384,0.30780,-1.27329,0.42791,0.26339,-0.86607,0.403,-0.403,0.110,0.037,-0.549,-0.110,-0.037,-0.769,0.110,-0.037,-0.696,-0.037,30.00,1.200
3.9500,sine,0.1,-0.9998,nan,-0.41570,-0.12714,-0.68647,0.57908,-0.12773,-0.97459,-0.50669,0.34305,-1.27318,0.42725,0.29421,-0.86598,-0.0586,-0.4884,0.0195,-0.0195,-0.5275,-0.0195,0.0586,0.0977,0.0195,-0.2149,-0.1758,-0.0977,-0.40737,-0.16803,-0.68670,0.57604,-0.16243,-0.97448,-0.50384,0.30618,-1.27329,0.42791,0.26176,-0.86607,0.330,-0.476,0.110,0.037,-0.403,-0.110,-0.037,-0.989,0.110,-0.037,-0.623,-0.037,30.00,1.200
3.9550,sine,0.1,-0.9998,nan,-0.41545,-0.12948,-0.68647,0.57919,-0.12974,-0.97459,-0.50669,0.34319,-1.27309,0.42641,0.29333,-0.86598,0.1368,-0.4493,0.0195,-0.0195,-0.4103,-0.0586,-0.0195,-0.0195,0.0195,-0.2540,-0.2149,-0.0195,-0.40737,-0.16958,-0.68670,0.57604,-0.16399,-0.97448,-0.50384,0.30463,-1.27329,0.42791,0.26021,-0.86607,0.330,-0.403,0.110,0.037,-0.476,-0.110,-0.037,-0.989,0.110,0.256,-0.769,0.037,30.00,1.200
3.9600,sine,0.1,-0.9998,nan,-0.41526,-0.13123,-0.68647,0.57893,-0.13193,-0.97459,-0.50662,0.34297,-1.27318,0.42546,0.29315,-0.86607,0.0977,-0.3712,0.0195,0.0586,-0.4493,0.0195,-0.0195,-0.1368,0.1368,-0.2540,-0.0977,-0.0977,-0.40737,-0.17107,-0.68670,0.57604,-0.16548,-0.97448,-0.50384,0.30314,-1.27329,0.42791,0.25872,-0.86607,0.330,-0.476,0.110,0.037,-0.476,-0.110,-0.037,-0.916,0.110,0.183,-0.769,-0.110,30.00,1.200
3.9650,sine,0.1,-0.9998,nan,-0.41526,-0.13456,-0.68647,0.57897,-0.13379,-0.97459,-0.50677,0.34268,-1.27315,0.42484,0.29117,-0.86598,-0.0977,-0.4493,-0.0195,0.0586,-0.4884,-0.0195,-0.0195,0.0195,0.0195,-0.1758,-0.2930,-0.1368,-0.40737,-0.17249,-0.68670,0.57604,-0.16690,-0.97448,-0.50384,0.30172,-1.27329,0.42791,0.25730,-0.86607,0.330,-0.403,0.110,-0.037,-0.403,-0.110,0.037,-0.916,0.110,0.183,-0.696,0.037,30.00,1.200
3.9700,sine,0.1,-0.9998,nan,-0.41534,-0.13697,-0.68647,0.57904,-0.13654,-0.97459,-0.50688,0.34243,-1.27327,0.42407,0.29007,-0.86598,0.0195,-0.4884,0.0586,0.0195,-0.4493,0.0586,-0.0195,0.0195,0.0195,-0.0977,-0.2930,0.0586,-0.40737,-0.17384,-0.68670,0.57604,-0.16825,-0.97448,-0.50384,0.30037,-1.27329,0.42791,0.25595,-0.86607,0.403,-0.330,0.110,0.037,-0.403,-0.110,-0.037,-1.062,0.110,0.110,-0.696,-0.110,30.00,1.200
3.9750,sine,0.0,-0.9998,nan,-0.41534,-0.13873,-0.68647,0.57897,-0.13920,-0.97451,-0.50688,0.34243,-1.27327,0.42342,0.29007,-0.86598,0.0977,-0.3321,0.0195,0.0195,-0.3712,0.0586,-0.0195,0.0195,0.0195,-0.1368,-0.2930,0.0586,-0.40737,-0.17512,-0.68670,0.57604,-0.16953,-0.97448,-0.50384,0.29909,-1.27329,0.42791,0.25467,-0.86607,0.403,-0.403,0.037,0.037,-0.476,-0.037,-0.037,-1.136,0.110,0.183,-0.696,-0.183,30.00,1.200
3.9800,sine,0.1,-0.9998,nan,-0.41515,-0.14089,-0.68641,0.57882,-0.14056,-0.97459,-0.50688,0.34243,-1.27318,0.42316,0.28799,-0.86598,0.0195,-0.4884,0.0195,-0.0195,-0.4884,-0.0195,-0.0195,0.0195,0.0977,-0.1758,-0.2149,0.0195,-0.40737,-0.17633,-0.68670,0.57604,-0.17074,-0.97448,-0.50384,0.29788,-1.27329,0.42791,0.25346,-0.86607,0.330,-0.330,0.110,-0.037,-0.330,-0.110,-0.037,-1.136,0.037,0.183,-0.842,-0.037,30.00,1.200
3.9850,sine,0.0,-0.9998,nan,-0.41508,-0.14311,-0.68641,0.57875,-0.14301,-0.97459,-0.50677,0.34224,-1.27315,0.42228,0.28730,-0.86598,0.0195,-0.3321,0.0195,-0.0586,-0.3712,0.0586,0.0586,-0.1368,0.0195,-0.0586,-0.2149,-0.0195,-0.40737,-0.17746,-0.68670,0.57604,-0.17187,-0.97448,-0.50384,0.29674,-1.27329,0.42791,0.25233,-0.86607,0.256,-0.330,0.110,0.037,-0.403,-0.110,0.037,-1.136,0.110,0.183,-0.769,-0.256,30.00,1.200
3.9900,sine,1.0,-0.9998,nan,-0.41508,-0.14505,-0.68647,0.57875,-0.14454,-0.97459,-0.50688,0.34213,-1.27318,0.42203,0.28715,-0.86598,0.0195,-0.5665,0.0195,0.0195,-0.4493,-0.0195,-0.0195,-0.0586,0.0195,-0.0977,-0.1758,-0.0195,-0.40737,-0.17852,-0.68670,0.57604,-0.17293,-0.97448,-0.50384,0.29568,-1.27329,0.42791,0.25127,-0.86607,0.330,-0.256,0.110,0.037,-0.403,-0.110,0.037,-1.136,0.110,0.183,-0.769,0.037,30.00,1.200
3.9950,sine,1.0,-0.9998,nan,-0.41508,-0.14681,-0.68653,0.57875,-0.14648,-0.97459,-0.50688,0.34206,-1.27318,0.42162,0.28576,-0.86598,0.0195,-0.4493,0.0195,0.1368,-0.4884,-0.0195,-0.0195,-0.0586,0.0195,-0.0977,-0.2930,-0.0195,-0.40737,-0.17951,-0.68670,0.57604,-0.17392,-0.97448,-0.50384,0.29470,-1.27329,0.42791,0.25028,-0.86607,0.256,-0.330,0.183,0.037,-0.476,-0.110,-0.037,-1.209,0.110,0.256,-0.842,0.037,30.00,1.200
4.0000,sine,1.0,-0.9998,nan,-0.41508,-0.14937,-0.68647,0.57875,-0.14805,-0.97459,-0.50688,0.34191,-1.27318,0.42067,0.28518,-0.86598,0.0195,-0.2540,0.0195,0.0195,-0.2930,-0.0195,-0.1368,0.0195,0.0195,-0.1368,-0.1758,-0.0586,-0.40737,-0.18042,-0.68670,0.57604,-0.17483,-0.97448,-0.50384,0.29378,-1.27329,0.42791,0.24937,-0.86607,0.330,-0.183,0.110,0.037,-0.330,-0.110,-0.037,-1.282,0.110,0.256,-0.842,-0.037,30.00,1.200
4.0050,sine,0.9,-0.9998,nan,-0.41497,-0.15112,-0.68647,0.57875,-0.15003,-0.97459,-0.50688,0.34177,-1.27315,0.42042,0.28404,-0.86598,0.0586,-0.3712,-0.0195,0.0195,-0.3712,-0.0195,-0.0195,0.0195,0.0195,-0.0586,-0.1758,0.0586,-0.40737,-0.18126,-0.68670,0.57604,-0.17567,-0.97448,-0.50384,0.29295,-1.27329,0.42791,0.24853,-0.86607,0.330,-0.330,0.110,0.037,-0.403,-0.110,-0.037,-1.282,0.110,0.256,-0.916,-0.110,30.00,1.200
4.0100,sine,0.9,-0.9998,nan,-0.41497,-0.15302,-0.68653,0.57875,-0.15167,-0.97459,-0.50688,0.34177,-1.27327,0.42002,0.28309,-0.86598,0.0195,-0.5665,0.0195,0.0195,-0.2930,-0.0195,-0.0195,0.0195,0.0195,-0.2540,-0.0977,0.0586,-0.40737,-0.18202,-0.68670,0.57604,-0.17643,-0.97448,-0.50384,0.29219,-1.27329,0.42791,0.24777,-0.86607,0.330,-0.183,0.183,0.037,-0.403,-0.110,-0.037,-1.282,0.037,0.256,-0.916,-0.110,30.00,1.200
4.0150,sine,0.9,-0.9998,nan,-0.41490,-0.15485,-0.68653,0.57875,-0.15247,-0.97459,-0.50688,0.34177,-1.27318,0.41943,0.28265,-0.86598,0.0195,-0.2540,0.0195,-0.0586,-0.2930,0.0586,-0.0586,0.0195,0.0586,-0.1368,-0.0977,-0.0586,-0.40737,-0.18270,-0.68670,0.57604,-0.17711,-0.97448,-0.50384,0.29151,-1.27329,0.42791,0.24709,-0.86607,0.256,-0.256,0.183,0.037,-0.403,-0.110,0.037,-1.355,0.110,0.256,-0.916,-0.110,30.00,1.200
4.0200,sine,0.9,-0.9998,nan,-0.41479,-0.15635,-0.68647,0.57864,-0.15445,-0.97457,-0.50691,0.34177,-1.27318,0.41866,0.28167,-0.86598,-0.0977,-0.2540,-0.0195,-0.0977,-0.2930,-0.0195,-0.0586,0.0195,-0.0586,-0.1758,-0.1368,-0.0977,-0.40737,-0.18330,-0.68670,0.57604,-0.17771,-0.97448,-0.50384,0.29090,-1.27329,0.42791,0.24649,-0.86607,0.330,-0.256,0.110,-0.037,-0.403,-0.110,-0.037,-1.282,0.110,0.256,-0.916,-0.256,30.00,1.200
4.0250,sine,0.9,-0.9998,nan,-0.41490,-0.15803,-0.68647,0.57864,-0.15591,-0.97459,-0.50688,0.34155,-1.27318,0.41855,0.28141,-0.86598,0.0195,-0.2540,0.0195,0.1368,-0.1758,-0.0195,-0.0195,-0.0586,0.0195,-0.0977,-0.2149,-0.0195,-0.40737,-0.18383,-0.68670,0.57604,-0.17824,-0.97448,-0.50384,0.29038,-1.27329,0.42791,0.24596,-0.86607,0.256,-0.256,0.037,-0.037,-0.403,-0.110,-0.037,-1.355,0.110,0.330,-0.916,-0.037,30.00,1.200
4.0300,sine,0.8,-0.9998,nan,-0.41490,-0.15931,-0.68647,0.57875,-0.15712,-0.97459,-0.50688,0.34144,-1.27321,0.41815,0.28115,-0.86595,0.0586,-0.2930,0.0195,0.0195,-0.2930,-0.0195,0.0977,-0.0977,0.0195,-0.0977,-0.2149,-0.1368,-0.40737,-0.18428,-0.68670,0.57604,-0.17868,-0.97448,-0.50384,0.28993,-1.27329,0.42791,0.24551,-0.86607,0.330,-0.183,0.110,-0.037,-0.403,-0.110,-0.037,-1.355,0.110,0.256,-0.916,-0.110,30.00,1.200
4.0350,sine,0.8,-0.9998,nan,-0.41486,-0.16085,-0.68647,0.57875,-0.15803,-0.97459,-0.50688,0.34137,-1.27318,0.41764,0.28115,-0.86595,0.0195,-0.4493,0.0195,0.0195,-0.2149,-0.0586,-0.0195,0.0195,0.0195,-0.0977,-0.2149,-0.1368,-0.40737,-0.18464,-0.68670,0.57604,-0.17905,-0.97448,-0.50384,0.28957,-1.27329,0.42791,0.24515,-0.86607,0.330,-0.256,0.110,0.037,-0.403,-0.110,0.037,-1.355,0.110,0.256,-0.916,-0.110,30.00,1.200
4.0400,sine,0.8,-0.9998,nan,-0.41490,-0.16242,-0.68647,0.57882,-0.15920,-0.97459,-0.50688,0.34129,-1.27318,0.41764,0.27977,-0.86598,-0.0195,-0.2540,0.0586,0.0195,-0.0977,0.0977,-0.0195,-0.0586,-0.0195,-0.0977,-0.2149,-0.0195,-0.40737,-0.18493,-0.68670,0.57604,-0.17934,-0.97448,-0.50384,0.28928,-1.27329,0.42791,0.24486,-0.86607,0.330,-0.183,0.037,0.037,-0.403,-0.037,-0.037,-1.355,0.110,0.256,-0.989,-0.037,30.00,1.200
4.0450,sine,0.8,-0.9998,nan,-0.41479,-0.16362,-0.68653,0.57882,-0.16019,-0.97459,-0.50688,0.34115,-1.27318,0.41680,0.27951,-0.86595,0.0195,-0.2540,0.0586,0.0195,-0.1758,-0.0195,-0.0195,-0.0586,0.0195,-0.0977,-0.2149,-0.0195,-0.40737,-0.18514,-0.68670,0.57604,-0.17955,-0.97448,-0.50384,0.28907,-1.27329,0.42791,0.24465,-0.86607,0.330,-0.256,0.110,0.037,-0.476,-0.110,-0.037,-1.429,0.037,0.330,-0.989,-0.037,30.00,1.200
4.0500,sine,0.7,-0.9998,nan,-0.41486,-0.16457,-0.68647,0.57875,-0.16059,-0.97459,-0.50695,0.34115,-1.27315,0.41643,0.27951,-0.86598,-0.0195,-0.2149,0.0586,0.0195,-0.0977,-0.0977,-0.0195,0.0195,0.0195,-0.0977,-0.2149,-0.0195,-0.40737,-0.18527,-0.68670,0.57604,-0.17968,-0.97448,-0.50384,0.28894,-1.27329,0.42791,0.24452,-0.86607,0.330,-0.256,0.110,0.037,-0.476,-0.110,-0.037,-1.429,0.110,0.330,-0.989,-0.256,30.00,1.200
4.0550,sine,0.7,-0.9998,nan,-0.41497,-0.16585,-0.68647,0.57875,-0.16158,-0.97459,-0.50688,0.34100,-1.27321,0.41643,0.27812,-0.86598,0.0195,-0.0586,-0.0195,0.0586,-0.1368,0.0586,-0.0586,-0.0586,-0.0195,-0.0977,-0.0977,-0.0195,-0.40737,-0.18532,-0.68670,0.57604,-0.17973,-0.97448,-0.50384,0.28889,-1.27329,0.42791,0.24447,-0.86607,0.330,-0.256,0.037,0.037,-0.476,-0.110,-0.037,-1.429,0.110,0.330,-0.989,-0.110,30.00,1.200
4.0600,sine,0.7,-0.9998,nan,-0.41486,-0.16669,-0.68647,0.57879,-0.16212,-0.97459,-0.50688,0.34093,-1.27321,0.41530,0.27812,-0.86598,-0.0195,-0.2149,0.0586,-0.0586,-0.0586,0.0195,-0.0586,-0.0586,-0.0195,-0.0586,-0.0977,-0.0586,-0.40737,-0.18529,-0.68670,0.57604,-0.17969,-0.97448,-0.50384,0.28892,-1.27329,0.42791,0.24450,-0.86607,0.330,-0.256,0.110,0.037,-0.549,-0.110,0.037,-1.429,0.110,0.403,-0.989,-0.037,30.00,1.200
4.0650,sine,0.7,-0.9998,nan,-0.41490,-0.16728,-0.68647,0.57875,-0.16246,-0.97459,-0.50695,0.34093,-1.27315,0.41523,0.27706,-0.86595,0.0586,-0.0977,0.0195,0.1368,-0.0586,-0.0977,-0.0195,0.0195,0.0195,-0.0195,-0.0977,-0.0195,-0.40737,-0.18518,-0.68670,0.57604,-0.17958,-0.97448,-0.50384,0.28903,-1.27329,0.42791,0.24461,-0.86607,0.330,-0.256,0.037,0.037,-0.549,-0.110,-0.037,-1.429,0.110,0.330,-0.989,-0.037,30.00,1.200
4.0700,sine,0.7,-0.9998,nan,-0.41497,-0.16801,-0.68647,0.57864,-0.16271,-0.97457,-0.50688,0.34085,-1.27318,0.41483,0.27691,-0.86598,0.0586,-0.0195,0.0195,0.0195,-0.0977,-0.0586,0.0195,0.0977,0.0195,-0.0195,-0.1368,0.0195,-0.40737,-0.18498,-0.68670,0.57604,-0.17939,-0.97448,-0.50384,0.28922,-1.27329,0.42791,0.24481,-0.86607,0.330,-0.256,0.037,0.037,-0.549,-0.110,-0.037,-1.502,0.110,0.330,-0.989,-0.110,30.00,1.200
4.0750,sine,0.6,-0.9998,nan,-0.41490,-0.16870,-0.68653,0.57864,-0.16308,-0.97457,-0.50695,0.34085,-1.27318,0.41464,0.27680,-0.86598,0.0977,-0.2540,0.0195,0.0195,-0.1368,0.0586,-0.0195,-0.0586,0.0195,0.0195,-0.0977,-0.0195,-0.40737,-0.18471,-0.68670,0.57604,-0.17912,-0.97448,-0.50384,0.28949,-1.27329,0.42791,0.24508,-0.86607,0.403,-0.256,0.110,0.037,-0.549,-0.110,-0.037,-1.502,0.110,0.330,-0.989,-0.183,30.00,1.200
4.0800,sine,0.6,-0.9998,nan,-0.41490,-0.16892,-0.68647,0.57857,-0.16333,-0.97451,-0.50688,0.34085,-1.27318,0.41461,0.27644,-0.86598,0.0195,-0.0977,-0.0195,-0.0977,-0.1368,-0.0195,-0.0195,-0.0586,0.0195,-0.1368,-0.1368,-0.0586,-0.40737,-0.18436,-0.68670,0.57604,-0.17877,-0.97448,-0.50384,0.28984,-1.27329,0.42791,0.24543,-0.86607,0.330,-0.256,0.110,0.037,-0.476,-0.110,-0.037,-1.429,0.110,0.330,-0.989,-0.110,30.00,1.200
4.0850,sine,0.6,-0.9998,nan,-0.41490,-0.16962,-0.68647,0.57857,-0.16344,-0.97451,-0.50688,0.34085,-1.27318,0.41435,0.27629,-0.86598,0.0977,-0.0586,-0.0195,0.0195,-0.0195,-0.0195,-0.0195,0.0977,-0.0195,-0.0195,-0.0977,-0.0586,-0.40737,-0.18393,-0.68670,0.57604,-0.17834,-0.97448,-0.50384,0.29027,-1.27329,0.42791,0.24586,-0.86607,0.330,-0.256,0.110,0.037,-0.549,-0.110,-0.037,-1.429,0.110,0.330,-0.989,-0.110,30.00,1.200
4.0900,sine,0.6,-0.9998,nan,-0.41497,-0.17006,-0.68647,0.57857,-0.16362,-0.97462,-0.50688,0.34085,-1.27315,0.41420,0.27629,-0.86598,0.0195,-0.0977,0.0195,0.0586,-0.0195,-0.0195,-0.0195,0.0195,0.0195,0.0195,-0.0977,-0.0586,-0.40737,-0.18343,-0.68670,0.57604,-0.17783,-0.97448,-0.50384,0.29078,-1.27329,0.42791,0.24636,-0.86607,0.330,-0.256,0.110,0.037,-0.623,-0.110,-0.037,-1.429,0.110,0.330,-0.989,-0.110,30.00,1.200
4.0950,sine,0.6,-0.9998,nan,-0.41490,-0.17035,-0.68647,0.57853,-0.16381,-0.97459,-0.50691,0.34082,-1.27318,0.41417,0.27593,-0.86598,-0.0586,0.0586,0.0195,0.0586,-0.0977,-0.0195,-0.0195,0.0195,0.0195,-0.0195,-0.0195,-0.0586,-0.40737,-0.18284,-0.68670,0.57604,-0.17725,-0.97448,-0.50384,0.29137,-1.27329,0.42791,0.24695,-0.86607,0.330,-0.330,0.037,-0.037,-0.549,-0.110,-0.037,-1.429,0.110,0.330,-0.989,-0.110,30.00,1.200
4.1000,sine,0.5,-0.9998,nan,-0.41497,-0.17046,-0.68647,0.57857,-0.16381,-0.97459,-0.50688,0.34085,-1.27318,0.41398,0.27593,-0.86598,0.0195,0.0195,0.0195,-0.1368,0.0586,-0.0195,-0.0586,0.0195,-0.0195,-0.0195,-0.0195,-0.0586,-0.40737,-0.18218,-0.68670,0.57604,-0.17658,-0.97448,-0.50384,0.29203,-1.27329,0.42791,0.24761,-0.86607,0.330,-0.256,0.110,0.037,-0.476,-0.110,-0.037,-1.429,0.110,0.330,-0.989,-0.110,30.00,1.200
4.1050,sine,0.5,-0.9998,nan,-0.41497,-0.17068,-0.68647,0.57842,-0.16373,-0.97451,-0.50688,0.34085,-1.27315,0.41398,0.27586,-0.86595,-0.0586,0.0195,0.0195,-0.0195,-0.0195,-0.0195,-0.0195,-0.0586,0.0195,-0.0195,-0.1368,-0.0195,-0.40737,-0.18143,-0.68670,0.57604,-0.17584,-0.97448,-0.50384,0.29277,-1.27329,0.42791,0.24836,-0.86607,0.403,-0.256,0.110,0.037,-0.549,-0.110,-0.037,-1.429,0.110,0.330,-0.989,-0.037,30.00,1.200
4.1100,sine,0.5,-0.9998,nan,-0.41497,-0.17075,-0.68647,0.57842,-0.16370,-0.97451,-0.50688,0.34082,-1.27318,0.41398,0.27582,-0.86595,0.0977,0.0195,0.0195,-0.0586,-0.0195,-0.0195,-0.0195,0.0977,0.0195,-0.0195,-0.0195,-0.0586,-0.40737,-0.18062,-0.68670,0.57604,-0.17502,-0.97448,-0.50384,0.29359,-1.27329,0.42791,0.24917,-0.86607,0.330,-0.256,0.110,0.037,-0.549,-0.110,-0.037,-1.429,0.110,0.330,-0.989,-0.037,30.00,1.200
4.1150,sine,0.5,-0.9998,nan,-0.41497,-0.17075,-0.68647,0.57853,-0.16362,-0.97459,-0.50684,0.34093,-1.27318,0.41391,0.27575,-0.86595,0.0195,0.0195,0.0195,0.0195,0.0195,-0.0195,-0.0195,0.0977,0.0195,-0.0195,0.0195,-0.0586,-0.40737,-0.17972,-0.68670,0.57604,-0.17413,-0.97448,-0.50384,0.29449,-1.27329,0.42791,0.25007,-0.86607,0.330,-0.330,0.110,-0.037,-0.549,-0.110,0.037,-1.429,0.110,0.330,-0.989,-0.037,30.00,1.200
4.1200,sine,0.5,-0.9998,nan,-0.41497,-0.17075,-0.68647,0.57842,-0.16351,-0.97459,-0.50691,0.34085,-1.27318,0.41398,0.27575,-0.86595,0.0195,0.0977,0.0195,0.0195,-0.0195,-0.0195,0.0977,0.0195,0.0977,-0.0586,-0.0195,-0.0586,-0.40737,-0.17875,-0.68670,0.57604,-0.17316,-0.97448,-0.50384,0.29546,-1.27329,0.42791,0.25104,-0.86607,0.330,-0.256,0.110,0.037,-0.403,-0.110,-0.037,-1.355,0.037,0.330,-0.989,-0.037,30.00,1.200
4.1250,sine,0.4,-0.9998,nan,-0.41490,-0.17057,-0.68653,0.57842,-0.16341,-0.97451,-0.50688,0.34093,-1.27318,0.41398,0.27575,-0.86595,0.0195,0.0195,0.0195,-0.0195,0.0586,0.0586,0.0977,0.0195,0.0195,-0.0586,-0.0195,-0.0586,-0.40737,-0.17771,-0.68670,0.57604,-0.17211,-0.97448,-0.50384,0.29650,-1.27329,0.42791,0.25208,-0.86607,0.330,-0.256,0.110,0.037,-0.476,-0.110,0.037,-1.282,0.037,0.330,-0.916,-0.037,30.00,1.200
4.1300,sine,0.4,-0.9998,nan,-0.41490,-0.17057,-0.68647,0.57842,-0.16319,-0.97459,-0.50688,0.34085,-1.27318,0.41391,0.27575,-0.86595,0.0195,0.0195,0.0195,0.0195,0.0195,-0.0195,-0.0195,0.0977,0.0195,-0.0195,-0.0195,-0.0586,-0.40737,-0.17659,-0.68670,0.57604,-0.17099,-0.97448,-0.50384,0.29762,-1.27329,0.42791,0.25320,-0.86607,0.330,-0.183,0.110,-0.037,-0.476,-0.037,0.037,-1.355,0.037,0.330,-0.916,-0.037,30.00,1.200
4.1350,sine,0.4,-0.9998,nan,-0.41490,-0.17028,-0.68647,0.57857,-0.16308,-0.97459,-0.50688,0.34085,-1.27318,0.41398,0.27582,-0.86595,-0.0586,0.0977,0.0195,0.0195,-0.0195,-0.0195,-0.0195,0.0977,0.0586,-0.0195,-0.0195,-0.0586,-0.40737,-0.17540,-0.68670,0.57604,-0.16980,-0.97448,-0.50384,0.29881,-1.27329,0.42791,0.25439,-0.86607,0.330,-0.256,0.183,-0.037,-0.403,-0.110,-0.037,-1.209,0.110,0.330,-0.842,-0.037,30.00,1.200
4.1400,sine,0.4,-0.9998,nan,-0.41490,-0.17017,-0.68647,0.57853,-0.16278,-0.97459,-0.50680,0.34100,-1.27309,0.41398,0.27582,-0.86595,0.0195,0.0977,0.0195,0.0586,-0.0195,-0.0977,-0.0195,0.0977,0.0195,-0.0195,-0.0195,-0.0586,-0.40737,-0.17413,-0.68670,0.57604,-0.16854,-0.97448,-0.50384,0.30008,-1.27329,0.42791,0.25566,-0.86607,0.330,-0.183,0.183,0.037,-0.476,-0.037,-0.037,-1.209,0.037,0.330,-0.842,-0.037,30.00,1.200
4.1450,sine,0.4,-0.9998,nan,-0.41486,-0.17002,-0.68647,0.57857,-0.16271,-0.97459,-0.50688,0.34100,-1.27309,0.41398,0.27582,-0.86595,0.0195,-0.0195,0.0195,0.1368,-0.0195,-0.0195,-0.0195,0.0195,0.0195,-0.0195,-0.0195,-0.0586,-0.40737,-0.17280,-0.68670,0.57604,-0.16720,-0.97448,-0.50384,0.30141,-1.27329,0.42791,0.25699,-0.86607,0.256,-0.183,0.110,-0.037,-0.403,-0.110,-0.037,-1.209,0.037,0.330,-0.842,-0.037,30.00,1.200
4.1500,sine,0.3,-0.9998,nan,-0.41486,-0.17002,-0.68647,0.57864,-0.16234,-0.97459,-0.50691,0.34100,-1.27318,0.41398,0.27593,-0.86595,-0.0195,-0.0195,0.0195,0.0977,0.0586,-0.0195,-0.0195,0.0195,0.0195,-0.0195,-0.0195,-0.0586,-0.40737,-0.17139,-0.68670,0.57604,-0.16580,-0.97448,-0.50384,0.30282,-1.27329,0.42791,0.25840,-0.86607,0.330,-0.183,0.037,0.037,-0.403,-0.110,-0.037,-1.209,0.110,0.330,-0.769,-0.037,30.00,1.200
4.1550,sine,0.3,-0.9998,nan,-0.41490,-0.16911,-0.68647,0.57857,-0.16227,-0.97459,-0.50677,0.34107,-1.27318,0.41391,0.27600,-0.86595,0.0195,0.1758,0.0195,0.0195,0.0586,-0.0195,-0.0195,-0.0586,0.0195,0.0586,-0.0195,-0.0586,-0.40737,-0.16992,-0.68670,0.57604,-0.16433,-0.97448,-0.50384,0.30429,-1.27329,0.42791,0.25987,-0.86607,0.330,-0.183,0.037,0.037,-0.330,-0.110,-0.037,-1.209,0.110,0.330,-0.769,-0.037,30.00,1.200
4.1600,sine,0.3,-0.9998,nan,-0.41497,-0.16892,-0.68647,0.57864,-0.16183,-0.97459,-0.50688,0.34115,-1.27318,0.41391,0.27600,-0.86595,0.0195,0.1758,0.0586,-0.0586,0.0977,-0.0195,0.0977,0.0195,-0.0195,-0.0195,-0.0195,-0.0586,-0.40737,-0.16838,-0.68670,0.57604,-0.16279,-0.97448,-0.50384,0.30583,-1.27329,0.42791,0.26141,-0.86607,0.403,-0.110,-0.037,0.037,-0.330,-0.110,0.037,-1.062,0.110,0.330,-0.769,-0.037,30.00,1.200
4.1650,sine,0.3,-0.9998,nan,-0.41490,-0.16801,-0.68647,0.57857,-0.16140,-0.97459,-0.50688,0.34122,-1.27318,0.41398,0.27618,-0.86595,0.0195,0.0977,-0.0195,-0.0195,-0.0195,-0.0195,-0.1368,0.0195,0.0195,-0.0195,-0.0195,-0.0586,-0.40737,-0.16677,-0.68670,0.57604,-0.16118,-0.97448,-0.50384,0.30744,-1.27329,0.42791,0.26302,-0.86607,0.330,-0.110,0.110,0.037,-0.330,-0.110,0.110,-1.062,0.110,0.330,-0.696,-0.037,30.00,1.200
4.1700,sine,0.3,-0.9998,nan,-0.41490,-0.16772,-0.68647,0.57857,-0.16085,-0.97459,-0.50688,0.34122,-1.27318,0.41391,0.27618,-0.86595,0.0586,0.1368,-0.0195,0.0195,-0.0195,-0.0977,-0.0195,0.0195,0.0586,-0.0977,-0.0195,-0.0586,-0.40737,-0.16510,-0.68670,0.57604,-0.15951,-0.97448,-0.50384,0.30911,-1.27329,0.42791,0.26469,-0.86607,0.330,-0.110,0.110,0.037,-0.330,-0.110,0.037,-1.136,0.110,0.330,-0.623,-0.037,30.00,1.200
4.1750,sine,0.2,-0.9998,nan,-0.41490,-0.16772,-0.68647,0.57864,-0.16063,-0.97459,-0.50688,0.34137,-1.27327,0.41402,0.27637,-0.86595,-0.0586,0.1368,0.0195,0.0195,0.0977,-0.0195,-0.0195,0.0195,0.0586,-0.0586,-0.0586,-0.0586,-0.40737,-0.16336,-0.68670,0.57604,-0.15777,-0.97448,-0.50384,0.31085,-1.27329,0.42791,0.26643,-0.86607,0.330,-0.110,0.110,0.037,-0.256,-0.110,-0.037,-0.989,0.110,0.330,-0.549,-0.037,30.00,1.200
4.1800,sine,0.2,-0.9998,nan,-0.41490,-0.16637,-0.68647,0.57864,-0.15986,-0.97459,-0.50688,0.34151,-1.27327,0.41402,0.27644,-0.86595,0.0195,0.1368,0.0195,0.0977,-0.0195,-0.0195,-0.0195,0.0195,0.0586,-0.0586,-0.0195,-0.0586,-0.40737,-0.16156,-0.68670,0.57604,-0.15597,-0.97448,-0.50384,0.31265,-1.27329,0.42791,0.26823,-0.86607,0.330,-0.037,0.037,-0.037,-0.256,-0.110,-0.037,-0.842,0.110,0.330,-0.476,-0.037,30.00,1.200
4.1850,sine,0.2,-0.9998,nan,-0.41490,-0.16534,-0.68653,0.57864,-0.15920,-0.97459,-0.50688,0.34151,-1.27318,0.41402,0.27644,-0.86598,-0.0195,0.1368,0.0586,-0.0195,0.1758,-0.0586,0.0586,0.0195,-0.0195,-0.0195,-0.0195,-0.0195,-0.40737,-0.15970,-0.68670,0.57604,-0.15411,-0.97448,-0.50384,0.31451,-1.27329,0.42791,0.27009,-0.86607,0.256,-0.037,0.037,-0.037,-0.256,-0.110,0.037,-0.842,0.110,0.330,-0.476,0.037,30.00,1.200
4.1900,sine,0.2,-0.9998,nan,-0.41490,-0.16483,-0.68653,0.57857,-0.15887,-0.97451,-0.50677,0.34162,-1.27318,0.41398,0.27673,-0.86598,0.0977,0.2149,0.0586,0.0195,0.0977,-0.0977,-0.0195,0.0195,0.0195,0.0195,0.0977,-0.1368,-0.40737,-0.15778,-0.68670,0.57604,-0.15219,-0.97448,-0.50384,0.31642,-1.27329,0.42791,0.27201,-0.86607,0.330,-0.037,0.110,0.037,-0.256,-0.110,-0.037,-0.842,0.110,0.330,-0.476,-0.110,30.00,1.200
4.1950,sine,0.1,-0.9998,nan,-0.41497,-0.16355,-0.68647,0.57853,-0.15767,-0.97459,-0.50677,0.34184,-1.27318,0.41398,0.27680,-0.86598,0.0195,0.2930,-0.0586,-0.0195,0.0977,-0.0195,0.0586,0.1758,0.0195,-0.0195,0.0586,0.0586,-0.40737,-0.15581,-0.68670,0.57604,-0.15021,-0.97448,-0.50384,0.31840,-1.27329,0.42791,0.27398,-0.86607,0.330,-0.037,0.037,0.037,-0.256,-0.110,-0.037,-0.842,0.110,0.330,-0.403,0.037,30.00,1.200
4.2000,sine,0.1,-0.9998,nan,-0.41490,-0.16264,-0.68653,0.57853,-0.15620,-0.97459,-0.50677,0.34213,-1.27327,0.41402,0.27724,-0.86607,0.0195,0.0977,-0.0195,0.0195,0.2540,-0.0195,-0.0195,0.0195,0.0195,-0.0977,-0.0195,-0.0195,-0.40737,-0.15377,-0.68670,0.57604,-0.14818,-0.97448,-0.50384,0.32044,-1.27329,0.42791,0.27602,-0.86607,0.256,-0.037,0.037,0.037,-0.256,-0.110,-0.037,-0.769,0.110,0.256,-0.403,-0.037,30.00,1.200
4.2050,sine,0.1,-0.9998,nan,-0.41497,-0.16161,-0.68647,0.57853,-0.15558,-0.97459,-0.50669,0.34221,-1.27318,0.41398,0.27713,-0.86598,0.0195,0.2540,-0.0586,-0.0195,0.1758,0.0586,0.0586,0.0977,0.0586,-0.0195,-0.0195,-0.0977,-0.40737,-0.15168,-0.68670,0.57604,-0.14609,-0.97448,-0.50384,0.32252,-1.27329,0.42791,0.27811,-0.86607,0.330,-0.110,0.110,0.037,-0.256,-0.110,-0.037,-0.769,0.110,0.330,-0.330,-0.110,30.00,1.200
4.2100,sine,0.1,-0.9998,nan,-0.41490,-0.16004,-0.68653,0.57857,-0.15474,-0.97459,-0.50669,0.34232,-1.27318,0.41406,0.27735,-0.86598,-0.0195,0.2930,0.0586,0.0586,0.1758,-0.0195,-0.1758,0.0586,0.1368,0.0586,0.0586,0.0195,-0.40737,-0.14954,-0.68670,0.57604,-0.14395,-0.97448,-0.50384,0.32466,-1.27329,0.42791,0.28025,-0.86607,0.256,-0.110,0.037,0.037,-0.183,-0.110,-0.037,-0.696,0.110,0.330,-0.330,-0.183,30.00,1.200
4.2150,sine,0.1,-0.9998,nan,-0.41497,-0.15825,-0.68653,0.57853,-0.15277,-0.97459,-0.50669,0.34261,-1.27318,0.41406,0.27768,-0.86598,0.0977,0.2540,-0.0586,0.0195,0.1758,-0.0195,-0.0977,0.1758,-0.0195,0.0195,0.0586,-0.0586,-0.40737,-0.14735,-0.68670,0.57604,-0.14176,-0.97448,-0.50384,0.32686,-1.27329,0.42791,0.28244,-0.86607,0.330,-0.037,0.110,0.037,-0.183,-0.110,-0.037,-0.623,0.037,0.256,-0.256,0.037,30.00,1.200
4.2200,sine,0.1,-0.9998,nan,-0.41490,-0.15686,-0.68647,0.57857,-0.15134,-0.97457,-0.50669,0.34276,-1.27327,0.41409,0.27787,-0.86595,-0.0195,0.2930,-0.0195,0.0195,0.2930,-0.0195,-0.0195,0.0195,-0.0586,-0.0195,-0.0977,-0.0195,-0.40737,-0.14511,-0.68670,0.57604,-0.13952,-0.97448,-0.50384,0.32910,-1.27329,0.42791,0.28468,-0.86607,0.256,-0.037,0.110,0.037,-0.183,-0.110,-0.037,-0.549,0.110,0.330,-0.183,-0.183,30.00,1.200
4.2250,sine,0.1,-0.9998,nan,-0.41490,-0.15518,-0.68647,0.57857,-0.15003,-0.97451,-0.50677,0.34290,-1.27318,0.41417,0.27838,-0.86598,0.0195,0.2930,0.0586,-0.0195,0.2540,-0.0977,0.0586,0.0195,0.0195,0.0586,-0.0195,-0.0195,-0.40737,-0.14282,-0.68670,0.57604,-0.13723,-0.97448,-0.50384,0.33139,-1.27329,0.42791,0.28697,-0.86607,0.330,-0.037,0.183,0.037,-0.183,-0.110,-0.037,-0.476,0.110,0.256,-0.110,-0.110,30.00,1.200
4.2300,sine,0.1,-0.9998,nan,-0.41490,-0.15397,-0.68653,0.57853,-0.14889,-0.97459,-0.50669,0.34290,-1.27318,0.41417,0.27863,-0.86598,0.1368,0.3321,-0.0195,-0.0195,0.2930,-0.0195,-0.0195,0.0977,0.1368,0.0586,0.0586,-0.0195,-0.40737,-0.14048,-0.68670,0.57604,-0.13489,-0.97448,-0.50384,0.33373,-1.27329,0.42791,0.28931,-0.86607,0.330,-0.110,0.183,0.037,-0.183,-0.110,-0.037,-0.403,0.110,0.256,-0.037,-0.110,30.00,1.200
4.2350,sine,1.0,-0.9998,nan,-0.41490,-0.15251,-0.68647,0.57864,-0.14801,-0.97459,-0.50677,0.34323,-1.27318,0.41428,0.27882,-0.86607,0.0977,0.3712,0.0195,0.0195,0.2540,-0.0195,-0.0195,0.0195,0.1368,0.1368,0.1758,0.0195,-0.40737,-0.13810,-0.68670,0.57604,-0.13251,-0.97448,-0.50384,0.33611,-1.27329,0.42791,0.29169,-0.86607,0.330,-0.110,0.110,0.037,-0.183,-0.110,-0.037,-0.330,0.110,0.256,-0.037,-0.037,30.00,1.200
4.2400,sine,1.0,-0.9998,nan,-0.41490,-0.15094,-0.68653,0.57857,-0.14619,-0.97457,-0.50669,0.34345,-1.27318,0.41442,0.27944,-0.86607,0.0195,0.4103,0.0195,0.1368,0.2930,0.0195,0.1368,0.0195,0.0586,0.0586,0.1758,-0.0977,-0.40737,-0.13568,-0.68670,0.57604,-0.13009,-0.97448,-0.50384,0.33853,-1.27329,0.42791,0.29411,-0.86607,0.330,-0.037,0.110,0.037,-0.110,-0.110,-0.037,-0.330,0.110,0.256,-0.037,-0.037,30.00,1.200
4.2450,sine,1.0,-0.9998,nan,-0.41490,-0.14809,-0.68647,0.57857,-0.14436,-0.97459,-0.50669,0.34374,-1.27315,0.41468,0.28013,-0.86598,-0.0586,0.4103,0.0977,0.1368,0.2540,0.0586,-0.0977,0.0977,0.0195,-0.0195,0.0977,-0.0195,-0.40737,-0.13322,-0.68670,0.57604,-0.12763,-0.97448,-0.50384,0.34099,-1.27329,0.42791,0.29657,-0.86607,0.330,-0.037,0.110,0.037,-0.183,-0.110,-0.037,-0.256,0.110,0.256,-0.037,-0.110,30.00,1.200
4.2500,sine,0.9,-0.9998,nan,-0.41497,-0.14673,-0.68653,0.57853,-0.14260,-0.97459,-0.50662,0.34396,-1.27327,0.41493,0.28039,-0.86607,-0.0586,0.2930,-0.0195,0.1368,0.3712,-0.0195,-0.0195,0.0195,0.0195,0.0586,0.0977,-0.1368,-0.40737,-0.13072,-0.68670,0.57604,-0.12512,-0.97448,-0.50384,0.34349,-1.27329,0.42791,0.29907,-0.86607,0.330,-0.110,0.110,0.037,-0.183,-0.110,-0.037,-0.110,0.110,0.256,0.110,-0.037,30.00,1.200
4.2550,sine,0.9,-0.9998,nan,-0.41497,-0.14458,-0.68647,0.57864,-0.14122,-0.97459,-0.50669,0.34414,-1.27318,0.41519,0.28134,-0.86598,0.0195,0.4884,-0.0195,0.0977,0.2930,-0.0586,-0.0977,0.1368,-0.0195,-0.0195,0.0586,0.0977,-0.40737,-0.12818,-0.68670,0.57604,-0.12259,-0.97448,-0.50384,0.34603,-1.27329,0.42791,0.30161,-0.86607,0.256,-0.183,0.110,0.037,-0.110,-0.183,-0.037,-0.183,0.110,0.183,0.110,-0.037,30.00,1.200
4.2600,sine,0.9,-0.9998,nan,-0.41486,-0.14242,-0.68647,0.57853,-0.13910,-0.97459,-0.50669,0.34444,-1.27318,0.41559,0.28222,-0.86598,-0.0586,0.4103,0.0195,0.0977,0.2930,-0.0195,-0.0195,0.1758,0.0195,0.0977,0.1758,-0.0195,-0.40737,-0.12561,-0.68670,0.57604,-0.12002,-0.97448,-0.50384,0.34860,-1.27329,0.42791,0.30418,-0.86607,0.256,-0.183,0.110,0.037,-0.183,-0.110,-0.037,-0.110,0.110,0.183,0.110,-0.256,30.00,1.200
4.2650,sine,0.9,-0.9998,nan,-0.41497,-0.14107,-0.68656,0.57864,-0.13807,-0.97459,-0.50662,0.34466,-1.27318,0.41600,0.28222,-0.86598,-0.0586,0.3712,0.0195,0.0195,0.4103,-0.0195,0.0195,0.0195,0.0195,0.0586,0.1758,-0.0977,-0.40737,-0.12300,-0.68670,0.57604,-0.11741,-0.97448,-0.50384,0.35120,-1.27329,0.42791,0.30679,-0.86607,0.330,-0.183,0.110,0.037,-0.110,-0.110,-0.037,-0.037,0.110,0.183,0.110,-0.256,30.00,1.200
4.2700,sine,0.9,-0.9998,nan,-0.41490,-0.14001,-0.68647,0.57871,-0.13522,-0.97459,-0.50662,0.34495,-1.27318,0.41651,0.28386,-0.86607,-0.0586,0.6056,-0.0195,-0.0195,0.3321,-0.0195,0.0586,0.0977,0.0195,0.2149,0.2540,-0.0195,-0.40737,-0.12037,-0.68670,0.57604,-0.11478,-0.97448,-0.50384,0.35384,-1.27329,0.42791,0.30942,-0.86607,0.330,-0.183,0.110,0.037,-0.183,-0.110,-0.037,0.037,0.110,0.110,0.183,-0.256,30.00,1.200
4.2750,sine,0.8,-0.9998,nan,-0.41497,-0.13551,-0.68647,0.57864,-0.13357,-0.97451,-0.50659,0.34535,-1.27318,0.41709,0.28543,-0.86607,0.0586,0.5275,0.0977,0.0195,0.3712,0.0586,-0.0586,0.2540,-0.0977,0.0586,0.2540,-0.0195,-0.40737,-0.11771,-0.68670,0.57604,-0.11212,-0.97448,-0.50384,0.35650,-1.27329,0.42791,0.31208,-0.86607,0.330,-0.183,0.110,0.037,-0.183,-0.110,-0.037,0.110,0.110,0.110,0.110,-0.256,30.00,1.200
4.2800,sine,0.8,-0.9998,nan,-0.41490,-0.13339,-0.68647,0.57864,-0.13112,-0.97459,-0.50647,0.34564,-1.27318,0.41768,0.28759,-0.86598,0.0195,0.3712,0.0195,0.0195,0.3712,-0.0195,-0.0195,0.0195,0.0195,0.2540,0.2930,0.0195,-0.40737,-0.11502,-0.68670,0.57604,-0.10943,-0.97448,-0.50384,0.35919,-1.27329,0.42791,0.31477,-0.86607,0.330,-0.110,0.110,0.037,-0.110,-0.037,-0.037,0.183,0.037,0.037,0.110,-0.037,30.00,1.200
4.2850,sine,0.8,-0.9998,nan,-0.41490,-0.13083,-0.68647,0.57864,-0.12875,-0.97459,-0.50647,0.34583,-1.27318,0.41779,0.28956,-0.86607,0.0977,0.5275,0.0195,0.1368,0.4884,-0.0195,-0.0195,0.1758,0.0195,0.0586,0.4884,-0.0195,-0.40737,-0.11231,-0.68670,0.57604,-0.10672,-0.97448,-0.50384,0.36190,-1.27329,0.42791,0.31748,-0.86607,0.330,-0.183,0.110,0.037,-0.183,-0.110,0.037,0.256,0.110,0.110,0.037,-0.110,30.00,1.200
4.2900,sine,0.8,-0.9998,nan,-0.41490,-0.12838,-0.68647,0.57864,-0.12593,-0.97459,-0.50647,0.34674,-1.27318,0.41896,0.29040,-0.86598,0.0195,0.5275,0.0586,-0.0977,0.5275,-0.0195,-0.1368,0.0977,0.0195,0.0586,0.4103,-0.0195,-0.40737,-0.10958,-0.68670,0.57604,-0.10399,-0.97448,-0.50384,0.36463,-1.27329,0.42791,0.32021,-0.86607,0.330,-0.110,0.110,0.037,-0.183,-0.037,-0.037,0.256,0.110,0.037,0.037,-0.256,30.00,1.200
4.2950,sine,0.7,-0.9998,nan,-0.41490,-0.12634,-0.68647,0.57875,-0.12458,-0.97457,-0.50647,0.34740,-1.27318,0.41936,0.29340,-0.86607,0.0586,0.4884,0.0195,0.0195,0.3321,0.0586,-0.0586,0.1758,0.0195,0.1368,0.2930,-0.0195,-0.40737,-0.10683,-0.68670,0.57604,-0.10123,-0.97448,-0.50384,0.36738,-1.27329,0.42791,0.32296,-0.86607,0.330,-0.110,0.110,0.037,-0.256,-0.110,-0.037,0.256,0.110,-0.037,0.037,-0.110,30.00,1.200
4.3000,sine,0.7,-0.9998,nan,-0.41486,-0.12279,-0.68647,0.57875,-0.12147,-0.97459,-0.50659,0.34886,-1.27327,0.42013,0.29607,-0.86607,-0.0586,0.7228,0.0195,0.1368,0.5275,-0.0195,-0.0195,0.2540,0.0977,0.1758,0.3712,-0.0195,-0.40737,-0.10406,-0.68670,0.57604,-0.09846,-0.97448,-0.50384,0.37015,-1.27329,0.42791,0.32573,-0.86607,0.330,-0.183,0.037,0.037,-0.183,-0.110,-0.037,0.256,0.110,-0.037,0.037,-0.037,30.00,1.200
4.3050,sine,0.7,-0.9998,nan,-0.41486,-0.12071,-0.68647,0.57875,-0.11902,-0.97448,-0.50659,0.34985,-1.27318,0.42075,0.29658,-0.86598,-0.0195,0.3712,0.0195,0.1368,0.5275,-0.0195,-0.0195,0.2930,-0.0977,0.0977,0.4103,-0.0195,-0.40737,-0.10127,-0.68670,0.57604,-0.09568,-0.97448,-0.50384,0.37294,-1.27329,0.42791,0.32852,-0.86607,0.330,-0.183,0.037,0.037,-0.183,-0.037,-0.037,0.256,0.110,-0.037,0.037,-0.037,30.00,1.200
4.3100,sine,0.7,-0.9998,nan,-0.41490,-0.11822,-0.68647,0.57864,-0.11632,-0.97451,-0.50647,0.35109,-1.27318,0.42111,0.30064,-0.86607,0.0195,0.6447,0.0195,0.0195,0.5665,-0.0977,-0.1368,0.2930,-0.0586,0.0977,0.4103,-0.0977,-0.40737,-0.09847,-0.68670,0.57604,-0.09288,-0.97448,-0.50384,0.37573,-1.27329,0.42791,0.33132,-0.86607,0.330,-0.183,0.110,0.037,-0.256,-0.110,-0.037,0.256,0.110,-0.037,0.037,0.037,30.00,1.200
4.3150,sine,0.7,-0.9998,nan,-0.41490,-0.11584,-0.68647,0.57864,-0.11416,-0.97451,-0.50644,0.35230,-1.27327,0.42170,0.30236,-0.86607,0.0977,0.4103,0.0195,0.0195,0.4493,-0.0586,-0.0586,0.3712,0.0195,0.0977,0.4103,0.0586,-0.40737,-0.09567,-0.68670,0.57604,-0.09007,-0.97448,-0.50384,0.37854,-1.27329,0.42791,0.33412,-0.86607,0.330,-0.110,0.037,0.037,-0.256,-0.110,-0.037,0.256,0.110,0.037,0.110,-0.037,30.00,1.200
4.3200,sine,0.6,-0.9998,nan,-0.41486,-0.11310,-0.68647,0.57864,-0.11084,-0.97448,-0.50651,0.35409,-1.27327,0.42206,0.30477,-0.86607,-0.0195,0.5275,0.0586,0.0586,0.5275,-0.0586,-0.0195,0.3321,-0.0586,0.0195,0.2930,0.0195,-0.40737,-0.09285,-0.68670,0.57604,-0.08726,-0.97448,-0.50384,0.38136,-1.27329,0.42791,0.33694,-0.86607,0.330,-0.183,0.110,-0.037,-0.256,-0.110,0.037,0.330,0.110,0.037,0.183,-0.256,30.00,1.200
4.3250,sine,0.6,-0.9998,nan,-0.41490,-0.11109,-0.68647,0.57864,-0.10817,-0.97459,-0.50644,0.35537,-1.27315,0.42214,0.30623,-0.86607,0.0195,0.5275,-0.0195,0.0195,0.4884,-0.0195,-0.0195,0.2930,0.0195,0.0195,0.2930,-0.0195,-0.40737,-0.09003,-0.68670,0.57604,-0.08444,-0.97448,-0.50384,0.38418,-1.27329,0.42791,0.33976,-0.86607,0.330,-0.183,0.110,0.037,-0.256,-0.110,-0.037,0.403,0.110,0.037,0.183,0.037,30.00,1.200
4.3300,sine,0.6,-0.9998,nan,-0.41497,-0.10853,-0.68647,0.57864,-0.10645,-0.97457,-0.50647,0.35683,-1.27318,0.42247,0.30810,-0.86601,0.0195,0.6056,0.0195,0.1368,0.6838,0.0586,0.0195,0.3321,0.0195,-0.0195,0.2540,0.0977,-0.40737,-0.08720,-0.68670,0.57604,-0.08161,-0.97448,-0.50384,0.38701,-1.27329,0.42791,0.34259,-0.86607,0.330,-0.110,0.037,0.037,-0.256,-0.110,-0.037,0.330,0.110,-0.037,0.256,-0.110,30.00,1.200
4.3350,sine,0.6,-0.9998,nan,-0.41490,-0.10608,-0.68647,0.57864,-0.10276,-0.97448,-0.50644,0.35921,-1.27318,0.42239,0.31004,-0.86607,0.0586,0.4884,0.0195,0.0195,0.4493,-0.0586,0.0977,0.4103,0.0195,-0.0195,0.2930,-0.0195,-0.40737,-0.08438,-0.68670,0.57604,-0.07878,-0.97448,-0.50384,0.38983,-1.27329,0.42791,0.34541,-0.86607,0.330,-0.110,0.110,-0.037,-0.256,-0.110,-0.037,0.256,0.037,-0.037,0.256,-0.110,30.00,1.200
4.3400,sine,0.6,-0.9998,nan,-0.41490,-0.10349,-0.68647,0.57875,-0.10045,-0.97457,-0.50647,0.36074,-1.27327,0.42250,0.31219,-0.86607,0.0195,0.5275,0.0195,-0.1368,0.5275,0.0195,-0.0195,0.2930,-0.0586,-0.0195,0.4103,-0.0586,-0.40737,-0.08155,-0.68670,0.57604,-0.07596,-0.97448,-0.50384,0.39266,-1.27329,0.42791,0.34824,-0.86607,0.256,-0.110,0.110,0.037,-0.256,-0.110,-0.037,0.256,0.183,0.037,0.330,-0.256,30.00,1.200
4.3450,sine,0.5,-0.9998,nan,-0.41490,-0.10085,-0.68647,0.57864,-0.09870,-0.97448,-0.50644,0.36173,-1.27327,0.42247,0.31351,-0.86607,0.0195,0.5665,0.0195,0.0977,0.4884,-0.0195,-0.0195,0.0586,0.0586,0.0195,0.2930,0.0586,-0.40737,-0.07873,-0.68670,0.57604,-0.07313,-0.97448,-0.50384,0.39548,-1.27329,0.42791,0.35106,-0.86607,0.330,-0.037,0.110,0.037,-0.256,-0.037,0.037,0.696,0.110,0.110,0.330,-0.256,30.00,1.200
4.3500,sine,0.5,-0.9998,nan,-0.41479,-0.09811,-0.68647,0.57875,-0.09559,-0.97459,-0.50647,0.36217,-1.27318,0.42247,0.31585,-0.86607,0.1368,0.6447,0.0195,0.0195,0.5275,-0.0195,-0.0586,0.0977,0.0977,-0.0195,0.2540,-0.0195,-0.40737,-0.07591,-0.68670,0.57604,-0.07031,-0.97448,-0.50384,0.39830,-1.27329,0.42791,0.35388,-0.86607,0.256,-0.183,0.110,-0.037,-0.256,-0.110,0.037,0.769,0.110,0.037,0.330,-0.037,30.00,1.200
4.3550,sine,0.5,-0.9998,nan,-0.41468,-0.09526,-0.68647,0.57875,-0.09215,-0.97451,-0.50644,0.36315,-1.27327,0.42247,0.31731,-0.86607,0.0195,0.4493,-0.0195,0.0195,0.5665,-0.0977,-0.0195,0.1758,0.0195,-0.0195,0.4103,-0.0195,-0.40737,-0.07310,-0.68670,0.57604,-0.06750,-0.97448,-0.50384,0.40111,-1.27329,0.42791,0.35669,-0.86607,0.330,-0.110,0.110,0.037,-0.256,-0.110,-0.110,0.769,0.110,-0.037,0.403,0.037,30.00,1.200
4.3600,sine,0.5,-0.9998,nan,-0.41442,-0.09314,-0.68647,0.57864,-0.08967,-0.97448,-0.50633,0.36407,-1.27329,0.42276,0.31866,-0.86607,0.1368,0.5665,0.0195,0.0195,0.3321,-0.0195,0.1368,0.3712,0.0195,0.0586,0.4103,-0.0195,-0.40737,-0.07030,-0.68670,0.57604,-0.06470,-0.97448,-0.50384,0.40391,-1.27329,0.42791,0.35949,-0.86607,0.183,-0.037,0.183,0.037,-0.183,-0.110,-0.037,0.769,0.183,0.037,0.330,-0.110,30.00,1.200
4.3650,sine,0.4,-0.9998,nan,-0.41398,-0.09051,-0.68647,0.57842,-0.08759,-0.97448,-0.50629,0.36527,-1.27327,0.42360,0.32228,-0.86607,0.0977,0.5665,0.0195,0.0195,0.4103,0.0195,-0.0195,0.2930,0.0195,0.0977,0.4103,-0.0195,-0.40737,-0.06751,-0.68670,0.57604,-0.06191,-0.97448,-0.50384,0.40670,-1.27329,0.42791,0.36228,-0.86607,0.256,-0.037,-0.037,0.037,-0.110,-0.110,-0.037,0.769,0.037,-0.110,0.330,-0.037,30.00,1.200
4.3700,sine,0.4,-0.9998,nan,-0.41362,-0.08773,-0.68647,0.57824,-0.08565,-0.97457,-0.50629,0.36725,-1.27327,0.42448,0.32462,-0.86607,0.0195,0.3321,0.0195,-0.0195,0.3712,0.0586,0.0195,0.3321,0.0195,-0.0195,0.4103,-0.0195,-0.40737,-0.06473,-0.68670,0.57604,-0.05914,-0.97448,-0.50384,0.40948,-1.27329,0.42791,0.36506,-0.86607,0.183,0.037,0.110,0.110,0.037,-0.110,-0.037,0.696,0.110,-0.110,0.330,-0.110,30.00,1.200
4.3750,sine,0.4,-0.9998,nan,-0.41329,-0.08649,-0.68647,0.57791,-0.08331,-0.97457,-0.50629,0.36915,-1.27327,0.42484,0.32704,-0.86598,0.0195,0.5275,0.0195,0.0195,0.2540,0.0586,-0.0195,0.3712,0.0195,0.0195,0.4493,-0.0195,-0.40737,-0.06197,-0.68670,0.57604,-0.05638,-0.97448,-0.50384,0.41223,-1.27329,0.42791,0.36782,-0.86607,0.183,0.110,0.037,0.110,0.037,-0.110,-0.037,0.623,0.110,-0.110,0.330,-0.256,30.00,1.200
4.3800,sine,0.4,-0.9998,nan,-0.41278,-0.08437,-0.68638,0.57769,-0.08181,-0.97448,-0.50626,0.37123,-1.27327,0.42513,0.32981,-0.86607,0.0977,0.3712,0.0195,0.0195,0.3712,-0.0195,-0.0195,0.4493,0.0195,0.1368,0.4493,-0.0195,-0.40737,-0.05923,-0.68670,0.57604,-0.05364,-0.97448,-0.50384,0.41497,-1.27329,0.42791,0.37056,-0.86607,0.183,0.183,0.110,0.037,0.037,-0.110,-0.037,0.623,0.110,-0.183,0.256,-0.037,30.00,1.200
4.3850,sine,0.4,-0.9998,nan,-0.41219,-0.08250,-0.68641,0.57762,-0.08020,-0.97448,-0.50629,0.37299,-1.27327,0.42576,0.33201,-0.86598,0.1368,0.5275,0.0195,0.0195,0.3712,-0.0586,-0.0195,0.6056,-0.0195,0.0586,0.5665,-0.0195,-0.40737,-0.05651,-0.68670,0.57604,-0.05092,-0.97448,-0.50384,0.41769,-1.27329,0.42791,0.37328,-0.86607,0.183,0.183,0.037,0.110,0.037,-0.110,0.037,0.696,0.037,-0.183,0.183,-0.037,30.00,1.200
4.3900,sine,0.3,-0.9998,nan,-0.41212,-0.08086,-0.68638,0.57747,-0.07797,-0.97448,-0.50633,0.37584,-1.27329,0.42623,0.33526,-0.86607,0.0195,0.2930,0.0195,-0.0977,0.3712,0.0195,0.0977,0.4493,0.0195,0.0977,0.5665,-0.0195,-0.40737,-0.05382,-0.68670,0.57604,-0.04823,-0.97448,-0.50384,0.42039,-1.27329,0.42791,0.37597,-0.86607,0.183,0.183,0.037,0.110,0.037,-0.110,-0.037,0.623,0.110,-0.183,0.183,-0.110,30.00,1.200
4.3950,sine,0.3,-0.9998,nan,-0.41183,-0.07921,-0.68633,0.57740,-0.07578,-0.97448,-0.50644,0.37832,-1.27327,0.42630,0.33756,-0.86607,0.0977,0.3712,0.0195,-0.0586,0.4493,-0.0195,-0.0195,0.6056,0.0977,-0.0195,0.5275,0.0195,-0.40737,-0.05115,-0.68670,0.57604,-0.04556,-0.97448,-0.50384,0.42306,-1.27329,0.42791,0.37864,-0.86607,0.183,0.256,0.037,0.037,-0.037,-0.110,0.037,0.623,0.037,-0.183,0.256,0.037,30.00,1.200
4.4000,sine,0.3,-0.9998,nan,-0.41154,-0.07727,-0.68633,0.57740,-0.07388,-0.97448,-0.50644,0.38118,-1.27327,0.42682,0.33800,-0.86607,0.2149,0.2540,0.0195,-0.0977,0.3321,-0.0195,-0.1368,0.6838,0.0977,-0.0195,0.5665,-0.0195,-0.40737,-0.04851,-0.68670,0.57604,-0.04291,-0.97448,-0.50384,0.42570,-1.27329,0.42791,0.38128,-0.86607,0.183,0.256,0.037,0.037,0.037,-0.110,0.037,0.476,0.037,-0.110,0.183,0.037,30.00,1.200
4.4050,sine,0.3,-0.9998,nan,-0.41117,-0.07680,-0.68641,0.57729,-0.07099,-0.97448,-0.50629,0.38330,-1.27327,0.42696,0.33990,-0.86601,0.0977,-0.1368,0.0195,-0.1368,0.4103,0.0195,-0.0195,0.6056,0.0586,-0.0195,0.6447,-0.0195,-0.40737,-0.04589,-0.68670,0.57604,-0.04030,-0.97448,-0.50384,0.42832,-1.27329,0.42791,0.38390,-0.86607,0.183,0.696,0.110,0.037,-0.037,-0.110,-0.037,0.549,0.110,-0.110,0.183,0.037,30.00,1.200
4.4100,sine,0.3,-0.9998,nan,-0.41110,-0.07687,-0.68647,0.57729,-0.06858,-0.97442,-0.50629,0.38670,-1.27332,0.42696,0.34480,-0.86607,0.0195,-0.0586,-0.0195,-0.0977,0.4493,-0.0586,-0.0195,0.5665,0.0195,-0.0195,0.6056,0.0195,-0.40737,-0.04331,-0.68670,0.57604,-0.03772,-0.97448,-0.50384,0.43090,-1.27329,0.42791,0.38648,-0.86607,0.183,0.842,0.183,0.110,0.110,-0.110,-0.037,0.549,0.110,-0.110,0.183,-0.110,30.00,1.200
4.4150,sine,0.2,-0.9998,nan,-0.41135,-0.07687,-0.68647,0.57718,-0.06700,-0.97448,-0.50622,0.38922,-1.27327,0.42755,0.34648,-0.86607,-0.0977,0.0977,0.0195,-0.0195,0.1758,0.0195,-0.0195,0.6447,-0.0195,-0.0195,0.5665,0.0195,-0.40737,-0.04076,-0.68670,0.57604,-0.03517,-0.97448,-0.50384,0.43345,-1.27329,0.42791,0.38903,-0.86607,0.256,0.916,0.037,0.037,0.256,-0.110,-0.037,0.476,0.110,-0.183,0.183,-0.110,30.00,1.200
4.4200,sine,0.2,-0.9998,nan,-0.41139,-0.07651,-0.68638,0.57718,-0.06657,-0.97448,-0.50604,0.39291,-1.27327,0.42780,0.34648,-0.86607,-0.0586,0.1758,0.0195,0.0195,0.1368,-0.0586,0.0586,0.6447,0.0195,-0.0195,0.5665,-0.0586,-0.40737,-0.03825,-0.68670,0.57604,-0.03266,-0.97448,-0.50384,0.43596,-1.27329,0.42791,0.39154,-0.86607,0.256,0.916,0.110,0.037,0.549,-0.110,-0.037,0.403,0.110,-0.183,0.183,-0.256,30.00,1.200
4.4250,sine,0.2,-0.9998,nan,-0.41139,-0.07603,-0.68641,0.57718,-0.06536,-0.97451,-0.50585,0.39580,-1.27329,0.42780,0.35412,-0.86607,0.0195,0.1368,0.0195,0.0195,0.2540,0.0195,-0.0977,0.6447,-0.0195,-0.0195,0.4884,-0.0586,-0.40737,-0.03577,-0.68670,0.57604,-0.03018,-0.97448,-0.50384,0.43844,-1.27329,0.42791,0.39402,-0.86607,0.183,0.989,0.110,0.037,0.476,-0.037,-0.037,0.549,0.110,-0.183,0.256,-0.037,30.00,1.200
4.4300,sine,0.2,-0.9998,nan,-0.41135,-0.07534,-0.68638,0.57707,-0.06426,-0.97442,-0.50574,0.39902,-1.27327,0.42857,0.35412,-0.86607,-0.0586,0.1368,0.0977,0.0195,0.1368,-0.0195,0.0586,0.7228,0.0195,0.0586,0.4884,0.0195,-0.40737,-0.03334,-0.68670,0.57604,-0.02774,-0.97448,-0.50384,0.44087,-1.27329,0.42791,0.39645,-0.86607,0.183,0.916,0.110,0.037,0.549,-0.110,-0.037,0.330,0.110,-0.183,0.256,-0.037,30.00,1.200
4.4350,sine,0.2,-0.9998,nan,-0.41146,-0.07472,-0.68647,0.57707,-0.06324,-0.97448,-0.50574,0.40026,-1.27329,0.42875,0.35847,-0.86607,-0.0586,0.2149,0.0195,0.0195,0.0977,0.0195,-0.0195,0.5665,0.0195,0.1368,0.5665,-0.0195,-0.40737,-0.03094,-0.68670,0.57604,-0.02535,-0.97448,-0.50384,0.44327,-1.27329,0.42791,0.39885,-0.86607,0.256,0.916,0.110,0.037,0.549,-0.110,-0.037,0.330,0.110,-0.183,0.183,-0.037,30.00,1.200
4.4400,sine,0.1,-0.9998,nan,-0.41146,-0.07333,-0.68647,0.57703,-0.06258,-0.97451,-0.50574,0.40406,-1.27332,0.42875,0.36158,-0.86607,0.0195,0.2930,0.0195,0.0195,0.2540,-0.0195,-0.0195,0.6447,0.0195,0.1368,0.5665,-0.0195,-0.40737,-0.02859,-0.68670,0.57604,-0.02300,-0.97448,-0.50384,0.44562,-1.27329,0.42791,0.40120,-0.86607,0.183,0.989,0.037,0.037,0.623,-0.110,-0.037,0.403,0.183,-0.183,0.256,-0.037,30.00,1.200
4.4450,sine,0.1,-0.9998,nan,-0.41146,-0.07172,-0.68641,0.57699,-0.06105,-0.97448,-0.50567,0.40812,-1.27332,0.42912,0.36158,-0.86607,0.0586,0.2149,0.0195,0.0195,0.2540,-0.0195,0.0586,0.4103,0.0195,0.0195,0.5665,-0.0195,-0.40737,-0.02629,-0.68670,0.57604,-0.02069,-0.97448,-0.50384,0.44792,-1.27329,0.42791,0.40350,-0.86607,0.183,0.916,0.110,0.110,0.549,-0.110,-0.037,0.403,0.110,-0.183,0.256,-0.037,30.00,1.200
4.4500,sine,0.1,-0.9998,nan,-0.41124,-0.07062,-0.68647,0.57656,-0.05966,-0.97448,-0.50571,0.40991,-1.27329,0.42912,0.36725,-0.86607,0.0195,0.2930,0.0195,-0.2149,0.2540,-0.0586,-0.0195,0.5275,-0.0195,0.0195,0.6838,-0.0195,-0.40737,-0.02403,-0.68670,0.57604,-0.01843,-0.97448,-0.50384,0.45018,-1.27329,0.42791,0.40576,-0.86607,0.256,0.989,0.183,0.183,0.623,-0.037,-0.037,0.403,0.110,-0.110,0.037,-0.037,30.00,1.200
4.4550,sine,0.1,-0.9998,nan,-0.41117,-0.06956,-0.68647,0.57582,-0.05914,-0.97445,-0.50589,0.41397,-1.27338,0.42912,0.36992,-0.86607,0.0195,0.3712,0.0195,-0.0977,0.2540,-0.0586,-0.0977,0.6447,-0.0195,0.0195,0.6838,0.0195,-0.40737,-0.02182,-0.68670,0.57604,-0.01623,-0.97448,-0.50384,0.45239,-1.27329,0.42791,0.40797,-0.86607,0.110,1.062,0.183,0.256,0.623,-0.110,-0.037,0.403,0.110,-0.110,0.037,-0.256,30.00,1.200
4.4600,sine,0.0,-0.9998,nan,-0.41088,-0.06890,-0.68647,0.57531,-0.05728,-0.97448,-0.50611,0.41624,-1.27338,0.42923,0.36992,-0.86607,0.1368,0.2540,0.0195,-0.0586,0.1758,-0.0195,-0.0195,0.6056,-0.0977,-0.0195,0.6838,0.0195,-0.40737,-0.01966,-0.68670,0.57604,-0.01407,-0.97448,-0.50384,0.45455,-1.27329,0.42791,0.41013,-0.86607,0.183,1.062,0.110,0.256,0.769,-0.110,0.037,0.403,0.110,-0.183,0.037,-0.256,30.00,1.200
4.4650,sine,0.1,-0.9998,nan,-0.41069,-0.06730,-0.68641,0.57509,-0.05585,-0.97448,-0.50622,0.41960,-1.27329,0.42923,0.37807,-0.86607,0.0977,0.2540,-0.0586,0.0195,0.2540,-0.0195,-0.0586,0.4884,0.0977,-0.0977,0.6056,0.0195,-0.40737,-0.01755,-0.68670,0.57604,-0.01196,-0.97448,-0.50384,0.45665,-1.27329,0.42791,0.41224,-0.86607,0.183,1.136,0.037,0.183,0.696,-0.110,-0.037,0.403,0.037,-0.183,0.037,-0.256,30.00,1.200
4.4700,sine,0.1,-0.9998,nan,-0.41040,-0.06536,-0.68641,0.57469,-0.05450,-0.97451,-0.50647,0.42216,-1.27332,0.42897,0.37854,-0.86607,0.0195,0.2540,0.0195,0.0195,0.3321,-0.0977,-0.1758,0.4884,-0.0977,-0.0195,0.4493,0.0195,-0.40737,-0.01550,-0.68670,0.57604,-0.00991,-0.97448,-0.50384,0.45871,-1.27329,0.42791,0.41429,-0.86607,0.110,1.062,0.037,0.183,0.696,-0.037,0.037,0.476,0.110,-0.110,0.037,-0.183,30.00,1.200
4.4750,sine,1.0,-0.9998,nan,-0.41004,-0.06496,-0.68641,0.57458,-0.05355,-0.97442,-0.50677,0.42413,-1.27338,0.42894,0.37854,-0.86601,-0.0195,0.2540,0.0195,-0.1758,0.1758,-0.0586,-0.0977,0.8791,0.0195,-0.0977,0.4493,-0.0195,-0.40737,-0.01351,-0.68670,0.57604,-0.00791,-0.97448,-0.50384,0.46070,-1.27329,0.42791,0.41628,-0.86607,0.110,1.136,0.037,0.183,0.842,-0.110,0.037,0.403,0.110,-0.037,0.037,-0.110,30.00,1.200
4.4800,sine,1.0,-0.9998,nan,-0.40967,-0.06419,-0.68647,0.57414,-0.05242,-0.97451,-0.50691,0.42698,-1.27338,0.42879,0.38410,-0.86601,-0.0195,0.0977,-0.0195,-0.0195,0.2540,-0.0586,-0.0195,0.3712,0.0195,-0.0977,0.4884,-0.0195,-0.40737,-0.01157,-0.68670,0.57604,-0.00597,-0.97448,-0.50384,0.46264,-1.27329,0.42791,0.41822,-0.86607,0.110,1.136,0.110,0.256,0.769,-0.110,0.037,0.403,0.110,-0.110,0.110,-0.110,30.00,1.200
4.4850,sine,1.0,-0.9998,nan,-0.40956,-0.06294,-0.68641,0.57396,-0.05107,-0.97442,-0.50699,0.42746,-1.27338,0.42864,0.38542,-0.86601,0.0195,0.0977,0.0195,-0.0977,0.2540,-0.0195,-0.0195,0.6447,0.1368,0.0195,0.4493,-0.0195,-0.40737,-0.00969,-0.68670,0.57604,-0.00409,-0.97448,-0.50384,0.46452,-1.27329,0.42791,0.42010,-0.86607,0.037,1.282,0.110,0.256,0.842,-0.110,-0.037,0.403,0.183,-0.037,0.110,-0.110,30.00,1.200
4.4900,sine,0.9,-0.9998,nan,-0.40920,-0.06294,-0.68641,0.57374,-0.05019,-0.97448,-0.50699,0.43053,-1.27338,0.42850,0.38542,-0.86601,0.0195,0.0977,-0.0195,-0.0195,0.2540,0.0195,0.0586,0.6056,-0.0195,-0.0586,0.4493,-0.0195,-0.40737,-0.00787,-0.68670,0.57604,-0.00228,-0.97448,-0.50384,0.46634,-1.27329,0.42791,0.42192,-0.86607,0.037,1.282,0.110,0.256,0.842,-0.110,0.037,0.330,0.110,-0.037,0.110,-0.110,30.00,1.200
4.4950,sine,0.9,-0.9998,nan,-0.40883,-0.06137,-0.68641,0.57367,-0.04873,-0.97442,-0.50699,0.43360,-1.27338,0.42850,0.39192,-0.86601,0.0977,0.2540,0.0195,0.0195,0.2540,0.0195,-0.0195,0.4884,-0.0195,-0.0586,0.4884,-0.0195,-0.40737,-0.00611,-0.68670,0.57604,-0.00052,-0.97448,-0.50384,0.46810,-1.27329,0.42791,0.42368,-0.86607,0.037,1.282,0.037,0.256,0.916,-0.110,-0.037,0.403,0.110,-0.037,0.110,-0.110,30.00,1.200
4.5000,sine,0.9,-0.9998,nan,-0.40865,-0.05998,-0.68641,0.57334,-0.04723,-0.97442,-0.50699,0.43400,-1.27344,0.42839,0.39244,-0.86601,0.0977,0.0977,-0.0195,-0.0977,0.1758,-0.0195,-0.0977,0.5275,0.0195,-0.0195,0.5275,-0.0195,-0.40737,-0.00442,-0.68670,0.57604,0.00118,-0.97448,-0.50384,0.46979,-1.27329,0.42791,0.42537,-0.86607,0.037,1.355,0.183,0.183,0.916,-0.110,-0.037,0.403,0.183,-0.037,0.037,-0.110,30.00,1.200
4.5050,sine,0.9,-0.9998,nan,-0.40846,-0.05973,-0.68638,0.57312,-0.04679,-0.97442,-0.50699,0.43865,-1.27338,0.42839,0.39642,-0.86601,0.0195,0.2930,-0.0195,-0.0586,0.1758,0.0195,-0.0195,0.4103,-0.0195,0.0586,0.3712,-0.0195,-0.40737,-0.00279,-0.68670,0.57604,0.00281,-0.97448,-0.50384,0.47142,-1.27329,0.42791,0.42700,-0.86607,0.037,1.355,0.110,0.256,0.916,-0.110,0.037,0.403,0.037,-0.037,0.110,-0.110,30.00,1.200
4.5100,sine,0.9,-0.9998,nan,-0.40824,-0.05779,-0.68638,0.57294,-0.04554,-0.97442,-0.50677,0.44055,-1.27344,0.42839,0.39861,-0.86601,0.0195,0.2540,0.0977,0.0195,0.1758,0.0195,-0.0586,0.5275,0.0195,0.0586,0.3321,-0.0195,-0.40737,-0.00122,-0.68670,0.57604,0.00437,-0.97448,-0.50384,0.47298,-1.27329,0.42791,0.42857,-0.86607,0.037,1.429,0.110,0.256,0.989,-0.110,-0.037,0.403,0.110,-0.037,0.037,-0.110,30.00,1.200
4.5150,sine,0.8,-0.9998,nan,-0.40810,-0.05717,-0.68638,0.57283,-0.04452,-0.97442,-0.50688,0.44285,-1.27344,0.42846,0.39861,-0.86607,0.0195,0.2540,0.0195,-0.0977,0.1758,-0.0195,-0.0195,0.4103,0.0195,-0.0195,0.3321,-0.0195,-0.40737,0.00027,-0.68670,0.57604,0.00587,-0.97448,-0.50384,0.47448,-1.27329,0.42791,0.43006,-0.86607,0.183,1.502,0.037,0.256,1.062,-0.110,-0.037,0.403,0.110,-0.110,0.037,-0.256,30.00,1.200
4.5200,sine,0.8,-0.9998,nan,-0.40799,-0.05629,-0.68641,0.57261,-0.04416,-0.97442,-0.50669,0.44329,-1.27338,0.42846,0.40282,-0.86601,0.0195,0.1368,0.0977,0.0195,0.2540,-0.0195,0.0586,0.4103,-0.0195,-0.0195,0.2930,0.0195,-0.40737,0.00170,-0.68670,0.57604,0.00729,-0.97448,-0.50384,0.47591,-1.27329,0.42791,0.43149,-0.86607,0.037,1.502,0.110,0.256,0.989,-0.110,-0.037,0.476,0.110,-0.037,0.110,-0.037,30.00,1.200
4.5250,sine,0.8,-0.9998,nan,-0.40788,-0.05560,-0.68633,0.57243,-0.04288,-0.97442,-0.50662,0.44621,-1.27338,0.42857,0.40410,-0.86601,0.0195,0.0977,0.0195,0.0195,0.1758,-0.0195,-0.0977,0.4884,0.0195,-0.0586,0.2540,0.0195,-0.40737,0.00306,-0.68670,0.57604,0.00865,-0.97448,-0.50384,0.47727,-1.27329,0.42791,0.43285,-0.86607,0.110,1.648,0.110,0.256,1.062,-0.110,-0.037,0.403,0.110,-0.183,0.183,-0.037,30.00,1.200
4.5300,sine,0.8,-0.9998,nan,-0.40781,-0.05523,-0.68641,0.57243,-0.04171,-0.97442,-0.50659,0.44873,-1.27338,0.42857,0.40410,-0.86601,-0.0195,0.2930,0.0195,0.1368,0.2540,-0.0195,-0.0195,0.4103,0.0195,-0.0195,0.2540,0.0195,-0.40737,0.00435,-0.68670,0.57604,0.00994,-0.97448,-0.50384,0.47855,-1.27329,0.42791,0.43414,-0.86607,0.037,1.575,0.110,0.256,1.136,-0.110,-0.037,0.476,0.110,-0.110,0.183,-0.037,30.00,1.200
4.5350,sine,0.7,-0.9998,nan,-0.40777,-0.05476,-0.68641,0.57217,-0.04094,-0.97442,-0.50647,0.45038,-1.27341,0.42857,0.40808,-0.86601,0.0195,0.0977,0.0586,-0.1368,0.1758,0.0195,-0.0195,0.2930,0.0586,-0.0195,0.2540,0.0195,-0.40737,0.00556,-0.68670,0.57604,0.01115,-0.97448,-0.50384,0.47977,-1.27329,0.42791,0.43535,-0.86607,0.110,1.648,0.110,0.256,1.062,-0.110,-0.037,0.476,0.110,-0.183,0.183,-0.037,30.00,1.200
4.5400,sine,0.7,-0.9998,nan,-0.40770,-0.05388,-0.68641,0.57199,-0.03980,-0.97448,-0.50651,0.45067,-1.27338,0.42864,0.40914,-0.86601,0.1368,0.1758,0.0195,0.0977,0.1758,-0.0586,0.0195,0.4103,-0.0195,-0.0195,0.3712,0.0195,-0.40737,0.00671,-0.68670,0.57604,0.01230,-0.97448,-0.50384,0.48091,-1.27329,0.42791,0.43650,-0.86607,0.037,1.722,0.037,0.256,1.209,-0.110,-0.037,0.476,0.110,-0.183,0.110,-0.037,30.00,1.200
4.5450,sine,0.7,-0.9998,nan,-0.40759,-0.05388,-0.68641,0.57188,-0.03918,-0.97442,-0.50644,0.45283,-1.27344,0.42857,0.40914,-0.86601,0.1368,0.1758,-0.0195,-0.0977,0.1758,-0.0195,-0.0195,0.3321,0.0195,-0.0195,0.3712,0.0195,-0.40737,0.00778,-0.68670,0.57604,0.01337,-0.97448,-0.50384,0.48198,-1.27329,0.42791,0.43757,-0.86607,0.037,1.722,0.110,0.256,1.136,-0.110,-0.037,0.476,0.183,-0.183,0.110,-0.037,30.00,1.200
4.5500,sine,0.7,-0.9998,nan,-0.40759,-0.05388,-0.68641,0.57180,-0.03860,-0.97442,-0.50633,0.45491,-1.27344,0.42857,0.41302,-0.86601,-0.0586,0.1758,0.0977,0.0977,0.0586,-0.0195,0.0977,0.2930,0.0195,-0.0195,0.3321,0.0195,-0.40737,0.00877,-0.68670,0.57604,0.01436,-0.97448,-0.50384,0.48298,-1.27329,0.42791,0.43856,-0.86607,0.037,1.722,0.110,0.256,1.209,-0.110,-0.037,0.476,0.183,-0.183,0.183,-0.037,30.00,1.200
4.5550,sine,0.7,-0.9998,nan,-0.40759,-0.05278,-0.68641,0.57169,-0.03765,-0.97442,-0.50640,0.45678,-1.27344,0.42857,0.41375,-0.86601,0.0195,0.0977,0.0195,-0.0977,0.0586,-0.0195,0.1368,0.2930,0.0586,-0.0195,0.3712,0.0195,-0.40737,0.00969,-0.68670,0.57604,0.01528,-0.97448,-0.50384,0.48390,-1.27329,0.42791,0.43948,-0.86607,0.037,1.722,0.110,0.256,1.209,-0.110,-0.037,0.403,0.110,-0.110,0.183,-0.037,30.00,1.200
4.5600,sine,0.6,-0.9998,nan,-0.40751,-0.05278,-0.68641,0.57158,-0.03703,-0.97442,-0.50647,0.45828,-1.27344,0.42857,0.41638,-0.86601,0.0977,0.0977,-0.0195,-0.0195,0.0586,-0.0195,-0.0195,0.2540,0.0195,-0.0195,0.2540,0.0195,-0.40737,0.01053,-0.68670,0.57604,0.01613,-0.97448,-0.50384,0.48474,-1.27329,0.42791,0.44032,-0.86607,0.037,1.722,0.110,0.256,1.282,-0.110,-0.037,0.476,0.110,-0.110,0.183,-0.037,30.00,1.200
4.5650,sine,0.6,-0.9998,nan,-0.40748,-0.05220,-0.68633,0.57147,-0.03633,-0.97442,-0.50644,0.45974,-1.27344,0.42857,0.41737,-0.86601,0.0195,0.0195,-0.0195,0.0195,0.1758,-0.0195,0.0195,0.3321,0.0586,-0.0195,0.2540,0.0195,-0.40737,0.01130,-0.68670,0.57604,0.01689,-0.97448,-0.50384,0.48551,-1.27329,0.42791,0.44109,-0.86607,0.037,1.795,0.037,0.256,1.282,-0.110,-0.037,0.476,0.110,-0.110,0.256,-0.037,30.00,1.200
4.5700,sine,0.6,-0.9998,nan,-0.40744,-0.05165,-0.68633,0.57140,-0.03556,-0.97442,-0.50647,0.46058,-1.27338,0.42850,0.41861,-0.86598,0.0195,0.0195,-0.0586,0.0195,0.1758,-0.0195,-0.0195,0.3321,0.0195,-0.0195,0.2149,-0.0195,-0.40737,0.01199,-0.68670,0.57604,0.01758,-0.97448,-0.50384,0.48620,-1.27329,0.42791,0.44178,-0.86607,0.110,1.868,0.037,0.256,1.355,-0.110,-0.037,0.476,0.110,-0.110,0.256,-0.110,30.00,1.200
4.5750,sine,0.6,-0.9998,nan,-0.40744,-0.05081,-0.68641,0.57118,-0.03512,-0.97442,-0.50647,0.46095,-1.27338,0.42850,0.42099,-0.86607,0.0195,0.1758,0.0195,-0.0977,-0.0195,-0.0195,-0.0195,0.2149,-0.0195,0.0586,0.2149,-0.0586,-0.40737,0.01260,-0.68670,0.57604,0.01820,-0.97448,-0.50384,0.48681,-1.27329,0.42791,0.44239,-0.86607,0.037,1.795,0.110,0.256,1.282,-0.110,-0.037,0.403,0.110,-0.037,0.256,-0.110,30.00,1.200
4.5800,sine,0.6,-0.9998,nan,-0.40740,-0.05070,-0.68638,0.57118,-0.03469,-0.97442,-0.50647,0.46380,-1.27338,0.42846,0.42099,-0.86601,0.0195,0.1368,0.0195,-0.0586,0.0977,-0.0195,-0.0195,0.2930,0.0586,0.0586,0.2149,-0.0195,-0.40737,0.01314,-0.68670,0.57604,0.01873,-0.97448,-0.50384,0.48735,-1.27329,0.42791,0.44293,-0.86607,0.037,1.868,0.183,0.256,1.355,-0.110,-0.037,0.476,0.110,-0.110,0.256,-0.256,30.00,1.200
4.5850,sine,0.5,-0.9998,nan,-0.40740,-0.05019,-0.68641,0.57096,-0.03399,-0.97442,-0.50647,0.46486,-1.27338,0.42846,0.42314,-0.86595,0.0195,0.1758,-0.0195,-0.0977,0.0586,-0.0195,-0.0195,0.4103,0.0195,-0.0977,0.2540,0.0195,-0.40737,0.01359,-0.68670,0.57604,0.01919,-0.97448,-0.50384,0.48780,-1.27329,0.42791,0.44338,-0.86607,0.037,1.795,0.110,0.256,1.282,-0.110,-0.037,0.403,0.183,-0.110,0.183,-0.256,30.00,1.200
4.5900,sine,0.5,-0.9998,nan,-0.40740,-0.04978,-0.68641,0.57096,-0.03344,-0.97442,-0.50659,0.46665,-1.27338,0.42846,0.42402,-0.86607,0.0195,0.0195,0.0586,0.0586,0.0977,-0.0195,-0.0195,0.2540,0.0195,-0.0586,0.2540,0.0195,-0.40737,0.01397,-0.68670,0.57604,0.01956,-0.97448,-0.50384,0.48818,-1.27329,0.42791,0.44376,-0.86607,0.037,1.868,0.110,0.256,1.282,-0.110,0.037,0.403,0.110,-0.110,0.183,-0.110,30.00,1.200
4.5950,sine,0.5,-0.9998,nan,-0.40740,-0.04935,-0.68641,0.57089,-0.03304,-0.97442,-0.50647,0.46752,-1.27344,0.42839,0.42526,-0.86601,0.0195,0.1368,0.0586,0.0195,0.1368,-0.0586,-0.0195,0.2930,0.0195,0.0586,0.1758,-0.0195,-0.40737,0.01427,-0.68670,0.57604,0.01986,-0.97448,-0.50384,0.48848,-1.27329,0.42791,0.44406,-0.86607,0.110,1.868,0.037,0.256,1.282,-0.110,-0.037,0.403,0.110,-0.110,0.183,-0.110,30.00,1.200
4.6000,sine,0.4,-0.9998,nan,-0.40733,-0.04909,-0.68641,0.57074,-0.03249,-0.97442,-0.50647,0.46822,-1.27338,0.42839,0.42625,-0.86598,0.0195,0.0195,-0.0195,-0.0195,0.0977,-0.0195,0.0195,0.2149,0.0195,-0.0195,0.2540,-0.0195,-0.40737,0.01448,-0.68670,0.57604,0.02008,-0.97448,-0.50384,0.48869,-1.27329,0.42791,0.44427,-0.86607,0.037,1.868,0.110,0.256,1.355,-0.110,-0.037,0.403,0.037,-0.037,0.183,-0.110,30.00,1.200
4.6050,sine,0.4,-0.9998,nan,-0.40729,-0.04869,-0.68633,0.57067,-0.03224,-0.97442,-0.50647,0.46965,-1.27344,0.42832,0.42687,-0.86607,0.0586,0.1758,0.0195,0.0195,-0.0195,-0.0195,-0.0195,0.1758,0.0586,-0.0195,0.1758,-0.0195,-0.40737,0.01462,-0.68670,0.57604,0.02021,-0.97448,-0.50384,0.48883,-1.27329,0.42791,0.44441,-0.86607,0.037,1.941,0.110,0.256,1.355,-0.110,-0.037,0.403,0.110,-0.110,0.110,-0.037,30.00,1.200
4.6100,sine,0.4,-0.9998,nan,-0.40729,-0.04847,-0.68633,0.57067,-0.03198,-0.97442,-0.50644,0.47038,-1.27341,0.42828,0.42833,-0.86601,0.0586,0.0195,0.0195,-0.0586,-0.0195,0.0586,-0.0195,0.2149,0.0586,-0.0195,0.0977,-0.0195,-0.40737,0.01468,-0.68670,0.57604,0.02027,-0.97448,-0.50384,0.48889,-1.27329,0.42791,0.44447,-0.86607,0.037,1.941,0.037,0.256,1.355,-0.110,-0.037,0.476,0.110,-0.183,0.183,-0.256,30.00,1.200
4.6150,sine,0.4,-0.9998,nan,-0.40722,-0.04810,-0.68633,0.57056,-0.03162,-0.97434,-0.50659,0.47162,-1.27344,0.42821,0.42903,-0.86607,0.0195,0.0195,0.0195,-0.0977,0.0977,0.0195,-0.1368,0.1368,-0.0195,-0.0195,0.1368,-0.0586,-0.40737,0.01466,-0.68670,0.57604,0.02025,-0.97448,-0.50384,0.48887,-1.27329,0.42791,0.44445,-0.86607,0.110,1.941,0.110,0.256,1.429,-0.110,-0.037,0.403,0.110,-0.110,0.183,-0.256,30.00,1.200
4.6200,sine,0.4,-0.9998,nan,-0.40733,-0.04799,-0.68633,0.57049,-0.03147,-0.97442,-0.50647,0.47228,-1.27338,0.42817,0.42932,-0.86598,-0.0195,0.0195,-0.0195,0.0195,0.0977,-0.0195,0.0977,0.2540,0.0195,-0.0195,0.0586,-0.0195,-0.40737,0.01456,-0.68670,0.57604,0.02015,-0.97448,-0.50384,0.48876,-1.27329,0.42791,0.44435,-0.86607,0.110,1.941,0.037,0.256,1.429,-0.110,-0.037,0.403,0.110,-0.110,0.256,-0.110,30.00,1.200
4.6250,sine,0.3,-0.9998,nan,-0.40722,-0.04785,-0.68633,0.57049,-0.03118,-0.97442,-0.50647,0.47275,-1.27338,0.42821,0.43045,-0.86601,-0.0977,0.0195,0.0195,0.0586,-0.0195,-0.0195,-0.1368,0.1758,0.0195,-0.0977,0.0586,0.0195,-0.40737,0.01437,-0.68670,0.57604,0.01997,-0.97448,-0.50384,0.48858,-1.27329,0.42791,0.44416,-0.86607,0.110,1.941,0.110,0.256,1.355,-0.110,-0.037,0.403,0.110,-0.110,0.183,-0.183,30.00,1.200
4.6300,sine,0.3,-0.9998,nan,-0.40722,-0.04763,-0.68633,0.57049,-0.03092,-0.97442,-0.50647,0.47363,-1.27338,0.42799,0.43078,-0.86595,0.0195,0.0195,0.0195,0.0586,0.0977,-0.0195,-0.0195,0.2149,0.0195,-0.1368,0.0586,0.0195,-0.40737,0.01411,-0.68670,0.57604,0.01970,-0.97448,-0.50384,0.48832,-1.27329,0.42791,0.44390,-0.86607,0.183,1.941,0.110,0.256,1.355,-0.110,-0.037,0.476,0.110,-0.110,0.183,-0.256,30.00,1.200
4.6350,sine,0.3,-0.9998,nan,-0.40733,-0.04763,-0.68633,0.57049,-0.03085,-0.97439,-0.50644,0.47421,-1.27344,0.42799,0.43078,-0.86595,0.1368,0.0195,0.0195,0.0195,-0.0195,-0.0195,0.0195,0.2540,0.0195,0.0977,0.0586,-0.0586,-0.40737,0.01377,-0.68670,0.57604,0.01936,-0.97448,-0.50384,0.48798,-1.27329,0.42791,0.44356,-0.86607,0.037,1.941,0.037,0.256,1.355,-0.110,-0.037,0.403,0.110,-0.037,0.183,-0.183,30.00,1.200
4.6400,sine,0.3,-0.9998,nan,-0.40733,-0.04763,-0.68633,0.57045,-0.03067,-0.97442,-0.50647,0.47451,-1.27344,0.42799,0.43155,-0.86595,-0.0586,0.0977,0.0195,-0.0977,-0.0195,-0.0195,0.0977,0.0195,0.0195,-0.0195,0.0586,-0.1368,-0.40737,0.01335,-0.68670,0.57604,0.01894,-0.97448,-0.50384,0.48756,-1.27329,0.42791,0.44314,-0.86607,0.037,1.941,-0.037,0.256,1.355,-0.037,-0.037,0.476,0.110,-0.110,0.183,-0.256,30.00,1.200
4.6450,sine,0.3,-0.9998,nan,-0.40729,-0.04759,-0.68633,0.57038,-0.03059,-0.97442,-0.50647,0.47469,-1.27344,0.42799,0.43174,-0.86595,0.0977,0.0586,0.0195,0.0195,-0.0195,-0.0195,0.0977,0.0977,0.0195,-0.0195,-0.0195,0.0195,-0.40737,0.01285,-0.68670,0.57604,0.01844,-0.97448,-0.50384,0.48706,-1.27329,0.42791,0.44264,-0.86607,0.110,1.941,0.110,0.330,1.355,-0.110,-0.037,0.403,0.110,-0.110,0.183,0.037,30.00,1.200
4.6500,sine,0.2,-0.9998,nan,-0.40729,-0.04763,-0.68633,0.57027,-0.03041,-0.97439,-0.50647,0.47487,-1.27344,0.42799,0.43192,-0.86607,0.0195,0.0195,0.0195,0.0195,-0.0195,-0.0195,0.0195,-0.0586,0.0195,-0.0195,-0.0195,0.0195,-0.40737,0.01227,-0.68670,0.57604,0.01787,-0.97448,-0.50384,0.48648,-1.27329,0.42791,0.44206,-0.86607,0.037,1.941,0.110,0.330,1.355,-0.110,-0.037,0.476,0.110,-0.110,0.183,-0.183,30.00,1.200
4.6550,sine,0.3,-0.9998,nan,-0.40722,-0.04763,-0.68633,0.57027,-0.03041,-0.97439,-0.50647,0.47502,-1.27338,0.42799,0.43192,-0.86601,0.0195,0.0195,0.0195,0.1368,-0.0195,0.0195,-0.0586,0.0977,-0.0195,-0.0195,-0.0195,0.0195,-0.40737,0.01162,-0.68670,0.57604,0.01721,-0.97448,-0.50384,0.48583,-1.27329,0.42791,0.44141,-0.86607,0.110,1.941,0.037,0.330,1.355,-0.110,-0.037,0.476,0.110,-0.110,0.256,-0.037,30.00,1.200
4.6600,sine,0.2,-0.9998,nan,-0.40722,-0.04763,-0.68633,0.57005,-0.03034,-0.97434,-0.50647,0.47491,-1.27344,0.42799,0.43192,-0.86595,0.1368,0.0195,-0.0586,0.0195,-0.0195,0.0195,-0.0195,0.0195,0.0195,-0.0195,-0.0195,0.0195,-0.40737,0.01088,-0.68670,0.57604,0.01648,-0.97448,-0.50384,0.48509,-1.27329,0.42791,0.44067,-0.86607,0.037,1.941,0.037,0.256,1.355,-0.110,-0.037,0.476,0.110,-0.037,0.183,-0.037,30.00,1.200
4.6650,sine,0.2,-0.9998,nan,-0.40722,-0.04770,-0.68638,0.56997,-0.03034,-0.97442,-0.50647,0.47480,-1.27344,0.42799,0.43181,-0.86601,0.0586,0.0195,0.0195,0.0195,-0.0195,-0.0195,-0.0586,0.0195,0.0195,-0.0977,0.0977,0.0195,-0.40737,0.01007,-0.68670,0.57604,0.01567,-0.97448,-0.50384,0.48428,-1.27329,0.42791,0.43986,-0.86607,0.037,1.868,0.037,0.256,1.355,-0.110,-0.037,0.476,0.110,-0.037,0.256,-0.110,30.00,1.200
4.6700,sine,0.2,-0.9998,nan,-0.40722,-0.04770,-0.68633,0.56997,-0.03034,-0.97442,-0.50647,0.47465,-1.27338,0.42799,0.43174,-0.86607,0.0195,-0.1368,0.0195,0.0195,-0.0195,0.0195,-0.0195,-0.0586,0.0195,0.0977,-0.0195,-0.1368,-0.40737,0.00919,-0.68670,0.57604,0.01478,-0.97448,-0.50384,0.48340,-1.27329,0.42791,0.43898,-0.86607,0.183,1.868,0.037,0.256,1.355,-0.110,-0.037,0.476,0.110,-0.037,0.256,-0.037,30.00,1.200
4.6750,sine,0.1,-0.9998,nan,-0.40722,-0.04777,-0.68641,0.56983,-0.03034,-0.97442,-0.50647,0.47444,-1.27344,0.42809,0.43166,-0.86601,0.0195,0.0195,0.0195,-0.1368,-0.0195,-0.0195,-0.0195,0.0195,0.0195,-0.0586,-0.0195,0.0977,-0.40737,0.00823,-0.68670,0.57604,0.01382,-0.97448,-0.50384,0.48243,-1.27329,0.42791,0.43802,-0.86607,0.037,1.868,0.110,0.256,1.355,-0.110,-0.037,0.476,0.110,-0.037,0.256,-0.110,30.00,1.200
4.6800,sine,0.1,-0.9998,nan,-0.40729,-0.04785,-0.68633,0.56972,-0.03023,-0.97442,-0.50647,0.47421,-1.27347,0.42799,0.43130,-0.86598,-0.0586,0.0977,0.0586,-0.0977,-0.0195,-0.0195,-0.0586,-0.0586,0.0195,-0.0195,-0.1368,-0.1368,-0.40737,0.00719,-0.68670,0.57604,0.01278,-0.97448,-0.50384,0.48140,-1.27329,0.42791,0.43698,-0.86607,0.037,1.795,0.110,0.330,1.209,-0.110,-0.037,0.476,0.110,-0.110,0.183,-0.256,30.00,1.200
4.6850,sine,0.1,-0.9998,nan,-0.40733,-0.04785,-0.68633,0.56972,-0.03034,-0.97442,-0.50647,0.47396,-1.27347,0.42809,0.43111,-0.86601,0.0195,-0.0586,0.0195,0.0195,-0.1368,-0.0195,-0.0586,0.0586,0.0195,-0.0195,-0.0195,-0.0586,-0.40737,0.00608,-0.68670,0.57604,0.01167,-0.97448,-0.50384,0.48029,-1.27329,0.42791,0.43587,-0.86607,0.183,1.795,0.037,0.256,1.209,-0.110,-0.037,0.403,0.110,-0.110,0.183,-0.037,30.00,1.200
4.6900,sine,0.1,-0.9998,nan,-0.40722,-0.04792,-0.68633,0.56972,-0.03034,-0.97442,-0.50647,0.47363,-1.27338,0.42802,0.43111,-0.86607,0.0195,0.0977,0.0195,0.0195,-0.1368,-0.0195,0.0195,0.0195,-0.0195,-0.0195,-0.0977,-0.0586,-0.40737,0.00490,-0.68670,0.57604,0.01049,-0.97448,-0.50384,0.47910,-1.27329,0.42791,0.43469,-0.86607,0.037,1.722,0.110,0.256,1.209,-0.110,-0.037,0.476,0.110,-0.110,0.183,-0.037,30.00,1.200
4.6950,sine,0.0,-0.9998,nan,-0.40722,-0.04792,-0.68633,0.56961,-0.03034,-0.97442,-0.50647,0.47337,-1.27344,0.42799,0.43053,-0.86607,0.0195,-0.0586,0.0195,0.0195,-0.1368,-0.0195,-0.0195,0.0195,-0.0195,0.0977,-0.1368,0.0586,-0.40737,0.00364,-0.68670,0.57604,0.00923,-0.97448,-0.50384,0.47785,-1.27329,0.42791,0.43343,-0.86607,0.037,1.722,0.110,0.256,1.136,-0.110,-0.037,0.403,0.110,-0.110,0.183,-0.110,30.00,1.200
4.7000,sine,0.1,-0.9998,nan,-0.40729,-0.04799,-0.68633,0.56961,-0.03034,-0.97442,-0.50647,0.47315,-1.27338,0.42802,0.43035,-0.86601,0.0195,0.0195,0.0195,0.0195,0.0586,-0.0586,-0.0195,-0.0977,0.0586,-0.0195,-0.0195,-0.0195,-0.40737,0.00231,-0.68670,0.57604,0.00791,-0.97448,-0.50384,0.47652,-1.27329,0.42791,0.43210,-0.86607,0.037,1.795,0.110,0.330,1.136,-0.110,-0.037,0.330,0.110,-0.110,0.110,-0.037,30.00,1.200
4.7050,sine,1.0,-0.9998,nan,-0.40733,-0.04807,-0.68641,0.56961,-0.03041,-0.97442,-0.50647,0.47294,-1.27338,0.42799,0.43035,-0.86607,-0.0586,0.0195,-0.0586,0.0195,-0.0977,-0.0586,-0.0586,-0.0977,-0.0195,-0.0195,-0.0195,-0.1368,-0.40737,0.00092,-0.68670,0.57604,0.00651,-0.97448,-0.50384,0.47512,-1.27329,0.42791,0.43071,-0.86607,0.037,1.648,0.110,0.256,1.136,-0.110,-0.037,0.330,0.110,-0.183,0.110,0.037,30.00,1.200
4.7100,sine,1.0,-0.9998,nan,-0.40729,-0.04810,-0.68633,0.56961,-0.03052,-0.97442,-0.50647,0.47257,-1.27338,0.42802,0.42976,-0.86607,0.0977,-0.0195,0.0195,0.0195,-0.0586,-0.0195,-0.0195,0.0195,-0.0195,0.0195,-0.0195,-0.0977,-0.40737,-0.00055,-0.68670,0.57604,0.00504,-0.97448,-0.50384,0.47366,-1.27329,0.42791,0.42924,-0.86607,0.110,1.648,0.110,0.256,1.136,-0.110,-0.037,0.330,0.110,-0.037,0.037,-0.110,30.00,1.200
4.7150,sine,1.0,-0.9998,nan,-0.40722,-0.04821,-0.68633,0.56961,-0.03052,-0.97442,-0.50644,0.47239,-1.27338,0.42799,0.42947,-0.86595,0.0195,0.0195,0.0195,0.0195,0.0586,-0.0195,-0.0977,0.0195,0.0195,-0.0195,-0.1368,0.0195,-0.40737,-0.00208,-0.68670,0.57604,0.00351,-0.97448,-0.50384,0.47212,-1.27329,0.42791,0.42771,-0.86607,0.110,1.648,0.110,0.256,1.062,-0.110,-0.037,0.330,0.110,-0.110,0.037,0.037,30.00,1.200
4.7200,sine,1.0,-0.9998,nan,-0.40729,-0.04825,-0.68638,0.56961,-0.03067,-0.97442,-0.50647,0.47206,-1.27344,0.42799,0.42903,-0.86607,0.0195,0.0195,-0.0195,-0.0977,-0.0195,0.0195,-0.0195,-0.0586,0.0586,-0.0195,-0.0977,-0.0195,-0.40737,-0.00368,-0.68670,0.57604,0.00191,-0.97448,-0.50384,0.47052,-1.27329,0.42791,0.42611,-0.86607,0.037,1.575,0.037,0.330,1.062,-0.110,-0.037,0.256,0.110,-0.037,0.037,0.037,30.00,1.200
4.7250,sine,0.9,-0.9998,nan,-0.40722,-0.04847,-0.68633,0.56961,-0.03085,-0.97439,-0.50644,0.47169,-1.27344,0.42791,0.42870,-0.86607,0.0195,0.0195,0.0195,0.0195,-0.0195,-0.0195,0.1368,0.0195,0.0586,-0.0195,-0.0195,-0.0195,-0.40737,-0.00535,-0.68670,0.57604,0.00024,-0.97448,-0.50384,0.46886,-1.27329,0.42791,0.42444,-0.86607,0.037,1.575,0.037,0.256,0.989,-0.037,-0.037,0.256,0.110,-0.037,0.037,-0.110,30.00,1.200
4.7300,sine,0.9,-0.9998,nan,-0.40722,-0.04854,-0.68633,0.56961,-0.03092,-0.97442,-0.50644,0.47129,-1.27338,0.42791,0.42852,-0.86607,0.0195,0.0195,0.0586,0.0195,-0.0195,0.0195,0.0586,-0.1758,-0.0195,-0.0977,-0.0977,-0.0195,-0.40737,-0.00708,-0.68670,0.57604,-0.00149,-0.97448,-0.50384,0.46713,-1.27329,0.42791,0.42271,-0.86607,0.037,1.502,0.110,0.256,0.989,-0.110,-0.037,0.256,0.037,-0.110,-0.037,-0.110,30.00,1.200
4.7350,sine,0.9,-0.9998,nan,-0.40722,-0.04869,-0.68633,0.56972,-0.03110,-0.97442,-0.50647,0.47096,-1.27338,0.42791,0.42782,-0.86607,0.0195,0.0195,0.0195,0.0195,-0.0977,-0.0195,-0.0977,-0.0586,0.0195,-0.0195,-0.1758,-0.0586,-0.40737,-0.00887,-0.68670,0.57604,-0.00328,-0.97448,-0.50384,0.46534,-1.27329,0.42791,0.42092,-0.86607,0.037,1.502,0.183,0.256,0.916,-0.110,-0.037,0.183,0.110,-0.110,-0.037,0.037,30.00,1.200
4.7400,sine,0.9,-0.9998,nan,-0.40722,-0.04894,-0.68633,0.56972,-0.03136,-0.97442,-0.50644,0.47074,-1.27344,0.42791,0.42738,-0.86607,-0.0586,-0.0977,0.0195,0.0195,-0.0195,-0.0195,-0.0195,-0.1368,0.0586,-0.0195,-0.0977,-0.0195,-0.40737,-0.01072,-0.68670,0.57604,-0.00513,-0.97448,-0.50384,0.46348,-1.27329,0.42791,0.41907,-0.86607,0.183,1.429,0.037,0.256,0.842,-0.110,-0.037,0.183,0.110,-0.110,-0.037,-0.037,30.00,1.200
4.7450,sine,0.8,-0.9998,nan,-0.40722,-0.04909,-0.68633,0.56972,-0.03162,-0.97442,-0.50633,0.46994,-1.27344,0.42791,0.42713,-0.86595,0.0195,-0.0586,0.0195,0.0195,-0.0977,-0.0195,-0.0977,-0.1368,-0.0195,0.0977,-0.0977,-0.0586,-0.40737,-0.01264,-0.68670,0.57604,-0.00704,-0.97448,-0.50384,0.46157,-1.27329,0.42791,0.41715,-0.86607,0.037,1.429,0.110,0.256,0.842,-0.110,-0.037,0.110,0.110,-0.110,-0.037,-0.110,30.00,1.200
4.7500,sine,0.8,-0.9998,nan,-0.40722,-0.04931,-0.68633,0.56972,-0.03180,-0.97439,-0.50644,0.46939,-1.27338,0.42791,0.42614,-0.86601,0.0195,-0.0977,0.0195,-0.0977,-0.0977,-0.0195,0.1368,-0.1368,-0.0195,-0.1368,-0.1368,0.0195,-0.40737,-0.01461,-0.68670,0.57604,-0.00901,-0.97448,-0.50384,0.45960,-1.27329,0.42791,0.41518,-0.86607,0.037,1.355,0.110,0.256,0.842,-0.110,-0.037,0.183,0.110,-0.037,-0.037,-0.110,30.00,1.200
4.7550,sine,0.8,-0.9998,nan,-0.40729,-0.04971,-0.68633,0.56983,-0.03224,-0.97442,-0.50644,0.46862,-1.27338,0.42788,0.42545,-0.86601,0.0195,-0.0586,0.0195,0.0195,-0.1368,0.0195,0.0977,-0.2149,-0.0195,-0.1368,-0.2149,-0.0195,-0.40737,-0.01663,-0.68670,0.57604,-0.01104,-0.97448,-0.50384,0.45757,-1.27329,0.42791,0.41316,-0.86607,0.037,1.355,0.110,0.330,0.769,-0.110,-0.037,0.110,0.110,-0.037,-0.110,-0.037,30.00,1.200
4.7600,sine,0.8,-0.9998,nan,-0.40722,-0.04993,-0.68633,0.56987,-0.03260,-0.97442,-0.50644,0.46785,-1.27338,0.42788,0.42545,-0.86601,-0.0977,-0.0586,0.0195,0.0586,-0.1368,-0.0195,0.0977,0.0195,-0.0195,-0.0195,-0.2149,-0.0195,-0.40737,-0.01872,-0.68670,0.57604,-0.01312,-0.97448,-0.50384,0.45549,-1.27329,0.42791,0.41107,-0.86607,0.183,1.282,0.110,0.330,0.769,-0.110,-0.037,0.110,0.110,-0.037,-0.110,0.037,30.00,1.200
4.7650,sine,0.8,-0.9998,nan,-0.40729,-0.05015,-0.68633,0.56983,-0.03293,-0.97442,-0.50633,0.46698,-1.27338,0.42784,0.42376,-0.86607,0.0977,0.0195,0.0195,-0.0195,-0.2149,-0.0195,0.0977,-0.0977,0.0195,-0.0195,-0.3321,-0.0195,-0.40737,-0.02085,-0.68670,0.57604,-0.01526,-0.97448,-0.50384,0.45336,-1.27329,0.42791,0.40894,-0.86607,0.037,1.282,0.110,0.256,0.696,-0.110,-0.037,0.110,0.110,-0.110,-0.110,-0.183,30.00,1.200
4.7700,sine,0.7,-0.9998,nan,-0.40722,-0.05070,-0.68633,0.56994,-0.03319,-0.97442,-0.50633,0.46625,-1.27344,0.42780,0.42307,-0.86607,0.0195,0.0195,0.0195,0.0586,-0.0195,-0.0195,0.0586,-0.1368,-0.0195,-0.0195,-0.2149,-0.0586,-0.40737,-0.02304,-0.68670,0.57604,-0.01745,-0.97448,-0.50384,0.45117,-1.27329,0.42791,0.40675,-0.86607,0.037,1.209,0.110,0.256,0.623,-0.110,0.037,0.037,0.110,-0.110,-0.110,-0.110,30.00,1.200
4.7750,sine,0.7,-0.9998,nan,-0.40722,-0.05095,-0.68633,0.57005,-0.03374,-0.97442,-0.50644,0.46500,-1.27338,0.42791,0.42194,-0.86598,0.0195,-0.0586,0.0195,0.0195,-0.0977,-0.0195,-0.1368,-0.2149,-0.0195,-0.0195,-0.1758,0.0586,-0.40737,-0.02528,-0.68670,0.57604,-0.01968,-0.97448,-0.50384,0.44893,-1.27329,0.42791,0.40451,-0.86607,0.037,1.136,0.110,0.256,0.623,-0.037,-0.037,0.110,0.110,-0.037,-0.110,-0.110,30.00,1.200
4.7800,sine,0.7,-0.9998,nan,-0.40729,-0.05117,-0.68633,0.57016,-0.03418,-0.97442,-0.50647,0.46391,-1.27344,0.42788,0.42128,-0.86595,-0.0586,-0.0586,0.0195,0.0195,-0.0977,-0.0586,0.0586,-0.2149,0.0195,-0.0586,-0.2149,-0.0195,-0.40737,-0.02756,-0.68670,0.57604,-0.02197,-0.97448,-0.50384,0.44665,-1.27329,0.42791,0.40223,-0.86607,0.110,1.209,0.037,0.256,0.549,-0.110,-0.037,0.037,0.037,-0.183,-0.256,-0.110,30.00,1.200
4.7850,sine,0.7,-0.9998,nan,-0.40722,-0.05194,-0.68633,0.57016,-0.03443,-0.97439,-0.50633,0.46266,-1.27338,0.42791,0.42058,-0.86607,-0.0586,-0.0586,-0.0586,0.1368,-0.2149,-0.0195,0.0977,-0.3712,0.0586,-0.0586,-0.2930,-0.0195,-0.40737,-0.02989,-0.68670,0.57604,-0.02430,-0.97448,-0.50384,0.44432,-1.27329,0.42791,0.39990,-0.86607,0.110,1.062,0.110,0.256,0.549,-0.110,-0.037,0.037,0.110,-0.110,-0.183,0.037,30.00,1.200
4.7900,sine,0.7,-0.9998,nan,-0.40722,-0.05242,-0.68633,0.57027,-0.03512,-0.97439,-0.50633,0.46164,-1.27338,0.42799,0.41916,-0.86595,0.0195,-0.0586,0.0977,0.0195,-0.1368,-0.0195,0.0195,-0.2149,-0.0195,-0.0195,-0.1758,-0.0195,-0.40737,-0.03227,-0.68670,0.57604,-0.02667,-0.97448,-0.50384,0.44194,-1.27329,0.42791,0.39752,-0.86607,0.037,1.062,0.110,0.183,0.476,-0.110,-0.110,0.037,0.110,-0.037,-0.403,0.037,30.00,1.200
4.7950,sine,0.6,-0.9998,nan,-0.40722,-0.05296,-0.68633,0.57038,-0.03571,-0.97439,-0.50644,0.45996,-1.27338,0.42799,0.41843,-0.86607,0.0195,-0.0586,0.0977,-0.0195,-0.1758,-0.0586,-0.0195,-0.3321,0.0195,-0.0195,-0.1758,-0.0195,-0.40737,-0.03468,-0.68670,0.57604,-0.02909,-0.97448,-0.50384,0.43952,-1.27329,0.42791,0.39511,-0.86607,0.037,0.989,0.110,0.256,0.476,-0.110,-0.037,0.037,0.110,-0.110,-0.256,-0.110,30.00,1.200
4.8000,sine,0.6,-0.9998,nan,-0.40722,-0.05344,-0.68633,0.57049,-0.03626,-0.97434,-0.50644,0.45868,-1.27338,0.42813,0.41795,-0.86601,0.0195,-0.1368,0.0195,0.0586,-0.2149,-0.0195,0.0977,-0.2540,-0.0195,0.0977,-0.2149,0.0586,-0.40737,-0.03714,-0.68670,0.57604,-0.03155,-0.97448,-0.50384,0.43707,-1.27329,0.42791,0.39265,-0.86607,0.110,0.916,0.110,0.256,0.330,-0.110,-0.037,0.037,0.110,-0.110,-0.183,-0.183,30.00,1.200
4.8050,sine,0.6,-0.9998,nan,-0.40722,-0.05413,-0.68633,0.57056,-0.03677,-0.97439,-0.50644,0.45681,-1.27344,0.42813,0.41795,-0.86601,0.0195,-0.0586,0.0195,0.0195,-0.2149,-0.0195,-0.0195,-0.2540,0.0195,0.0586,-0.2149,0.0586,-0.40737,-0.03964,-0.68670,0.57604,-0.03405,-0.97448,-0.50384,0.43457,-1.27329,0.42791,0.39015,-0.86607,0.037,0.916,0.110,0.256,0.403,-0.110,-0.037,-0.037,0.110,-0.110,-0.183,-0.183,30.00,1.200
4.8100,sine,0.6,-0.9998,nan,-0.40722,-0.05476,-0.68633,0.57067,-0.03754,-0.97442,-0.50633,0.45513,-1.27344,0.42813,0.41481,-0.86607,0.0195,-0.0195,0.0195,0.0195,-0.1368,-0.0195,-0.0195,-0.2930,0.0195,0.0586,-0.2930,-0.0195,-0.40737,-0.04217,-0.68670,0.57604,-0.03658,-0.97448,-0.50384,0.43204,-1.27329,0.42791,0.38762,-0.86607,0.110,0.842,0.110,0.256,0.330,-0.110,-0.037,0.037,0.110,-0.110,-0.330,-0.256,30.00,1.200
4.8150,sine,0.6,-0.9998,nan,-0.40722,-0.05512,-0.68641,0.57078,-0.03834,-0.97442,-0.50644,0.45312,-1.27338,0.42839,0.41430,-0.86607,0.0195,-0.2149,0.0977,0.0586,-0.0977,-0.0195,-0.0195,-0.4103,-0.0195,0.0195,-0.2930,-0.0195,-0.40737,-0.04474,-0.68670,0.57604,-0.03915,-0.97448,-0.50384,0.42947,-1.27329,0.42791,0.38505,-0.86607,0.037,0.769,0.037,0.183,0.183,-0.110,-0.037,0.037,0.110,-0.183,-0.256,-0.256,30.00,1.200
4.8200,sine,0.5,-0.9998,nan,-0.40729,-0.05585,-0.68633,0.57096,-0.03911,-0.97448,-0.50644,0.45151,-1.27338,0.42839,0.41148,-0.86607,0.0195,-0.1368,-0.0586,-0.0586,-0.1368,-0.0586,0.0977,-0.4103,0.0195,-0.0195,-0.4493,-0.0195,-0.40737,-0.04734,-0.68670,0.57604,-0.04175,-0.97448,-0.50384,0.42687,-1.27329,0.42791,0.38245,-0.86607,0.037,0.696,0.110,0.183,0.256,-0.037,-0.037,0.037,0.110,-0.110,-0.256,-0.256,30.00,1.200
4.8250,sine,0.5,-0.9998,nan,-0.40722,-0.05655,-0.68641,0.57111,-0.03980,-0.97442,-0.50640,0.44987,-1.27338,0.42839,0.40947,-0.86607,0.0195,-0.1368,0.0977,0.0195,-0.2149,0.0195,-0.0586,-0.3712,0.0195,-0.0195,-0.5275,-0.0195,-0.40737,-0.04997,-0.68670,0.57604,-0.04438,-0.97448,-0.50384,0.42424,-1.27329,0.42791,0.37982,-0.86607,0.110,0.623,0.110,0.256,0.256,-0.110,-0.037,0.037,0.110,-0.110,-0.183,-0.256,30.00,1.200
4.8300,sine,0.5,-0.9998,nan,-0.40722,-0.05710,-0.68633,0.57107,-0.04050,-0.97442,-0.50647,0.44720,-1.27332,0.42875,0.40903,-0.86607,0.0195,-0.1368,0.0586,0.0195,-0.2149,-0.0586,-0.0586,-0.3712,0.0195,0.0195,-0.3321,-0.0195,-0.40737,-0.05263,-0.68670,0.57604,-0.04704,-0.97448,-0.50384,0.42158,-1.27329,0.42791,0.37716,-0.86607,0.037,0.623,0.110,0.183,0.183,-0.110,-0.037,0.110,0.110,-0.183,-0.183,-0.256,30.00,1.200
4.8350,sine,0.5,-0.9998,nan,-0.40722,-0.05786,-0.68641,0.57118,-0.04130,-0.97442,-0.50640,0.44490,-1.27338,0.42894,0.40468,-0.86607,0.0195,-0.0586,0.0586,0.0195,-0.2149,-0.0586,-0.0195,-0.3712,0.0586,0.0586,-0.5275,-0.0195,-0.40737,-0.05531,-0.68670,0.57604,-0.04972,-0.97448,-0.50384,0.41889,-1.27329,0.42791,0.37448,-0.86607,0.110,0.549,0.037,0.256,0.110,-0.110,-0.037,0.183,0.110,-0.183,-0.110,-0.110,30.00,1.200
4.8400,sine,0.5,-0.9998,nan,-0.40722,-0.05878,-0.68641,0.57140,-0.04171,-0.97442,-0.50647,0.44347,-1.27338,0.42912,0.40260,-0.86607,0.0195,-0.1368,-0.0195,0.0195,-0.0977,-0.0195,-0.0195,-0.3712,0.0195,0.0195,-0.5275,-0.0195,-0.40737,-0.05802,-0.68670,0.57604,-0.05243,-0.97448,-0.50384,0.41619,-1.27329,0.42791,0.37177,-0.86607,0.037,0.549,0.110,0.183,0.037,-0.110,-0.037,0.110,0.110,-0.183,-0.110,-0.110,30.00,1.200
4.8450,sine,0.4,-0.9998,nan,-0.40722,-0.05987,-0.68641,0.57162,-0.04284,-0.97442,-0.50640,0.44044,-1.27338,0.42919,0.39752,-0.86607,-0.0586,-0.1368,0.0586,0.1368,-0.2930,-0.0195,-0.0586,-0.6056,0.0977,0.0586,-0.5665,-0.0195,-0.40737,-0.06075,-0.68670,0.57604,-0.05516,-0.97448,-0.50384,0.41345,-1.27329,0.42791,0.36904,-0.86607,0.110,0.549,0.037,0.183,-0.037,-0.110,0.037,0.037,0.110,-0.183,-0.110,-0.110,30.00,1.200
4.8500,sine,0.4,-0.9998,nan,-0.40722,-0.06028,-0.68633,0.57169,-0.04346,-0.97442,-0.50647,0.43759,-1.27338,0.42941,0.39668,-0.86607,0.0195,-0.2540,0.0195,0.0195,-0.2149,-0.0195,-0.0195,-0.3712,-0.0195,0.0977,-0.4493,-0.0195,-0.40737,-0.06350,-0.68670,0.57604,-0.05791,-0.97448,-0.50384,0.41070,-1.27329,0.42791,0.36629,-0.86607,0.110,0.476,0.037,0.183,-0.037,-0.110,-0.037,0.037,0.110,-0.183,-0.183,-0.110,30.00,1.200
4.8550,sine,0.4,-0.9998,nan,-0.40722,-0.06207,-0.68633,0.57202,-0.04459,-0.97448,-0.50647,0.43378,-1.27332,0.42959,0.39576,-0.86607,0.0195,-0.2149,0.0586,-0.0195,-0.2149,-0.0195,-0.0586,-0.6056,0.0586,0.0586,-0.4884,-0.0195,-0.40737,-0.06627,-0.68670,0.57604,-0.06068,-0.97448,-0.50384,0.40794,-1.27329,0.42791,0.36352,-0.86607,0.037,0.476,0.110,0.183,-0.110,-0.110,-0.037,0.183,0.110,-0.110,-0.183,-0.110,30.00,1.200
4.8600,sine,0.4,-0.9998,nan,-0.40729,-0.06302,-0.68641,0.57246,-0.04565,-0.97448,-0.50647,0.43152,-1.27332,0.42970,0.39090,-0.86598,0.0195,-0.0586,0.0195,0.0195,-0.2930,0.0195,0.0195,-0.5665,0.0586,0.0586,-0.4884,-0.0195,-0.40737,-0.06905,-0.68670,0.57604,-0.06346,-0.97448,-0.50384,0.40515,-1.27329,0.42791,0.36074,-0.86607,0.037,0.403,0.110,0.110,-0.110,-0.110,-0.037,0.256,0.110,-0.183,-0.110,-0.037,30.00,1.200
4.8650,sine,0.3,-0.9998,nan,-0.40722,-0.06433,-0.68638,0.57275,-0.04617,-0.97442,-0.50647,0.42943,-1.27332,0.42963,0.38955,-0.86598,0.0195,-0.2149,-0.0195,0.1368,-0.2930,-0.0586,0.0195,-0.4884,0.0586,-0.1368,-0.4884,-0.0195,-0.40737,-0.07185,-0.68670,0.57604,-0.06626,-0.97448,-0.50384,0.40236,-1.27329,0.42791,0.35794,-0.86607,0.110,0.330,0.183,0.183,-0.183,-0.110,-0.037,0.183,0.110,-0.110,-0.183,-0.037,30.00,1.200
4.8700,sine,0.3,-0.9998,nan,-0.40722,-0.06518,-0.68641,0.57294,-0.04756,-0.97442,-0.50644,0.42669,-1.27332,0.42970,0.38662,-0.86607,0.0195,-0.2540,-0.0195,0.0977,-0.2930,0.0195,0.0195,-0.4493,0.0586,-0.0195,-0.4493,0.0977,-0.40737,-0.07466,-0.68670,0.57604,-0.06906,-0.97448,-0.50384,0.39955,-1.27329,0.42791,0.35513,-0.86607,0.183,0.330,0.110,0.110,-0.183,-0.110,-0.037,0.183,0.110,-0.110,-0.110,-0.110,30.00,1.200
4.8750,sine,0.3,-0.9998,nan,-0.40722,-0.06565,-0.68641,0.57323,-0.04810,-0.97442,-0.50647,0.42384,-1.27332,0.42970,0.38450,-0.86607,0.0195,-0.1368,-0.0195,0.0977,-0.2930,-0.0586,0.0195,-0.3712,0.0195,-0.0195,-0.4884,0.0977,-0.40737,-0.07747,-0.68670,0.57604,-0.07188,-0.97448,-0.50384,0.39674,-1.27329,0.42791,0.35232,-0.86607,0.037,0.330,0.110,0.110,-0.183,-0.110,-0.037,0.183,0.110,-0.183,-0.183,-0.110,30.00,1.200
4.8800,sine,0.3,-0.9998,nan,-0.40722,-0.06620,-0.68641,0.57356,-0.05011,-0.97442,-0.50647,0.42168,-1.27338,0.42963,0.38249,-0.86607,0.0195,-0.2540,-0.0195,0.1368,-0.2930,0.0195,-0.0195,-0.4884,0.0977,-0.0195,-0.5275,0.0977,-0.40737,-0.08029,-0.68670,0.57604,-0.07470,-0.97448,-0.50384,0.39391,-1.27329,0.42791,0.34950,-0.86607,0.037,0.330,0.183,0.037,-0.183,-0.110,-0.037,0.183,0.110,-0.110,-0.110,-0.110,30.00,1.200
4.8850,sine,0.3,-0.9998,nan,-0.40722,-0.06784,-0.68641,0.57396,-0.05264,-0.97442,-0.50647,0.41803,-1.27332,0.42967,0.37829,-0.86607,0.0195,-0.2930,0.0586,0.1368,-0.4103,0.0195,-0.0195,-0.4884,0.0195,-0.0586,-0.5665,0.0977,-0.40737,-0.08312,-0.68670,0.57604,-0.07753,-0.97448,-0.50384,0.39109,-1.27329,0.42791,0.34667,-0.86607,0.110,0.256,0.110,0.037,-0.183,-0.110,-0.037,0.183,0.110,-0.110,-0.183,-0.110,30.00,1.200
4.8900,sine,0.2,-0.9998,nan,-0.40722,-0.07073,-0.68641,0.57418,-0.05461,-0.97442,-0.50647,0.41466,-1.27332,0.42952,0.37518,-0.86601,-0.0977,-0.2540,-0.0195,0.0195,-0.4493,-0.0586,-0.0195,-0.4493,-0.0586,-0.0195,-0.5665,-0.0195,-0.40737,-0.08595,-0.68670,0.57604,-0.08035,-0.97448,-0.50384,0.38826,-1.27329,0.42791,0.34384,-0.86607,0.037,0.183,0.110,0.110,-0.110,-0.110,-0.037,0.183,0.110,-0.183,-0.110,0.037,30.00,1.200
4.8950,sine,0.2,-0.9998,nan,-0.40722,-0.07150,-0.68641,0.57436,-0.05680,-0.97448,-0.50647,0.41258,-1.27332,0.42941,0.37518,-0.86607,0.0195,-0.2149,0.0195,0.0977,-0.5665,-0.0586,-0.0195,-0.5665,0.0586,-0.0195,-0.5665,-0.0195,-0.40737,-0.08877,-0.68670,0.57604,-0.08318,-0.97448,-0.50384,0.38544,-1.27329,0.42791,0.34102,-0.86607,0.037,0.110,0.037,0.110,-0.110,-0.110,-0.037,0.183,0.110,-0.110,-0.110,-0.037,30.00,1.200
4.9000,sine,0.2,-0.9998,nan,-0.40729,-0.07344,-0.68641,0.57440,-0.06006,-0.97448,-0.50644,0.40991,-1.27327,0.42941,0.36955,-0.86607,0.0195,-0.2149,0.0586,0.0195,-0.4884,-0.0195,-0.0586,-0.4493,0.0586,-0.0195,-0.4884,-0.0195,-0.40737,-0.09160,-0.68670,0.57604,-0.08600,-0.97448,-0.50384,0.38261,-1.27329,0.42791,0.33819,-0.86607,0.183,0.110,0.037,0.110,-0.110,-0.110,-0.037,0.183,0.110,-0.183,-0.183,-0.183,30.00,1.200
4.9050,sine,0.2,-0.9998,nan,-0.40722,-0.07442,-0.68641,0.57447,-0.06105,-0.97448,-0.50647,0.40702,-1.27329,0.42919,0.36823,-0.86607,0.0195,-0.2540,0.0195,-0.0195,-0.5665,0.0195,-0.0195,-0.4884,0.0586,-0.0195,-0.3712,-0.0195,-0.40737,-0.09442,-0.68670,0.57604,-0.08882,-0.97448,-0.50384,0.37979,-1.27329,0.42791,0.33537,-0.86607,0.110,0.037,0.110,0.110,-0.110,-0.110,-0.037,0.183,0.110,-0.110,-0.256,-0.037,30.00,1.200
4.9100,sine,0.2,-0.9998,nan,-0.40722,-0.07519,-0.68641,0.57436,-0.06459,-0.97442,-0.50647,0.40370,-1.27329,0.42912,0.36604,-0.86601,0.0195,-0.1368,-0.0195,0.1368,-0.6056,-0.0195,-0.0195,-0.4884,0.0586,-0.0586,-0.4493,0.0195,-0.40737,-0.09723,-0.68670,0.57604,-0.09164,-0.97448,-0.50384,0.37698,-1.27329,0.42791,0.33256,-0.86607,0.037,0.037,0.110,0.183,-0.110,-0.110,0.037,0.110,0.110,-0.110,-0.330,-0.037,30.00,1.200
4.9150,sine,0.1,-0.9998,nan,-0.40722,-0.07709,-0.68647,0.57447,-0.06704,-0.97448,-0.50647,0.40198,-1.27327,0.42912,0.36304,-0.86607,0.0195,-0.2540,0.0195,0.1368,-0.4884,-0.0195,0.0195,-0.6056,0.0586,-0.0977,-0.6447,-0.0195,-0.40737,-0.10003,-0.68670,0.57604,-0.09444,-0.97448,-0.50384,0.37418,-1.27329,0.42791,0.32976,-0.86607,0.110,-0.037,-0.037,0.183,-0.037,-0.110,-0.037,0.183,0.110,-0.110,-0.256,0.037,30.00,1.200
4.9200,sine,0.1,-0.9998,nan,-0.40722,-0.07834,-0.68641,0.57429,-0.06905,-0.97448,-0.50647,0.39840,-1.27327,0.42905,0.36147,-0.86598,0.0195,-0.2540,-0.0195,0.0195,-0.3712,-0.0195,-0.0195,-0.6056,-0.0195,-0.1368,-0.5275,-0.0195,-0.40737,-0.10282,-0.68670,0.57604,-0.09723,-0.97448,-0.50384,0.37139,-1.27329,0.42791,0.32697,-0.86607,0.037,-0.110,0.110,0.183,-0.183,-0.110,0.037,0.183,0.110,-0.110,-0.183,0.037,30.00,1.200
4.9250,sine,0.1,-0.9998,nan,-0.40722,-0.07918,-0.68641,0.57447,-0.06971,-0.97451,-0.50647,0.39657,-1.27327,0.42905,0.35847,-0.86607,0.0977,-0.3321,0.0195,0.1368,-0.2930,0.0195,-0.0195,-0.6056,0.1368,-0.0195,-0.6447,0.0195,-0.40737,-0.10560,-0.68670,0.57604,-0.10000,-0.97448,-0.50384,0.36861,-1.27329,0.42791,0.32419,-0.86607,0.110,-0.037,0.110,0.183,-0.256,-0.110,-0.037,0.183,0.037,-0.110,-0.183,-0.110,30.00,1.200
4.9300,sine,0.1,-0.9998,nan,-0.40722,-0.07918,-0.68641,0.57436,-0.07062,-0.97448,-0.50644,0.39489,-1.27329,0.42901,0.35639,-0.86607,0.0195,-0.3321,0.0195,0.0195,-0.1758,0.0195,-0.0195,-0.5665,-0.0586,-0.0977,-0.5665,-0.0195,-0.40737,-0.10836,-0.68670,0.57604,-0.10276,-0.97448,-0.50384,0.36585,-1.27329,0.42791,0.32143,-0.86607,0.037,-0.037,0.110,0.183,-0.476,-0.110,-0.037,0.183,0.110,-0.110,-0.037,0.037,30.00,1.200
4.9350,sine,0.1,-0.9998,nan,-0.40715,-0.08170,-0.68641,0.57447,-0.07179,-0.97448,-0.50647,0.39050,-1.27329,0.42901,0.35306,-0.86607,0.0195,-0.2540,0.0195,0.1368,-0.2930,-0.0195,-0.0195,-0.6056,-0.0586,0.0195,-0.7228,-0.0195,-0.40737,-0.11110,-0.68670,0.57604,-0.10551,-0.97448,-0.50384,0.36311,-1.27329,0.42791,0.31869,-0.86607,0.110,-0.110,0.183,0.183,-0.549,-0.110,-0.037,0.256,0.110,-0.110,-0.037,0.037,30.00,1.200
4.9400,sine,0.0,-0.9998,nan,-0.40722,-0.08422,-0.68641,0.57447,-0.07344,-0.97448,-0.50644,0.38695,-1.27327,0.42897,0.35306,-0.86607,0.0195,-0.4493,0.0586,-0.0977,-0.2930,-0.0195,-0.0195,-0.5665,-0.0195,-0.0195,-0.7228,-0.0977,-0.40737,-0.11382,-0.68670,0.57604,-0.10823,-0.97448,-0.50384,0.36039,-1.27329,0.42791,0.31597,-0.86607,0.037,-0.183,0.110,0.110,-0.549,-0.037,-0.037,0.256,0.110,-0.110,-0.037,-0.183,30.00,1.200
4.9450,sine,0.0,-0.9998,nan,-0.40722,-0.08715,-0.68647,0.57451,-0.07501,-0.97442,-0.50647,0.38640,-1.27327,0.42894,0.34689,-0.86607,0.0977,-0.5275,0.0195,0.0586,-0.2930,-0.0195,-0.0195,-0.4103,0.0195,-0.0977,-0.6447,-0.0195,-0.40737,-0.11652,-0.68670,0.57604,-0.11093,-0.97448,-0.50384,0.35769,-1.27329,0.42791,0.31327,-0.86607,0.037,-0.037,0.110,0.110,-0.549,-0.110,-0.037,0.256,0.110,-0.110,-0.110,-0.037,30.00,1.200
4.9500,sine,1.0,-0.9998,nan,-0.40715,-0.08835,-0.68647,0.57436,-0.07600,-0.97442,-0.50647,0.38242,-1.27327,0.42897,0.34462,-0.86607,0.0195,-0.4493,0.0195,0.0195,-0.3712,-0.0195,0.0977,-0.5275,0.0977,-0.0586,-0.4884,-0.0195,-0.40737,-0.11919,-0.68670,0.57604,-0.11360,-0.97448,-0.50384,0.35502,-1.27329,0.42791,0.31060,-0.86607,0.110,-0.110,0.110,0.183,-0.696,-0.110,-0.037,0.183,0.110,-0.110,-0.183,-0.037,30.00,1.200
4.9550,sine,1.0,-0.9998,nan,-0.40722,-0.09000,-0.68638,0.57447,-0.07739,-0.97448,-0.50644,0.37942,-1.27327,0.42894,0.34462,-0.86598,-0.0977,-0.3712,0.0586,-0.0977,-0.2930,-0.0195,0.0195,-0.6056,0.0977,-0.0195,-0.4884,-0.0586,-0.40737,-0.12184,-0.68670,0.57604,-0.11625,-0.97448,-0.50384,0.35237,-1.27329,0.42791,0.30795,-0.86607,0.037,-0.110,0.037,0.110,-0.769,-0.110,-0.037,0.183,0.110,-0.110,-0.183,-0.037,30.00,1.200
4.9600,sine,1.0,-0.9998,nan,-0.40711,-0.09215,-0.68647,0.57447,-0.07899,-0.97448,-0.50633,0.37840,-1.27329,0.42894,0.33979,-0.86607,0.0195,-0.4103,0.0195,0.0586,-0.2930,-0.0195,0.0977,-0.4884,0.0195,-0.0586,-0.3712,-0.0195,-0.40737,-0.12446,-0.68670,0.57604,-0.11886,-0.97448,-0.50384,0.34975,-1.27329,0.42791,0.30533,-0.86607,0.037,-0.110,0.110,0.110,-0.623,-0.110,-0.037,0.183,0.110,-0.110,-0.256,-0.256,30.00,1.200
4.9650,sine,0.9,-0.9998,nan,-0.40722,-0.09501,-0.68647,0.57451,-0.08027,-0.97448,-0.50644,0.37438,-1.27327,0.42894,0.33775,-0.86607,0.0195,-0.4103,0.0195,-0.0195,-0.3712,-0.0195,-0.0195,-0.5665,-0.0195,-0.0586,-0.4884,-0.0195,-0.40737,-0.12704,-0.68670,0.57604,-0.12145,-0.97448,-0.50384,0.34717,-1.27329,0.42791,0.30275,-0.86607,0.110,-0.110,0.037,0.110,-0.623,-0.110,0.037,0.256,0.037,-0.110,-0.256,-0.256,30.00,1.200
4.9700,sine,0.9,-0.9998,nan,-0.40715,-0.09683,-0.68647,0.57458,-0.08232,-0.97448,-0.50633,0.37134,-1.27327,0.42886,0.33775,-0.86607,0.0195,-0.3321,0.0195,0.0195,-0.4103,-0.0195,0.1368,-0.3712,0.0195,0.0195,-0.4884,-0.0195,-0.40737,-0.12959,-0.68670,0.57604,-0.12400,-0.97448,-0.50384,0.34461,-1.27329,0.42791,0.30020,-0.86607,0.037,-0.183,0.183,0.110,-0.696,-0.110,-0.037,0.183,0.110,-0.183,-0.256,-0.256,30.00,1.200
4.9750,sine,0.9,-0.9998,nan,-0.40722,-0.09705,-0.68638,0.57520,-0.08411,-0.97448,-0.50644,0.36824,-1.27318,0.42894,0.33139,-0.86607,0.0195,-0.2540,0.0977,0.1368,-0.3321,-0.0977,-0.1368,-0.4493,0.0195,-0.0586,-0.6838,-0.0195,-0.40737,-0.13211,-0.68670,0.57604,-0.12652,-0.97448,-0.50384,0.34210,-1.27329,0.42791,0.29768,-0.86607,0.037,-0.256,0.183,0.037,-0.696,-0.110,-0.037,0.183,0.110,-0.110,-0.110,-0.256,30.00,1.200
4.9800,sine,0.9,-0.9998,nan,-0.40740,-0.09855,-0.68647,0.57612,-0.08675,-0.97448,-0.50644,0.36762,-1.27327,0.42875,0.32956,-0.86607,-0.0586,-0.2930,0.0195,0.0977,-0.2930,0.0586,0.0977,-0.4103,-0.0586,0.0195,-0.6056,-0.0195,-0.40737,-0.13459,-0.68670,0.57604,-0.12900,-0.97448,-0.50384,0.33962,-1.27329,0.42791,0.29520,-0.86607,0.110,-0.549,0.110,-0.037,-0.623,-0.037,0.037,0.183,0.110,-0.110,-0.110,-0.256,30.00,1.200
4.9850,sine,0.9,-0.9998,nan,-0.40817,-0.09994,-0.68641,0.57677,-0.08887,-0.97451,-0.50644,0.36301,-1.27327,0.42879,0.32378,-0.86607,-0.2540,-0.2149,0.0195,0.1368,-0.4493,0.0195,-0.0586,-0.4103,0.0195,-0.0195,-0.5275,-0.0195,-0.40737,-0.13703,-0.68670,0.57604,-0.13144,-0.97448,-0.50384,0.33718,-1.27329,0.42791,0.29276,-0.86607,0.256,-0.549,0.110,-0.110,-0.696,-0.110,-0.037,0.183,0.183,-0.110,-0.110,-0.256,30.00,1.200
4.9900,sine,0.8,-0.9998,nan,-0.40956,-0.10023,-0.68647,0.57707,-0.09124,-0.97451,-0.50647,0.36049,-1.27327,0.42864,0.32184,-0.86607,-0.1758,-0.2540,-0.0195,0.0977,-0.4493,-0.0195,-0.0195,-0.4884,0.0195,0.0195,-0.5665,-0.0195,-0.40737,-0.13943,-0.68670,0.57604,-0.13384,-0.97448,-0.50384,0.33478,-1.27329,0.42791,0.29036,-0.86607,0.330,-0.549,0.110,-0.110,-0.549,-0.110,-0.037,0.110,0.110,-0.110,-0.183,0.037,30.00,1.200
4.9950,sine,0.8,-0.9998,nan,-0.41051,-0.10235,-0.68647,0.57824,-0.09402,-0.97448,-0.50644,0.35793,-1.27332,0.42864,0.31811,-0.86607,-0.1758,-0.3321,0.0586,0.1368,-0.5275,0.0195,-0.0195,-0.3712,-0.0195,-0.0195,-0.4884,-0.0195,-0.40737,-0.14179,-0.68670,0.57604,-0.13619,-0.97448,-0.50384,0.33242,-1.27329,0.42791,0.28800,-0.86607,0.403,-0.623,0.183,-0.110,-0.623,-0.110,-0.037,0.110,0.110,-0.037,-0.256,0.037,30.00,1.200
5.0000,sine,0.8,-0.9998,nan,-0.41175,-0.10411,-0.68647,0.57857,-0.09541,-0.97448,-0.50647,0.35621,-1.27332,0.42839,0.31673,-0.86607,-0.2540,-0.2930,0.0195,0.1368,-0.5275,-0.0977,-0.0195,-0.2930,-0.0586,-0.0977,-0.5275,-0.0195,-0.40737,-0.14410,-0.68670,0.57604,-0.13850,-0.97448,-0.50384,0.33011,-1.27329,0.42791,0.28569,-0.86607,0.549,-0.549,0.110,-0.037,-0.623,-0.183,-0.037,0.037,0.110,-0.037,-0.256,-0.037,30.00,1.200
5.0050,sine,0.8,-0.9998,nan,-0.41259,-0.10502,-0.68641,0.57897,-0.09892,-0.97457,-0.50633,0.35401,-1.27341,0.42821,0.31577,-0.86601,-0.1758,-0.1758,0.0195,0.0586,-0.5275,0.0195,0.0977,-0.2540,0.0586,-0.1368,-0.4884,-0.0195,-0.40737,-0.14636,-0.68670,0.57604,-0.14077,-0.97448,-0.50384,0.32785,-1.27329,0.42791,0.28343,-0.86607,0.476,-0.623,0.110,-0.110,-0.549,-0.037,-0.037,-0.110,0.110,-0.037,-0.256,-0.037,30.00,1.200
5.0100,sine,0.8,-0.9998,nan,-0.41296,-0.10659,-0.68647,0.57959,-0.10181,-0.97451,-0.50604,0.35193,-1.27327,0.42813,0.31055,-0.86607,0.0195,-0.2540,-0.0195,0.2540,-0.4493,-0.0586,0.0586,-0.4493,0.0195,-0.0586,-0.5275,0.0586,-0.40737,-0.14857,-0.68670,0.57604,-0.14298,-0.97448,-0.50384,0.32563,-1.27329,0.42791,0.28122,-0.86607,0.330,-0.623,0.110,-0.110,-0.549,-0.110,-0.037,-0.037,0.110,-0.037,-0.183,0.037,30.00,1.200
5.0150,sine,0.7,-0.9998,nan,-0.41340,-0.10853,-0.68647,0.57966,-0.10320,-0.97451,-0.50589,0.35025,-1.27309,0.42791,0.30810,-0.86607,0.0195,-0.3712,0.0195,0.0195,-0.4493,0.0195,-0.0195,-0.4493,0.0977,-0.0195,-0.7228,-0.0195,-0.40737,-0.15074,-0.68670,0.57604,-0.14515,-0.97448,-0.50384,0.32347,-1.27329,0.42791,0.27905,-0.86607,0.330,-0.696,0.110,-0.110,-0.623,-0.110,-0.037,0.037,0.037,-0.037,-0.110,0.037,30.00,1.200
5.0200,sine,0.7,-0.9998,nan,-0.41406,-0.10967,-0.68647,0.57985,-0.10597,-0.97451,-0.50582,0.34824,-1.27318,0.42780,0.30810,-0.86601,-0.0977,-0.3712,-0.0586,0.0195,-0.5665,-0.0977,0.0586,-0.2149,-0.0195,-0.0195,-0.7228,0.0586,-0.40737,-0.15285,-0.68670,0.57604,-0.14726,-0.97448,-0.50384,0.32136,-1.27329,0.42791,0.27694,-0.86607,0.403,-0.549,0.037,-0.037,-0.476,-0.110,-0.110,-0.183,0.110,-0.110,-0.110,-0.037,30.00,1.200
5.0250,sine,0.7,-0.9998,nan,-0.41442,-0.11193,-0.68647,0.58003,-0.10992,-0.97451,-0.50589,0.34835,-1.27318,0.42773,0.30345,-0.86607,-0.1758,-0.3712,0.0195,0.1368,-0.4884,0.0195,-0.1368,0.0977,0.0195,0.0195,-0.1368,-0.0586,-0.40737,-0.15491,-0.68670,0.57604,-0.14932,-0.97448,-0.50384,0.31930,-1.27329,0.42791,0.27488,-0.86607,0.476,-0.476,0.110,-0.110,-0.476,-0.110,-0.037,-0.549,0.110,-0.037,-0.476,-0.037,30.00,1.200
5.0300,sine,0.7,-0.9998,nan,-0.41515,-0.11412,-0.68647,0.58003,-0.11109,-0.97459,-0.50604,0.34828,-1.27318,0.42766,0.30313,-0.86607,-0.0977,-0.6056,0.0195,-0.0977,-0.4493,0.0195,-0.0977,0.0195,0.0586,-0.0586,-0.2149,-0.0195,-0.40737,-0.15691,-0.68670,0.57604,-0.15132,-0.97448,-0.50384,0.31730,-1.27329,0.42791,0.27288,-0.86607,0.476,-0.476,0.037,-0.037,-0.476,-0.110,-0.037,-0.549,0.110,-0.037,-0.696,-0.110,30.00,1.200
5.0350,sine,0.6,-0.9998,nan,-0.41545,-0.11636,-0.68647,0.57992,-0.11464,-0.97451,-0.50611,0.34740,-1.27318,0.42773,0.30133,-0.86607,0.0195,-0.4884,0.0195,0.0195,-0.5665,-0.0195,0.0586,-0.1758,-0.0586,0.0195,-0.4493,-0.0195,-0.40737,-0.15886,-0.68670,0.57604,-0.15326,-0.97448,-0.50384,0.31535,-1.27329,0.42791,0.27093,-0.86607,0.403,-0.476,0.183,0.037,-0.330,-0.110,-0.037,-0.476,0.110,-0.037,-0.476,-0.037,30.00,1.200
5.0400,sine,0.6,-0.9998,nan,-0.41559,-0.11855,-0.68647,0.57992,-0.11796,-0.97451,-0.50629,0.34612,-1.27318,0.42773,0.29962,-0.86607,0.0195,-0.4884,0.0195,0.0977,-0.4884,-0.0195,-0.0586,-0.2149,-0.0195,0.0195,-0.3321,-0.0195,-0.40737,-0.16074,-0.68670,0.57604,-0.15515,-0.97448,-0.50384,0.31347,-1.27329,0.42791,0.26905,-0.86607,0.403,-0.403,0.110,0.037,-0.403,-0.110,0.037,-0.403,0.183,-0.037,-0.403,-0.256,30.00,1.200
5.0450,sine,0.6,-0.9998,nan,-0.41581,-0.12118,-0.68641,0.57981,-0.11895,-0.97451,-0.50662,0.34473,-1.27318,0.42762,0.29900,-0.86598,-0.0977,-0.3712,0.0586,0.0195,-0.5665,0.0195,-0.0586,-0.2540,-0.0195,-0.0977,-0.2930,-0.0977,-0.40737,-0.16257,-0.68670,0.57604,-0.15698,-0.97448,-0.50384,0.31164,-1.27329,0.42791,0.26722,-0.86607,0.403,-0.549,0.110,0.037,-0.403,-0.110,0.037,-0.403,0.110,-0.110,-0.476,-0.256,30.00,1.200
5.0500,sine,0.6,-0.9998,nan,-0.41581,-0.12261,-0.68647,0.57966,-0.12308,-0.97459,-0.50669,0.34338,-1.27318,0.42762,0.29633,-0.86598,0.0977,-0.3712,0.0195,-0.0586,-0.6056,-0.0195,-0.0977,-0.3321,0.0586,-0.0195,-0.2930,-0.0977,-0.40737,-0.16433,-0.68670,0.57604,-0.15874,-0.97448,-0.50384,0.30987,-1.27329,0.42791,0.26546,-0.86607,0.403,-0.476,0.110,-0.037,-0.476,-0.110,0.037,-0.403,0.110,-0.037,-0.476,-0.037,30.00,1.200
5.0550,sine,0.6,-0.9998,nan,-0.41607,-0.12575,-0.68647,0.57948,-0.12531,-0.97459,-0.50677,0.34206,-1.27318,0.42747,0.29497,-0.86607,-0.0977,-0.3712,0.0195,0.0195,-0.4493,-0.0977,-0.0195,-0.0586,0.0195,0.0195,-0.2930,0.0586,-0.40737,-0.16603,-0.68670,0.57604,-0.16044,-0.97448,-0.50384,0.30817,-1.27329,0.42791,0.26376,-0.86607,0.403,-0.476,0.110,0.037,-0.549,-0.037,0.037,-0.549,0.037,-0.037,-0.549,-0.037,30.00,1.200
5.0600,sine,0.6,-0.9998,nan,-0.41600,-0.12732,-0.68638,0.57937,-0.12780,-0.97451,-0.50677,0.34221,-1.27327,0.42689,0.29479,-0.86598,0.0977,-0.3712,0.0195,-0.1368,-0.5275,-0.0586,0.1758,0.0195,-0.0586,-0.2149,-0.2930,-0.0977,-0.40737,-0.16767,-0.68670,0.57604,-0.16208,-0.97448,-0.50384,0.30654,-1.27329,0.42791,0.26212,-0.86607,0.330,-0.476,0.110,0.037,-0.403,-0.037,0.037,-0.842,0.110,-0.037,-0.549,-0.110,30.00,1.200
5.0650,sine,0.5,-0.9998,nan,-0.41589,-0.12868,-0.68647,0.57919,-0.12970,-0.97459,-0.50659,0.34268,-1.27318,0.42598,0.29344,-0.86598,0.0195,-0.3712,0.0195,-0.0977,-0.4493,-0.0195,-0.0195,0.0977,0.0195,-0.1758,-0.0977,0.0977,-0.40737,-0.16924,-0.68670,0.57604,-0.16365,-0.97448,-0.50384,0.30497,-1.27329,0.42791,0.26055,-0.86607,0.330,-0.403,0.110,0.037,-0.476,-0.110,-0.037,-0.989,0.110,0.256,-0.696,-0.110,30.00,1.200
5.0700,sine,0.5,-0.9998,nan,-0.41570,-0.13229,-0.68647,0.57904,-0.13145,-0.97459,-0.50662,0.34268,-1.27318,0.42495,0.29263,-0.86607,0.0977,-0.2540,0.0195,0.0195,-0.4103,-0.0195,-0.0977,0.0195,0.0977,-0.1758,-0.2930,-0.0977,-0.40737,-0.17075,-0.68670,0.57604,-0.16515,-0.97448,-0.50384,0.30346,-1.27329,0.42791,0.25904,-0.86607,0.330,-0.476,0.037,0.110,-0.476,-0.110,-0.037,-0.916,0.110,0.110,-0.769,0.037,30.00,1.200
5.0750,sine,0.5,-0.9998,nan,-0.41563,-0.13357,-0.68647,0.57897,-0.13420,-0.97451,-0.50677,0.34232,-1.27318,0.42440,0.29249,-0.86595,-0.0977,-0.3321,0.0195,-0.0977,-0.4884,0.0195,-0.0977,-0.1368,-0.0195,-0.0977,-0.1758,0.0586,-0.40737,-0.17218,-0.68670,0.57604,-0.16659,-0.97448,-0.50384,0.30203,-1.27329,0.42791,0.25761,-0.86607,0.330,-0.330,0.037,0.037,-0.403,-0.110,0.037,-0.916,0.110,0.183,-0.696,-0.256,30.00,1.200
5.0800,sine,0.5,-0.9998,nan,-0.41563,-0.13591,-0.68647,0.57893,-0.13507,-0.97451,-0.50677,0.34199,-1.27318,0.42415,0.29015,-0.86598,0.0195,-0.5665,0.0977,0.0586,-0.4493,-0.0977,-0.0195,-0.1368,0.0586,-0.0977,-0.1758,0.0977,-0.40737,-0.17355,-0.68670,0.57604,-0.16795,-0.97448,-0.50384,0.30066,-1.27329,0.42791,0.25624,-0.86607,0.330,-0.330,0.037,0.037,-0.403,-0.037,0.037,-0.916,0.110,0.110,-0.769,-0.256,30.00,1.200
5.0850,sine,0.5,-0.9998,nan,-0.41563,-0.13833,-0.68647,0.57893,-0.13829,-0.97459,-0.50691,0.34191,-1.27318,0.42312,0.28931,-0.86607,0.0977,-0.4493,0.0195,0.0195,-0.5275,0.0195,-0.0586,-0.0586,0.0195,-0.2149,-0.2149,-0.0195,-0.40737,-0.17484,-0.68670,0.57604,-0.16925,-0.97448,-0.50384,0.29937,-1.27329,0.42791,0.25495,-0.86607,0.256,-0.403,0.110,0.037,-0.403,-0.110,-0.037,-0.989,0.110,0.183,-0.696,-0.110,30.00,1.200
5.0900,sine,0.4,-0.9998,nan,-0.41556,-0.14037,-0.68647,0.57897,-0.14048,-0.97457,-0.50688,0.34191,-1.27309,0.42247,0.28799,-0.86598,0.0195,-0.3321,0.0195,0.0195,-0.4493,-0.0195,0.0977,0.0195,0.0586,-0.0195,-0.1758,-0.0586,-0.40737,-0.17607,-0.68670,0.57604,-0.17047,-0.97448,-0.50384,0.29814,-1.27329,0.42791,0.25372,-0.86607,0.330,-0.330,-0.037,0.037,-0.330,-0.110,0.037,-1.062,0.110,0.256,-0.769,0.037,30.00,1.200
5.0950,sine,0.4,-0.9998,nan,-0.41537,-0.14125,-0.68647,0.57882,-0.14253,-0.97459,-0.50688,0.34191,-1.27309,0.42199,0.28748,-0.86595,0.1368,-0.4493,0.0195,0.0195,-0.4493,0.0586,-0.0977,-0.0586,0.0586,-0.0586,-0.2149,-0.0586,-0.40737,-0.17722,-0.68670,0.57604,-0.17163,-0.97448,-0.50384,0.29699,-1.27329,0.42791,0.25257,-0.86607,0.256,-0.403,0.037,0.037,-0.403,-0.110,-0.037,-1.136,0.183,0.183,-0.842,-0.110,30.00,1.200
5.1000,sine,0.4,-0.9998,nan,-0.41534,-0.14498,-0.68647,0.57875,-0.14407,-0.97459,-0.50677,0.34177,-1.27318,0.42159,0.28664,-0.86598,0.0195,-0.4493,0.0195,0.0195,-0.3321,-0.0195,-0.0195,0.0977,-0.0195,-0.2149,-0.0977,-0.0195,-0.40737,-0.17830,-0.68670,0.57604,-0.17270,-0.97448,-0.50384,0.29591,-1.27329,0.42791,0.25149,-0.86607,0.330,-0.256,0.110,0.037,-0.403,-0.110,-0.037,-1.136,0.110,0.183,-0.842,-0.183,30.00,1.200
5.1050,sine,0.4,-0.9998,nan,-0.41545,-0.14750,-0.68647,0.57875,-0.14633,-0.97459,-0.50677,0.34162,-1.27315,0.42104,0.28532,-0.86607,0.1368,-0.3712,0.0195,0.0195,-0.4103,0.1368,-0.0195,-0.0586,0.0586,-0.2149,-0.2149,0.0195,-0.40737,-0.17930,-0.68670,0.57604,-0.17371,-0.97448,-0.50384,0.29491,-1.27329,0.42791,0.25049,-0.86607,0.330,-0.330,0.110,0.037,-0.330,-0.110,-0.037,-1.209,0.183,0.183,-0.842,0.037,30.00,1.200
5.1100,sine,0.4,-0.9998,nan,-0.41545,-0.14918,-0.68647,0.57879,-0.14831,-0.97459,-0.50677,0.34159,-1.27318,0.42042,0.28456,-0.86598,0.0195,-0.3712,0.0195,0.0195,-0.4493,-0.0195,-0.0195,-0.0195,0.1368,-0.1368,-0.2149,0.0977,-0.40737,-0.18023,-0.68670,0.57604,-0.17464,-0.97448,-0.50384,0.29398,-1.27329,0.42791,0.24956,-0.86607,0.330,-0.110,0.110,0.037,-0.330,-0.183,0.037,-1.209,0.110,0.256,-0.916,-0.110,30.00,1.200
5.1150,sine,0.3,-0.9998,nan,-0.41534,-0.15065,-0.68647,0.57875,-0.15006,-0.97459,-0.50677,0.34151,-1.27315,0.42002,0.28437,-0.86607,0.0195,-0.4493,0.0195,0.0977,-0.2930,0.0586,0.0977,0.0195,0.0586,-0.1368,-0.1368,-0.0977,-0.40737,-0.18108,-0.68670,0.57604,-0.17549,-0.97448,-0.50384,0.29313,-1.27329,0.42791,0.24871,-0.86607,0.330,-0.256,0.110,0.037,-0.403,-0.110,-0.037,-1.282,0.110,0.256,-0.842,-0.037,30.00,1.200
5.1200,sine,0.3,-0.9998,nan,-0.41523,-0.15240,-0.68647,0.57882,-0.15127,-0.97448,-0.50677,0.34137,-1.27318,0.41961,0.28324,-0.86598,0.0586,-0.2540,0.0195,-0.0586,-0.3321,-0.0195,-0.0195,0.0195,0.0195,-0.0195,-0.0977,-0.0977,-0.40737,-0.18186,-0.68670,0.57604,-0.17626,-0.97448,-0.50384,0.29235,-1.27329,0.42791,0.24793,-0.86607,0.330,-0.256,0.110,0.037,-0.403,-0.110,0.037,-1.282,0.110,0.256,-0.989,-0.183,30.00,1.200
5.1250,sine,0.3,-0.9998,nan,-0.41515,-0.15456,-0.68647,0.57882,-0.15302,-0.97459,-0.50677,0.34140,-1.27318,0.41903,0.28280,-0.86598,-0.0586,-0.2540,-0.0586,0.0195,-0.2930,-0.0195,-0.0195,0.0195,0.0586,-0.0977,-0.2149,-0.0977,-0.40737,-0.18255,-0.68670,0.57604,-0.17696,-0.97448,-0.50384,0.29165,-1.27329,0.42791,0.24724,-0.86607,0.256,-0.256,0.037,0.037,-0.403,-0.110,-0.037,-1.355,0.110,0.256,-0.916,-0.110,30.00,1.200
5.1300,sine,0.3,-0.9998,nan,-0.41508,-0.15558,-0.68647,0.57882,-0.15445,-0.97459,-0.50677,0.34137,-1.27315,0.41859,0.28255,-0.86598,0.1368,-0.2930,0.0586,-0.0195,-0.2930,-0.0195,-0.0977,0.0195,0.0195,-0.1758,-0.1368,-0.0977,-0.40737,-0.18318,-0.68670,0.57604,-0.17758,-0.97448,-0.50384,0.29103,-1.27329,0.42791,0.24661,-0.86607,0.330,-0.330,0.110,0.037,-0.403,-0.110,0.037,-1.355,0.037,0.330,-0.989,-0.256,30.00,1.200
5.1350,sine,0.2,-0.9998,nan,-0.41508,-0.15785,-0.68656,0.57882,-0.15580,-0.97451,-0.50677,0.34115,-1.27318,0.41822,0.28134,-0.86598,0.0195,-0.2540,0.0195,0.0195,-0.2930,-0.0195,-0.0195,0.0195,-0.0977,-0.0977,-0.2149,-0.0977,-0.40737,-0.18372,-0.68670,0.57604,-0.17813,-0.97448,-0.50384,0.29049,-1.27329,0.42791,0.24607,-0.86607,0.330,-0.256,0.110,0.037,-0.403,0.037,-0.037,-1.355,0.110,0.330,-0.916,0.037,30.00,1.200
5.1400,sine,0.2,-0.9998,nan,-0.41508,-0.15935,-0.68647,0.57882,-0.15701,-0.97451,-0.50677,0.34115,-1.27318,0.41760,0.28072,-0.86595,0.0195,-0.3321,0.0195,0.0586,-0.2540,-0.1368,-0.0195,-0.1368,0.0586,-0.1758,-0.2930,0.0586,-0.40737,-0.18418,-0.68670,0.57604,-0.17859,-0.97448,-0.50384,0.29003,-1.27329,0.42791,0.24561,-0.86607,0.256,-0.256,0.110,0.037,-0.403,-0.037,0.037,-1.355,0.110,0.330,-0.916,-0.110,30.00,1.200
5.1450,sine,0.2,-0.9998,nan,-0.41508,-0.16125,-0.68647,0.57893,-0.15840,-0.97462,-0.50688,0.34100,-1.27315,0.41709,0.28002,-0.86598,0.0977,-0.2540,0.0195,0.1368,-0.2930,-0.0195,-0.0195,-0.0586,0.0195,-0.2540,-0.1368,-0.0195,-0.40737,-0.18457,-0.68670,0.57604,-0.17898,-0.97448,-0.50384,0.28964,-1.27329,0.42791,0.24522,-0.86607,0.330,-0.183,0.110,-0.037,-0.403,-0.110,-0.037,-1.429,0.037,0.256,-0.916,0.037,30.00,1.200
5.1500,sine,0.2,-0.9998,nan,-0.41508,-0.16242,-0.68647,0.57886,-0.15931,-0.97459,-0.50680,0.34100,-1.27306,0.41705,0.27951,-0.86598,0.0195,-0.1758,0.0195,0.0586,-0.1368,0.0586,-0.0195,0.1758,0.0586,-0.0586,-0.2149,0.0586,-0.40737,-0.18487,-0.68670,0.57604,-0.17928,-0.97448,-0.50384,0.28933,-1.27329,0.42791,0.24492,-0.86607,0.330,-0.256,0.110,0.037,-0.403,-0.110,-0.037,-1.355,0.110,0.330,-0.989,-0.037,30.00,1.200
5.1550,sine,0.2,-0.9998,nan,-0.41508,-0.16337,-0.68647,0.57882,-0.15986,-0.97459,-0.50677,0.34085,-1.27306,0.41621,0.27925,-0.86595,-0.0586,-0.2930,0.0195,0.0195,-0.2149,0.0586,-0.1368,0.0977,0.0195,-0.0977,-0.0195,-0.0195,-0.40737,-0.18510,-0.68670,0.57604,-0.17951,-0.97448,-0.50384,0.28911,-1.27329,0.42791,0.24469,-0.86607,0.256,-0.183,0.037,0.037,-0.403,-0.110,0.037,-1.429,0.110,0.403,-0.989,-0.037,30.00,1.200
5.1600,sine,0.1,-0.9998,nan,-0.41508,-0.16454,-0.68647,0.57882,-0.16074,-0.97459,-0.50680,0.34078,-1.27306,0.41581,0.27856,-0.86598,0.0195,-0.2930,0.0977,0.0195,-0.2149,0.0586,-0.0195,-0.0586,0.0195,-0.1368,-0.0977,-0.0195,-0.40737,-0.18525,-0.68670,0.57604,-0.17965,-0.97448,-0.50384,0.28896,-1.27329,0.42791,0.24454,-0.86607,0.330,-0.183,0.110,0.037,-0.476,-0.110,-0.037,-1.429,0.110,0.330,-0.989,-0.183,30.00,1.200
5.1650,sine,0.1,-0.9998,nan,-0.41515,-0.16574,-0.68647,0.57886,-0.16150,-0.97451,-0.50688,0.34078,-1.27306,0.41548,0.27801,-0.86595,-0.0586,-0.1758,0.0195,0.0586,-0.1368,-0.0195,-0.0195,0.0195,0.0195,-0.0586,-0.2149,0.0195,-0.40737,-0.18531,-0.68670,0.57604,-0.17972,-0.97448,-0.50384,0.28889,-1.27329,0.42791,0.24448,-0.86607,0.256,-0.256,0.037,0.037,-0.476,-0.110,-0.037,-1.429,0.110,0.330,-1.062,-0.037,30.00,1.200
5.1700,sine,0.1,-0.9998,nan,-0.41508,-0.16637,-0.68647,0.57879,-0.16212,-0.97459,-0.50677,0.34071,-1.27306,0.41519,0.27794,-0.86598,0.0977,-0.0977,0.0195,0.0586,-0.0586,-0.0977,0.0977,0.0195,0.0195,-0.0195,-0.0977,-0.0195,-0.40737,-0.18530,-0.68670,0.57604,-0.17971,-0.97448,-0.50384,0.28891,-1.27329,0.42791,0.24449,-0.86607,0.330,-0.256,0.037,0.037,-0.476,-0.110,-0.037,-1.429,0.110,0.403,-0.989,-0.037,30.00,1.200
5.1750,sine,0.1,-0.9998,nan,-0.41515,-0.16699,-0.68647,0.57879,-0.16231,-0.97451,-0.50688,0.34064,-1.27301,0.41483,0.27732,-0.86595,0.0195,-0.2149,0.0195,-0.0195,-0.0977,-0.0195,0.0195,-0.0586,0.0195,-0.0195,-0.0195,-0.0195,-0.40737,-0.18521,-0.68670,0.57604,-0.17961,-0.97448,-0.50384,0.28900,-1.27329,0.42791,0.24458,-0.86607,0.330,-0.256,0.037,0.037,-0.476,-0.110,-0.037,-1.429,0.110,0.403,-0.989,-0.037,30.00,1.200
5.1800,sine,0.1,-0.9998,nan,-0.41515,-0.16790,-0.68647,0.57875,-0.16271,-0.97459,-0.50688,0.34060,-1.27301,0.41464,0.27699,-0.86598,0.0195,-0.1368,-0.0195,-0.0977,-0.0977,-0.0195,-0.1368,0.0586,-0.0195,-0.0977,-0.0195,-0.0195,-0.40737,-0.18503,-0.68670,0.57604,-0.17944,-0.97448,-0.50384,0.28917,-1.27329,0.42791,0.24476,-0.86607,0.330,-0.330,0.110,0.110,-0.549,-0.110,-0.037,-1.429,0.037,0.403,-0.989,-0.110,30.00,1.200
5.1850,sine,0.1,-0.9998,nan,-0.41523,-0.16841,-0.68647,0.57864,-0.16297,-0.97459,-0.50688,0.34060,-1.27301,0.41442,0.27699,-0.86607,0.0195,-0.0977,0.0195,0.0195,-0.0195,-0.1368,-0.0586,0.0195,0.0586,-0.0195,-0.0195,-0.0195,-0.40737,-0.18478,-0.68670,0.57604,-0.17919,-0.97448,-0.50384,0.28943,-1.27329,0.42791,0.24501,-0.86607,0.330,-0.183,0.183,0.037,-0.549,-0.110,-0.037,-1.429,0.110,0.403,-0.989,-0.037,30.00,1.200
5.1900,sine,0.1,-0.9998,nan,-0.41526,-0.16900,-0.68647,0.57864,-0.16326,-0.97459,-0.50688,0.34060,-1.27295,0.41428,0.27651,-0.86595,0.1368,-0.0195,0.0195,0.0586,-0.0195,-0.0195,-0.0195,0.0195,-0.0195,-0.0977,0.0195,-0.0195,-0.40737,-0.18445,-0.68670,0.57604,-0.17886,-0.97448,-0.50384,0.28976,-1.27329,0.42791,0.24534,-0.86607,0.330,-0.256,0.110,-0.037,-0.623,-0.110,-0.037,-1.502,0.037,0.330,-0.989,-0.110,30.00,1.200
5.1950,sine,1.0,-0.9998,nan,-0.41515,-0.16933,-0.68647,0.57857,-0.16344,-0.97459,-0.50688,0.34060,-1.27295,0.41417,0.27644,-0.86601,0.0195,-0.0977,0.0195,0.0586,-0.0586,-0.0195,-0.0195,0.0977,0.0195,-0.0586,-0.0586,0.0195,-0.40737,-0.18404,-0.68670,0.57604,-0.17844,-0.97448,-0.50384,0.29017,-1.27329,0.42791,0.24575,-0.86607,0.403,-0.256,0.110,0.037,-0.476,-0.110,-0.037,-1.429,0.110,0.330,-0.989,0.037,30.00,1.200
5.2000,sine,1.0,-0.9998,nan,-0.41515,-0.16976,-0.68647,0.57864,-0.16362,-0.97459,-0.50688,0.34060,-1.27304,0.41409,0.27644,-0.86607,0.0195,-0.0977,0.0195,0.0195,-0.0977,0.0586,-0.1368,-0.0586,-0.0195,-0.1758,-0.0586,0.0586,-0.40737,-0.18355,-0.68670,0.57604,-0.17795,-0.97448,-0.50384,0.29066,-1.27329,0.42791,0.24624,-0.86607,0.330,-0.256,0.037,0.037,-0.476,-0.110,-0.037,-1.429,0.110,0.330,-0.989,-0.037,30.00,1.200
5.2050,sine,1.0,-0.9998,nan,-0.41515,-0.16995,-0.68647,0.57853,-0.16373,-0.97459,-0.50688,0.34060,-1.27301,0.41398,0.27618,-0.86607,0.0195,-0.0977,0.0195,-0.0195,0.0586,-0.0195,-0.0195,0.0195,0.0195,-0.0977,-0.1368,-0.0195,-0.40737,-0.18298,-0.68670,0.57604,-0.17739,-0.97448,-0.50384,0.29123,-1.27329,0.42791,0.24681,-0.86607,0.330,-0.256,0.110,0.037,-0.476,-0.037,-0.037,-1.429,0.110,0.330,-0.989,-0.110,30.00,1.200
5.2100,sine,0.9,-0.9998,nan,-0.41515,-0.17024,-0.68647,0.57857,-0.16373,-0.97451,-0.50677,0.34064,-1.27295,0.41398,0.27600,-0.86598,0.1368,-0.0586,0.0195,0.0195,-0.0195,0.0586,0.0977,0.0195,0.0586,-0.0977,-0.0586,-0.0195,-0.40737,-0.18233,-0.68670,0.57604,-0.17674,-0.97448,-0.50384,0.29188,-1.27329,0.42791,0.24746,-0.86607,0.330,-0.256,0.110,0.037,-0.549,-0.110,-0.037,-1.355,0.110,0.330,-0.989,-0.110,30.00,1.200
5.2150,sine,0.9,-0.9998,nan,-0.41515,-0.17050,-0.68647,0.57853,-0.16373,-0.97462,-0.50688,0.34060,-1.27301,0.41387,0.27600,-0.86598,-0.0977,0.0195,0.0195,0.0586,-0.0195,-0.0977,0.0586,0.0195,0.0195,-0.0586,-0.0586,-0.0195,-0.40737,-0.18161,-0.68670,0.57604,-0.17601,-0.97448,-0.50384,0.29260,-1.27329,0.42791,0.24818,-0.86607,0.403,-0.183,0.110,0.037,-0.549,-0.110,0.037,-1.355,-0.037,0.330,-0.989,-0.110,30.00,1.200
5.2200,sine,0.9,-0.9998,nan,-0.41515,-0.17068,-0.68647,0.57857,-0.16373,-0.97459,-0.50688,0.34064,-1.27295,0.41380,0.27593,-0.86598,0.1368,0.0195,0.0195,0.0195,0.0195,-0.0195,-0.1368,0.0195,0.0195,-0.0195,-0.0195,-0.0195,-0.40737,-0.18080,-0.68670,0.57604,-0.17521,-0.97448,-0.50384,0.29340,-1.27329,0.42791,0.24899,-0.86607,0.330,-0.256,0.110,0.037,-0.476,-0.110,-0.037,-1.355,0.110,0.330,-0.989,-0.183,30.00,1.200
5.2250,sine,0.9,-0.9998,nan,-0.41515,-0.17057,-0.68647,0.57853,-0.16370,-0.97451,-0.50688,0.34064,-1.27295,0.41380,0.27593,-0.86598,0.0977,-0.0977,0.0195,0.0586,0.1368,0.0586,0.0977,0.0195,0.0195,-0.0977,-0.0977,-0.0195,-0.40737,-0.17993,-0.68670,0.57604,-0.17433,-0.97448,-0.50384,0.29428,-1.27329,0.42791,0.24986,-0.86607,0.256,-0.256,0.110,0.037,-0.476,-0.110,-0.037,-1.355,0.110,0.330,-0.989,-0.037,30.00,1.200
5.2300,sine,0.9,-0.9998,nan,-0.41523,-0.17057,-0.68647,0.57853,-0.16351,-0.97451,-0.50688,0.34064,-1.27301,0.41380,0.27593,-0.86598,-0.0977,0.0586,0.0195,-0.1368,0.0586,-0.0195,-0.1368,-0.0195,0.0195,0.1368,-0.0977,-0.0195,-0.40737,-0.17897,-0.68670,0.57604,-0.17338,-0.97448,-0.50384,0.29524,-1.27329,0.42791,0.25082,-0.86607,0.330,-0.183,0.183,0.037,-0.549,-0.110,-0.037,-1.355,0.110,0.330,-0.989,-0.037,30.00,1.200
5.2350,sine,0.8,-0.9998,nan,-0.41515,-0.17057,-0.68647,0.57857,-0.16341,-0.97459,-0.50677,0.34064,-1.27301,0.41380,0.27593,-0.86598,0.0195,0.0195,0.0195,0.0195,-0.0586,0.0586,0.1368,0.0195,0.0586,-0.0977,-0.0195,-0.0195,-0.40737,-0.17794,-0.68670,0.57604,-0.17235,-0.97448,-0.50384,0.29626,-1.27329,0.42791,0.25185,-0.86607,0.330,-0.256,0.183,0.037,-0.549,-0.110,0.037,-1.282,0.037,0.330,-0.916,-0.037,30.00,1.200
5.2400,sine,0.7,-0.9998,nan,-0.41515,-0.17046,-0.68647,0.57857,-0.16337,-0.97459,-0.50688,0.34064,-1.27301,0.41373,0.27600,-0.86598,0.0195,0.0586,0.0586,0.0195,-0.0195,0.0586,0.0977,-0.0195,0.0977,-0.0977,-0.0195,-0.0195,-0.40737,-0.17684,-0.68670,0.57604,-0.17125,-0.97448,-0.50384,0.29737,-1.27329,0.42791,0.25295,-0.86607,0.330,-0.256,0.183,0.110,-0.549,-0.110,-0.037,-1.355,0.110,0.330,-0.916,-0.037,30.00,1.200
5.2450,sine,0.8,-0.9998,nan,-0.41515,-0.17046,-0.68647,0.57853,-0.16315,-0.97459,-0.50688,0.34064,-1.27301,0.41373,0.27600,-0.86598,0.0195,0.0586,0.0195,0.0195,-0.0195,0.0195,0.0586,0.0586,-0.0195,0.0586,-0.0195,-0.0195,-0.40737,-0.17567,-0.68670,0.57604,-0.17007,-0.97448,-0.50384,0.29854,-1.27329,0.42791,0.25412,-0.86607,0.403,-0.256,0.037,-0.037,-0.476,-0.110,-0.037,-1.209,0.037,0.330,-0.916,-0.037,30.00,1.200
5.2500,sine,0.8,-0.9998,nan,-0.41523,-0.17028,-0.68647,0.57864,-0.16289,-0.97459,-0.50688,0.34067,-1.27301,0.41373,0.27600,-0.86598,0.0195,0.0195,0.0195,0.0195,-0.0195,0.0586,0.0195,0.0977,-0.0195,0.0586,-0.0195,-0.0195,-0.40737,-0.17442,-0.68670,0.57604,-0.16883,-0.97448,-0.50384,0.29979,-1.27329,0.42791,0.25537,-0.86607,0.330,-0.183,0.110,0.037,-0.476,-0.110,-0.037,-1.209,0.037,0.330,-0.842,-0.037,30.00,1.200
5.2550,sine,0.7,-0.9998,nan,-0.41515,-0.16976,-0.68647,0.57864,-0.16264,-0.97459,-0.50677,0.34071,-1.27301,0.41380,0.27600,-0.86598,-0.0586,0.1368,0.0195,0.0195,0.0195,-0.0195,-0.0195,0.0195,-0.0195,-0.0977,-0.0195,-0.0195,-0.40737,-0.17310,-0.68670,0.57604,-0.16751,-0.97448,-0.50384,0.30111,-1.27329,0.42791,0.25669,-0.86607,0.403,-0.183,0.110,0.037,-0.403,-0.037,0.037,-1.209,0.110,0.330,-0.769,-0.037,30.00,1.200
5.2600,sine,0.7,-0.9998,nan,-0.41515,-0.16944,-0.68647,0.57864,-0.16242,-0.97459,-0.50688,0.34078,-1.27301,0.41380,0.27618,-0.86595,0.0195,0.0195,0.0195,0.0195,0.0195,0.0586,-0.0195,0.0195,0.0586,-0.0195,-0.0195,-0.0586,-0.40737,-0.17171,-0.68670,0.57604,-0.16612,-0.97448,-0.50384,0.30250,-1.27329,0.42791,0.25808,-0.86607,0.403,-0.183,0.110,0.037,-0.403,-0.110,-0.037,-1.136,0.110,0.330,-0.769,-0.037,30.00,1.200
5.2650,sine,0.7,-0.9998,nan,-0.41515,-0.16896,-0.68647,0.57875,-0.16220,-0.97459,-0.50677,0.34078,-1.27301,0.41373,0.27618,-0.86598,0.0977,0.0977,0.0195,0.0195,-0.0195,-0.0195,-0.1368,0.0977,0.0195,-0.0195,-0.0195,-0.0195,-0.40737,-0.17025,-0.68670,0.57604,-0.16466,-0.97448,-0.50384,0.30396,-1.27329,0.42791,0.25954,-0.86607,0.330,-0.183,0.037,0.037,-0.330,-0.110,-0.037,-1.062,0.110,0.330,-0.769,0.037,30.00,1.200
5.2700,sine,0.7,-0.9998,nan,-0.41508,-0.16870,-0.68647,0.57864,-0.16183,-0.97459,-0.50677,0.34085,-1.27301,0.41380,0.27618,-0.86598,0.0977,0.0195,-0.0195,0.0195,0.0977,-0.0195,0.0977,0.0195,0.0195,-0.0977,-0.0195,-0.0977,-0.40737,-0.16873,-0.68670,0.57604,-0.16313,-0.97448,-0.50384,0.30548,-1.27329,0.42791,0.26106,-0.86607,0.256,-0.183,0.110,0.037,-0.403,-0.037,-0.037,-1.062,0.110,0.330,-0.769,-0.037,30.00,1.200
5.2750,sine,0.7,-0.9998,nan,-0.41515,-0.16841,-0.68653,0.57875,-0.16183,-0.97451,-0.50677,0.34085,-1.27301,0.41380,0.27618,-0.86598,-0.0586,0.2149,0.0977,0.1368,0.0977,-0.0977,0.0977,0.0195,0.0195,-0.0977,-0.0195,-0.0195,-0.40737,-0.16713,-0.68670,0.57604,-0.16154,-0.97448,-0.50384,0.30708,-1.27329,0.42791,0.26266,-0.86607,0.330,-0.183,0.110,0.037,-0.403,-0.110,-0.037,-1.136,0.110,0.330,-0.769,-0.110,30.00,1.200
5.2800,sine,0.6,-0.9998,nan,-0.41515,-0.16783,-0.68653,0.57864,-0.16129,-0.97459,-0.50677,0.34100,-1.27301,0.41380,0.27637,-0.86598,0.0195,0.0977,0.0977,0.0195,0.0977,-0.0195,0.0977,-0.0586,0.0195,-0.0195,-0.0195,-0.0195,-0.40737,-0.16547,-0.68670,0.57604,-0.15988,-0.97448,-0.50384,0.30873,-1.27329,0.42791,0.26432,-0.86607,0.330,-0.037,0.110,0.037,-0.330,-0.110,-0.037,-0.989,0.037,0.330,-0.696,-0.037,30.00,1.200
5.2850,sine,0.6,-0.9998,nan,-0.41523,-0.16728,-0.68647,0.57875,-0.16074,-0.97459,-0.50677,0.34115,-1.27301,0.41380,0.27637,-0.86598,0.0195,0.1758,0.0195,0.1368,0.0977,0.0195,-0.0195,0.0195,0.0195,-0.0977,-0.0195,-0.0195,-0.40737,-0.16375,-0.68670,0.57604,-0.15816,-0.97448,-0.50384,0.31046,-1.27329,0.42791,0.26604,-0.86607,0.330,-0.183,0.110,0.037,-0.330,-0.110,-0.037,-0.989,0.037,0.330,-0.696,-0.037,30.00,1.200
5.2900,sine,0.6,-0.9998,nan,-0.41515,-0.16655,-0.68653,0.57864,-0.16019,-0.97459,-0.50677,0.34115,-1.27301,0.41373,0.27662,-0.86598,0.0195,0.0977,0.0195,-0.0977,0.1368,-0.0195,-0.0195,0.0195,0.0195,-0.0195,-0.0195,-0.0195,-0.40737,-0.16197,-0.68670,0.57604,-0.15637,-0.97448,-0.50384,0.31224,-1.27329,0.42791,0.26782,-0.86607,0.403,-0.110,0.110,-0.037,-0.330,-0.037,-0.037,-0.989,0.110,0.330,-0.623,-0.037,30.00,1.200
5.2950,sine,0.6,-0.9998,nan,-0.41515,-0.16567,-0.68647,0.57864,-0.15975,-0.97459,-0.50677,0.34122,-1.27301,0.41380,0.27662,-0.86598,0.0195,0.1368,0.0195,0.0977,0.0977,-0.0195,0.0977,0.0195,0.0586,-0.0195,0.0977,-0.0195,-0.40737,-0.16012,-0.68670,0.57604,-0.15453,-0.97448,-0.50384,0.31409,-1.27329,0.42791,0.26967,-0.86607,0.330,-0.037,0.110,0.037,-0.256,-0.110,0.037,-0.916,0.110,0.330,-0.549,-0.037,30.00,1.200
5.3000,sine,0.6,-0.9998,nan,-0.41515,-0.16417,-0.68647,0.57864,-0.15821,-0.97459,-0.50677,0.34137,-1.27306,0.41380,0.27688,-0.86598,0.0195,0.2149,0.0195,0.0195,0.2149,-0.0195,0.0977,-0.0586,0.0195,-0.0586,0.0586,-0.0195,-0.40737,-0.15821,-0.68670,0.57604,-0.15262,-0.97448,-0.50384,0.31599,-1.27329,0.42791,0.27158,-0.86607,0.330,-0.037,0.110,0.037,-0.256,-0.110,-0.037,-0.842,0.110,0.330,-0.476,-0.183,30.00,1.200
5.3050,sine,0.5,-0.9998,nan,-0.41515,-0.16366,-0.68647,0.57864,-0.15730,-0.97459,-0.50677,0.34151,-1.27301,0.41380,0.27699,-0.86595,0.0195,0.1368,0.0195,0.0195,0.1758,-0.0195,-0.1368,0.0195,0.0586,0.0586,0.0586,-0.0586,-0.40737,-0.15625,-0.68670,0.57604,-0.15066,-0.97448,-0.50384,0.31796,-1.27329,0.42791,0.27354,-0.86607,0.330,-0.037,0.110,0.037,-0.256,-0.110,-0.037,-0.842,0.110,0.330,-0.403,-0.037,30.00,1.200
5.3100,sine,0.5,-0.9998,nan,-0.41515,-0.16224,-0.68647,0.57864,-0.15628,-0.97459,-0.50677,0.34177,-1.27301,0.41380,0.27713,-0.86598,0.0195,0.1368,0.0195,0.0195,0.2149,-0.0195,-0.0195,0.0977,0.0586,-0.0195,-0.0195,0.0195,-0.40737,-0.15423,-0.68670,0.57604,-0.14864,-0.97448,-0.50384,0.31998,-1.27329,0.42791,0.27556,-0.86607,0.330,-0.037,0.110,0.037,-0.256,-0.110,-0.037,-0.842,0.110,0.330,-0.403,-0.037,30.00,1.200
5.3150,sine,0.5,-0.9998,nan,-0.41515,-0.16114,-0.68647,0.57857,-0.15558,-0.97459,-0.50669,0.34191,-1.27306,0.41380,0.27739,-0.86598,0.0195,0.2540,0.0195,-0.0195,0.1758,-0.0195,0.0586,0.0977,-0.0195,-0.0195,0.0586,0.0586,-0.40737,-0.15215,-0.68670,0.57604,-0.14656,-0.97448,-0.50384,0.32206,-1.27329,0.42791,0.27764,-0.86607,0.330,-0.037,0.110,0.037,-0.256,-0.110,0.037,-0.769,0.110,0.330,-0.330,0.037,30.00,1.200
5.3200,sine,0.5,-0.9998,nan,-0.41508,-0.16055,-0.68647,0.57864,-0.15441,-0.97451,-0.50669,0.34199,-1.27306,0.41380,0.27743,-0.86598,0.0195,0.4103,0.0195,-0.0195,0.2149,-0.0195,0.0586,0.0977,0.0195,0.0195,-0.0195,-0.0586,-0.40737,-0.15002,-0.68670,0.57604,-0.14443,-0.97448,-0.50384,0.32418,-1.27329,0.42791,0.27977,-0.86607,0.330,-0.110,0.110,0.037,-0.183,-0.110,-0.037,-0.696,0.110,0.330,-0.330,-0.256,30.00,1.200
5.3250,sine,0.4,-0.9998,nan,-0.41515,-0.15953,-0.68653,0.57853,-0.15313,-0.97459,-0.50662,0.34213,-1.27306,0.41387,0.27768,-0.86598,-0.0586,0.1368,0.0195,0.0195,0.0977,-0.0586,-0.0977,0.0195,0.0195,0.0586,-0.0195,0.0195,-0.40737,-0.14784,-0.68670,0.57604,-0.14225,-0.97448,-0.50384,0.32637,-1.27329,0.42791,0.28195,-0.86607,0.330,-0.037,0.037,0.037,-0.183,-0.110,-0.037,-0.623,0.110,0.330,-0.256,-0.110,30.00,1.200
5.3300,sine,0.4,-0.9998,nan,-0.41515,-0.15715,-0.68647,0.57857,-0.15178,-0.97459,-0.50669,0.34232,-1.27309,0.41387,0.27801,-0.86595,0.0195,0.2930,0.0195,0.0195,0.2149,-0.0586,-0.0195,0.0586,-0.0195,-0.0195,-0.0195,0.0195,-0.40737,-0.14561,-0.68670,0.57604,-0.14002,-0.97448,-0.50384,0.32860,-1.27329,0.42791,0.28418,-0.86607,0.403,-0.037,0.110,0.037,-0.256,-0.183,-0.037,-0.549,0.110,0.330,-0.183,-0.110,30.00,1.200
5.3350,sine,0.4,-0.9998,nan,-0.41508,-0.15646,-0.68647,0.57864,-0.15072,-0.97459,-0.50669,0.34254,-1.27306,0.41387,0.27801,-0.86601,-0.0586,0.5275,0.0195,0.0195,0.2540,0.0586,-0.0195,0.0195,0.0586,-0.0195,0.0586,-0.0195,-0.40737,-0.14333,-0.68670,0.57604,-0.13774,-0.97448,-0.50384,0.33088,-1.27329,0.42791,0.28646,-0.86607,0.403,-0.110,0.110,0.037,-0.256,-0.110,-0.037,-0.476,0.037,0.330,-0.183,0.037,30.00,1.200
5.3400,sine,0.4,-0.9998,nan,-0.41515,-0.15558,-0.68656,0.57864,-0.14977,-0.97459,-0.50677,0.34261,-1.27309,0.41398,0.27845,-0.86601,0.0195,0.2930,0.0586,0.0195,0.1758,-0.0195,-0.0977,0.1758,0.0586,0.0195,0.0586,-0.0195,-0.40737,-0.14101,-0.68670,0.57604,-0.13541,-0.97448,-0.50384,0.33320,-1.27329,0.42791,0.28878,-0.86607,0.330,-0.110,0.110,0.037,-0.183,-0.110,-0.037,-0.476,0.110,0.330,-0.110,0.037,30.00,1.200
5.3450,sine,0.4,-0.9998,nan,-0.41508,-0.15342,-0.68647,0.57864,-0.14801,-0.97451,-0.50662,0.34283,-1.27306,0.41402,0.27900,-0.86607,0.0195,0.3712,0.0195,0.0195,0.2540,-0.0195,0.0586,0.0195,-0.0977,-0.0195,0.1758,-0.0586,-0.40737,-0.13863,-0.68670,0.57604,-0.13304,-0.97448,-0.50384,0.33557,-1.27329,0.42791,0.29116,-0.86607,0.330,-0.037,0.110,0.037,-0.183,-0.110,0.037,-0.403,0.110,0.330,-0.037,-0.037,30.00,1.200
5.3500,sine,0.4,-0.9998,nan,-0.41526,-0.15174,-0.68647,0.57864,-0.14684,-0.97459,-0.50669,0.34297,-1.27306,0.41417,0.27933,-0.86598,-0.0586,0.2930,0.0195,0.0195,0.2540,-0.0195,-0.0977,0.0195,0.0586,-0.0586,0.0586,-0.0586,-0.40737,-0.13622,-0.68670,0.57604,-0.13063,-0.97448,-0.50384,0.33799,-1.27329,0.42791,0.29357,-0.86607,0.330,-0.037,0.110,0.037,-0.183,-0.110,-0.037,-0.330,0.110,0.330,-0.037,-0.110,30.00,1.200
5.3550,sine,0.3,-0.9998,nan,-0.41515,-0.15065,-0.68647,0.57864,-0.14564,-0.97459,-0.50669,0.34319,-1.27315,0.41435,0.27977,-0.86598,0.0195,0.4103,0.0195,-0.0977,0.2540,-0.0195,-0.0977,0.0586,0.0195,0.0586,0.0586,-0.0586,-0.40737,-0.13377,-0.68670,0.57604,-0.12818,-0.97448,-0.50384,0.34044,-1.27329,0.42791,0.29602,-0.86607,0.403,-0.110,0.110,0.037,-0.183,-0.037,-0.037,-0.256,0.110,0.256,0.037,-0.110,30.00,1.200
5.3600,sine,0.3,-0.9998,nan,-0.41526,-0.14721,-0.68638,0.57864,-0.14326,-0.97451,-0.50662,0.34352,-1.27315,0.41461,0.28039,-0.86598,0.0195,0.2930,0.0195,0.1368,0.2540,-0.0586,0.1368,-0.0586,0.0195,-0.0195,0.0977,-0.0195,-0.40737,-0.13128,-0.68670,0.57604,-0.12568,-0.97448,-0.50384,0.34293,-1.27329,0.42791,0.29851,-0.86607,0.330,-0.110,0.037,0.037,-0.183,-0.037,-0.037,-0.183,0.110,0.256,0.110,-0.110,30.00,1.200
5.3650,sine,0.3,-0.9998,nan,-0.41515,-0.14527,-0.68647,0.57864,-0.14118,-0.97459,-0.50662,0.34374,-1.27309,0.41497,0.28097,-0.86598,0.0195,0.3712,0.0195,-0.0977,0.3321,-0.0977,-0.0195,0.0977,-0.0195,0.0586,0.1758,0.0977,-0.40737,-0.12875,-0.68670,0.57604,-0.12315,-0.97448,-0.50384,0.34546,-1.27329,0.42791,0.30104,-0.86607,0.403,-0.110,0.110,0.037,-0.183,-0.110,-0.037,-0.110,0.110,0.256,0.110,-0.110,30.00,1.200
5.3700,sine,0.3,-0.9998,nan,-0.41515,-0.14271,-0.68656,0.57864,-0.13957,-0.97459,-0.50659,0.34403,-1.27306,0.41541,0.28196,-0.86598,0.0195,0.4103,0.0195,0.0195,0.2540,-0.0977,-0.0586,0.0586,-0.0586,0.0977,0.2540,-0.0586,-0.40737,-0.12618,-0.68670,0.57604,-0.12059,-0.97448,-0.50384,0.34803,-1.27329,0.42791,0.30361,-0.86607,0.330,-0.183,0.183,0.037,-0.183,-0.183,0.037,-0.037,0.110,0.183,0.110,-0.037,30.00,1.200
5.3750,sine,0.2,-0.9998,nan,-0.41515,-0.14136,-0.68647,0.57864,-0.13814,-0.97451,-0.50662,0.34422,-1.27306,0.41567,0.28222,-0.86601,-0.0977,0.4884,0.0586,0.0195,0.3321,0.0586,-0.0977,0.0977,-0.0586,0.0586,0.2540,-0.0977,-0.40737,-0.12359,-0.68670,0.57604,-0.11799,-0.97448,-0.50384,0.35062,-1.27329,0.42791,0.30620,-0.86607,0.330,-0.037,0.110,0.037,-0.183,-0.110,0.037,-0.037,0.110,0.183,0.110,-0.183,30.00,1.200
5.3800,sine,0.2,-0.9998,nan,-0.41523,-0.14030,-0.68647,0.57875,-0.13613,-0.97459,-0.50655,0.34451,-1.27306,0.41610,0.28342,-0.86598,0.0195,0.6056,0.0195,0.0977,0.3712,-0.0195,-0.0586,0.0977,-0.0586,0.0977,0.2540,-0.0977,-0.40737,-0.12096,-0.68670,0.57604,-0.11537,-0.97448,-0.50384,0.35325,-1.27329,0.42791,0.30883,-0.86607,0.330,-0.037,0.037,0.037,-0.183,-0.110,-0.037,0.037,0.110,0.183,0.183,-0.256,30.00,1.200
5.3850,sine,0.2,-0.9998,nan,-0.41515,-0.13580,-0.68656,0.57875,-0.13368,-0.97457,-0.50659,0.34473,-1.27306,0.41662,0.28525,-0.86607,0.0195,0.2930,-0.0195,-0.0195,0.3712,-0.0195,-0.0195,0.0977,0.1368,-0.0195,0.2540,0.0586,-0.40737,-0.11830,-0.68670,0.57604,-0.11271,-0.97448,-0.50384,0.35590,-1.27329,0.42791,0.31149,-0.86607,0.330,-0.110,0.110,0.037,-0.183,-0.110,-0.037,0.110,0.110,0.110,0.110,-0.110,30.00,1.200
5.3900,sine,0.2,-0.9998,nan,-0.41515,-0.13493,-0.68647,0.57875,-0.13251,-0.97451,-0.50662,0.34506,-1.27306,0.41720,0.28525,-0.86598,0.0195,0.4103,0.0195,0.0195,0.3712,-0.0195,0.0195,0.0977,0.0586,0.1368,0.2540,-0.0195,-0.40737,-0.11562,-0.68670,0.57604,-0.11003,-0.97448,-0.50384,0.35859,-1.27329,0.42791,0.31417,-0.86607,0.330,-0.110,0.110,0.037,-0.183,-0.110,-0.037,0.110,0.110,0.110,0.110,-0.037,30.00,1.200
5.3950,sine,0.2,-0.9998,nan,-0.41515,-0.13153,-0.68647,0.57875,-0.13014,-0.97459,-0.50655,0.34557,-1.27306,0.41749,0.28774,-0.86595,0.0195,0.6056,0.0195,-0.0195,0.5665,0.0586,-0.0195,0.1758,0.0195,0.0195,0.3321,-0.0195,-0.40737,-0.11292,-0.68670,0.57604,-0.10732,-0.97448,-0.50384,0.36129,-1.27329,0.42791,0.31687,-0.86607,0.330,-0.183,0.110,0.037,-0.183,-0.110,0.037,0.256,0.037,0.110,0.037,-0.110,30.00,1.200
5.4000,sine,0.2,-0.9998,nan,-0.41515,-0.12897,-0.68647,0.57875,-0.12743,-0.97448,-0.50647,0.34634,-1.27306,0.41844,0.29007,-0.86598,0.0195,0.4103,0.0195,0.0977,0.3321,0.0586,0.0195,0.2540,0.0195,0.1758,0.4103,-0.0195,-0.40737,-0.11019,-0.68670,0.57604,-0.10459,-0.97448,-0.50384,0.36402,-1.27329,0.42791,0.31960,-0.86607,0.330,-0.183,0.110,0.037,-0.183,-0.110,-0.037,0.256,0.037,0.110,0.037,-0.110,30.00,1.200
5.4050,sine,0.1,-0.9998,nan,-0.41508,-0.12769,-0.68647,0.57882,-0.12506,-0.97459,-0.50647,0.34696,-1.27306,0.41907,0.29256,-0.86601,0.0195,0.4103,0.0195,-0.0586,0.5275,0.0195,-0.0195,0.2540,0.0195,0.0586,0.4103,-0.0195,-0.40737,-0.10744,-0.68670,0.57604,-0.10185,-0.97448,-0.50384,0.36677,-1.27329,0.42791,0.32235,-0.86607,0.403,-0.110,0.110,-0.037,-0.183,-0.110,-0.037,0.256,0.110,-0.037,0.037,-0.037,30.00,1.200
5.4100,sine,0.1,-0.9998,nan,-0.41515,-0.12418,-0.68647,0.57875,-0.12253,-0.97451,-0.50647,0.34758,-1.27315,0.41972,0.29435,-0.86607,-0.0586,0.4884,0.0195,0.0586,0.5665,-0.0977,-0.0195,0.2149,0.0977,0.1368,0.3712,-0.1368,-0.40737,-0.10467,-0.68670,0.57604,-0.09908,-0.97448,-0.50384,0.36954,-1.27329,0.42791,0.32512,-0.86607,0.330,-0.183,0.110,0.037,-0.256,-0.183,-0.037,0.256,0.110,-0.037,0.037,-0.256,30.00,1.200
5.4150,sine,0.1,-0.9998,nan,-0.41515,-0.12191,-0.68647,0.57886,-0.11965,-0.97457,-0.50647,0.34926,-1.27306,0.42049,0.29669,-0.86598,-0.0586,0.6056,0.0195,-0.0195,0.3712,-0.0195,-0.0195,0.3321,-0.0195,0.1758,0.3712,-0.0977,-0.40737,-0.10189,-0.68670,0.57604,-0.09630,-0.97448,-0.50384,0.37232,-1.27329,0.42791,0.32790,-0.86607,0.330,-0.183,0.110,0.037,-0.183,-0.110,-0.037,0.256,0.110,-0.037,0.037,0.037,30.00,1.200
5.4200,sine,0.1,-0.9998,nan,-0.41515,-0.11942,-0.68647,0.57875,-0.11705,-0.97448,-0.50647,0.35025,-1.27309,0.42089,0.30027,-0.86607,0.0195,0.4884,0.0195,-0.0195,0.4493,-0.0195,-0.0195,0.3321,-0.0195,0.0586,0.3712,-0.0195,-0.40737,-0.09910,-0.68670,0.57604,-0.09350,-0.97448,-0.50384,0.37511,-1.27329,0.42791,0.33069,-0.86607,0.330,-0.110,0.110,0.037,-0.256,-0.110,-0.037,0.330,0.110,-0.037,0.037,-0.110,30.00,1.200
5.4250,sine,0.1,-0.9998,nan,-0.41526,-0.11603,-0.68647,0.57882,-0.11420,-0.97459,-0.50647,0.35186,-1.27309,0.42159,0.30236,-0.86607,0.0195,0.5275,0.0195,-0.0195,0.4884,-0.0977,-0.1368,0.2930,0.0977,0.1758,0.4103,-0.0977,-0.40737,-0.09629,-0.68670,0.57604,-0.09070,-0.97448,-0.50384,0.37792,-1.27329,0.42791,0.33350,-0.86607,0.403,-0.110,0.037,0.037,-0.256,-0.110,0.037,0.183,0.110,-0.037,0.110,-0.037,30.00,1.200
5.4300,sine,0.1,-0.9998,nan,-0.41515,-0.11402,-0.68647,0.57875,-0.11157,-0.97451,-0.50647,0.35401,-1.27306,0.42206,0.30236,-0.86607,0.0195,0.4103,0.0195,0.1368,0.4493,-0.0195,-0.0195,0.2930,0.0586,0.0586,0.4103,-0.0977,-0.40737,-0.09348,-0.68670,0.57604,-0.08788,-0.97448,-0.50384,0.38073,-1.27329,0.42791,0.33631,-0.86607,0.330,-0.110,0.110,0.037,-0.256,-0.110,-0.037,0.256,0.110,0.037,0.110,-0.110,30.00,1.200
5.4350,sine,1.0,-0.9998,nan,-0.41515,-0.11182,-0.68647,0.57879,-0.10934,-0.97459,-0.50644,0.35493,-1.27309,0.42236,0.30510,-0.86607,-0.0586,0.5275,0.0195,0.0195,0.5665,-0.0195,0.1368,0.2930,-0.0195,0.0977,0.4103,0.0195,-0.40737,-0.09066,-0.68670,0.57604,-0.08506,-0.97448,-0.50384,0.38355,-1.27329,0.42791,0.33913,-0.86607,0.330,-0.110,0.037,0.037,-0.256,-0.037,-0.037,0.256,0.110,-0.037,0.183,-0.256,30.00,1.200
5.4400,sine,1.0,-0.9998,nan,-0.41515,-0.10926,-0.68647,0.57875,-0.10707,-0.97451,-0.50644,0.35668,-1.27306,0.42247,0.30744,-0.86601,0.0195,0.5275,0.0195,-0.0586,0.5275,-0.0586,-0.0195,0.4103,-0.0195,-0.0195,0.2930,-0.0977,-0.40737,-0.08783,-0.68670,0.57604,-0.08224,-0.97448,-0.50384,0.38638,-1.27329,0.42791,0.34196,-0.86607,0.330,-0.110,0.183,0.037,-0.256,-0.110,-0.037,0.330,0.110,-0.037,0.183,-0.037,30.00,1.200
5.4450,sine,1.0,-0.9998,nan,-0.41515,-0.10670,-0.68647,0.57882,-0.10393,-0.97448,-0.50647,0.35858,-1.27306,0.42247,0.30960,-0.86598,0.0195,0.5275,0.0195,0.0586,0.4884,-0.0586,-0.0195,0.4884,0.0195,-0.0586,0.4103,-0.0586,-0.40737,-0.08500,-0.68670,0.57604,-0.07941,-0.97448,-0.50384,0.38920,-1.27329,0.42791,0.34479,-0.86607,0.330,-0.110,0.037,0.037,-0.256,-0.110,-0.037,0.330,0.037,-0.037,0.256,-0.256,30.00,1.200
5.4500,sine,0.9,-0.9998,nan,-0.41515,-0.10466,-0.68647,0.57886,-0.10115,-0.97451,-0.50659,0.36027,-1.27318,0.42247,0.31037,-0.86598,-0.0586,0.5275,0.0195,0.0195,0.5275,0.0586,-0.0195,0.3712,0.0977,-0.0195,0.4103,-0.0195,-0.40737,-0.08218,-0.68670,0.57604,-0.07658,-0.97448,-0.50384,0.39203,-1.27329,0.42791,0.34761,-0.86607,0.330,-0.183,0.110,0.037,-0.256,-0.110,-0.037,0.256,0.110,0.110,0.183,-0.037,30.00,1.200
5.4550,sine,0.9,-0.9998,nan,-0.41515,-0.10148,-0.68638,0.57879,-0.09885,-0.97451,-0.50644,0.36103,-1.27318,0.42247,0.31307,-0.86598,0.0195,0.5275,0.0195,0.0195,0.5275,-0.0977,0.0977,0.2540,0.0195,-0.0586,0.4103,-0.0195,-0.40737,-0.07935,-0.68670,0.57604,-0.07376,-0.97448,-0.50384,0.39486,-1.27329,0.42791,0.35044,-0.86607,0.330,-0.037,0.110,0.037,-0.256,-0.110,-0.037,0.549,0.110,-0.037,0.183,0.037,30.00,1.200
5.4600,sine,0.9,-0.9998,nan,-0.41508,-0.09928,-0.68638,0.57882,-0.09559,-0.97451,-0.50644,0.36173,-1.27318,0.42247,0.31534,-0.86607,0.0195,0.6056,0.0195,0.0586,0.4493,0.0977,0.0195,0.1758,0.0195,0.0586,0.2540,-0.0195,-0.40737,-0.07653,-0.68670,0.57604,-0.07094,-0.97448,-0.50384,0.39768,-1.27329,0.42791,0.35326,-0.86607,0.330,-0.037,0.110,0.037,-0.256,-0.110,-0.037,0.769,0.110,0.110,0.330,-0.037,30.00,1.200
5.4650,sine,0.9,-0.9998,nan,-0.41508,-0.09585,-0.68647,0.57886,-0.09267,-0.97451,-0.50633,0.36268,-1.27318,0.42254,0.31760,-0.86607,0.0977,0.4884,0.0977,0.0586,0.5275,-0.0195,-0.1758,0.2540,0.0586,0.0586,0.3712,0.0586,-0.40737,-0.07372,-0.68670,0.57604,-0.06813,-0.97448,-0.50384,0.40049,-1.27329,0.42791,0.35607,-0.86607,0.330,-0.110,0.037,-0.037,-0.330,-0.110,-0.037,0.769,0.110,0.037,0.330,-0.110,30.00,1.200
5.4700,sine,0.9,-0.9998,nan,-0.41472,-0.09314,-0.68647,0.57875,-0.09164,-0.97448,-0.50626,0.36385,-1.27315,0.42265,0.31841,-0.86598,0.2149,0.4493,-0.0586,-0.0977,0.4103,-0.0195,-0.0195,0.2930,0.0586,0.0977,0.4103,-0.0977,-0.40737,-0.07092,-0.68670,0.57604,-0.06532,-0.97448,-0.50384,0.40329,-1.27329,0.42791,0.35887,-0.86607,0.256,-0.110,0.110,0.037,-0.256,-0.110,-0.037,0.769,0.110,0.037,0.403,-0.256,30.00,1.200
5.4750,sine,0.9,-0.9998,nan,-0.41413,-0.09036,-0.68638,0.57864,-0.08843,-0.97451,-0.50622,0.36480,-1.27315,0.42323,0.32210,-0.86607,0.0977,0.6056,-0.0195,-0.0195,0.4103,0.0195,0.0195,0.2540,0.0195,0.2149,0.4493,-0.0195,-0.40737,-0.06812,-0.68670,0.57604,-0.06253,-0.97448,-0.50384,0.40608,-1.27329,0.42791,0.36167,-0.86607,0.183,-0.110,0.110,0.037,-0.110,-0.110,-0.037,0.769,0.110,-0.110,0.330,0.037,30.00,1.200
5.4800,sine,0.8,-0.9998,nan,-0.41387,-0.08872,-0.68638,0.57835,-0.08645,-0.97448,-0.50622,0.36663,-1.27318,0.42426,0.32433,-0.86607,0.1368,0.4493,-0.0195,-0.0977,0.3321,-0.0586,-0.0195,0.2540,0.0195,0.0977,0.4103,-0.0195,-0.40737,-0.06535,-0.68670,0.57604,-0.05975,-0.97448,-0.50384,0.40886,-1.27329,0.42791,0.36444,-0.86607,0.256,0.037,0.183,0.037,-0.037,-0.110,-0.037,0.696,0.037,-0.183,0.330,-0.183,30.00,1.200
5.4850,sine,0.9,-0.9998,nan,-0.41362,-0.08758,-0.68641,0.57802,-0.08400,-0.97448,-0.50622,0.36849,-1.27318,0.42466,0.32477,-0.86607,0.0977,0.4103,0.0586,-0.0977,0.3321,0.0586,-0.0586,0.4103,0.0195,0.0586,0.3712,-0.0195,-0.40737,-0.06258,-0.68670,0.57604,-0.05699,-0.97448,-0.50384,0.41162,-1.27329,0.42791,0.36721,-0.86607,0.256,0.110,0.110,0.037,-0.037,-0.110,-0.037,0.696,0.037,-0.110,0.256,0.037,30.00,1.200
5.4900,sine,0.8,-0.9998,nan,-0.41314,-0.08499,-0.68641,0.57802,-0.08250,-0.97448,-0.50622,0.37058,-1.27318,0.42513,0.32893,-0.86607,0.2149,0.2540,0.0586,0.0586,0.4103,-0.0586,0.0586,0.4493,0.0586,0.1368,0.5275,-0.0195,-0.40737,-0.05984,-0.68670,0.57604,-0.05425,-0.97448,-0.50384,0.41437,-1.27329,0.42791,0.36995,-0.86607,0.183,0.183,0.110,0.037,0.037,-0.037,-0.037,0.696,0.110,-0.110,0.256,-0.037,30.00,1.200
5.4950,sine,0.8,-0.9998,nan,-0.41259,-0.08302,-0.68641,0.57783,-0.08057,-0.97448,-0.50633,0.37277,-1.27318,0.42554,0.33047,-0.86607,0.0977,0.3712,-0.0586,0.0195,0.3321,-0.0586,0.0195,0.5275,0.0195,-0.0195,0.4493,-0.0586,-0.40737,-0.05712,-0.68670,0.57604,-0.05152,-0.97448,-0.50384,0.41709,-1.27329,0.42791,0.37267,-0.86607,0.183,0.256,0.110,0.110,0.037,-0.037,-0.037,0.623,0.110,-0.110,0.256,-0.110,30.00,1.200
5.5000,sine,0.7,-0.9998,nan,-0.41223,-0.08115,-0.68638,0.57769,-0.07841,-0.97448,-0.50633,0.37514,-1.27318,0.42576,0.33168,-0.86607,0.0977,0.3321,0.0586,0.0195,0.4493,0.0195,-0.0195,0.4493,0.0586,0.0977,0.6056,0.0586,-0.40737,-0.05442,-0.68670,0.57604,-0.04882,-0.97448,-0.50384,0.41979,-1.27329,0.42791,0.37537,-0.86607,0.183,0.256,0.110,0.037,0.037,-0.110,-0.037,0.549,0.110,-0.183,0.256,0.037,30.00,1.200
5.5050,sine,0.7,-0.9998,nan,-0.41194,-0.07987,-0.68638,0.57747,-0.07622,-0.97451,-0.50633,0.37708,-1.27315,0.42612,0.33592,-0.86607,0.0195,0.5275,0.0195,0.0195,0.4493,-0.0195,-0.0195,0.5275,0.0195,0.0586,0.6056,-0.0195,-0.40737,-0.05174,-0.68670,0.57604,-0.04615,-0.97448,-0.50384,0.42247,-1.27329,0.42791,0.37805,-0.86607,0.183,0.183,0.110,0.110,0.110,-0.110,-0.037,0.623,0.110,-0.110,0.256,-0.110,30.00,1.200
5.5100,sine,0.7,-0.9998,nan,-0.41175,-0.07749,-0.68638,0.57747,-0.07442,-0.97448,-0.50644,0.38041,-1.27318,0.42638,0.33592,-0.86607,0.0977,0.4103,0.0195,0.0586,0.4103,0.0586,-0.0195,0.6056,0.0195,0.0977,0.6056,-0.0195,-0.40737,-0.04909,-0.68670,0.57604,-0.04350,-0.97448,-0.50384,0.42512,-1.27329,0.42791,0.38070,-0.86607,0.110,0.256,0.110,0.037,0.037,-0.110,-0.037,0.476,0.110,-0.110,0.256,-0.110,30.00,1.200
5.5150,sine,0.7,-0.9998,nan,-0.41139,-0.07647,-0.68638,0.57740,-0.07150,-0.97451,-0.50633,0.38264,-1.27327,0.42663,0.33829,-0.86607,0.0586,0.1368,0.0195,0.0195,0.4493,-0.0586,-0.0195,0.6056,0.0195,0.1368,0.6447,-0.0195,-0.40737,-0.04647,-0.68670,0.57604,-0.04088,-0.97448,-0.50384,0.42774,-1.27329,0.42791,0.38332,-0.86607,0.183,0.403,0.110,0.037,0.037,-0.110,-0.037,0.549,0.110,-0.110,0.183,-0.110,30.00,1.200
5.5200,sine,0.7,-0.9998,nan,-0.41110,-0.07625,-0.68647,0.57743,-0.06912,-0.97442,-0.50622,0.38597,-1.27318,0.42671,0.34381,-0.86607,0.0195,-0.0195,0.0195,0.0195,0.6056,-0.0195,-0.0195,0.6447,-0.0586,0.0195,0.6056,-0.0195,-0.40737,-0.04388,-0.68670,0.57604,-0.03829,-0.97448,-0.50384,0.43033,-1.27329,0.42791,0.38591,-0.86607,0.110,0.696,0.110,0.037,0.037,-0.110,-0.037,0.549,0.110,-0.037,0.183,-0.110,30.00,1.200
5.5250,sine,0.6,-0.9998,nan,-0.41124,-0.07643,-0.68647,0.57740,-0.06708,-0.97448,-0.50622,0.38831,-1.27315,0.42715,0.34381,-0.86607,-0.0977,0.0195,0.0195,0.0195,0.3321,-0.0195,-0.0195,0.5275,0.0195,0.1368,0.6056,-0.0195,-0.40737,-0.04132,-0.68670,0.57604,-0.03573,-0.97448,-0.50384,0.43288,-1.27329,0.42791,0.38847,-0.86607,0.183,0.916,0.110,0.110,0.183,-0.110,-0.037,0.476,0.110,-0.183,0.183,-0.110,30.00,1.200
5.5300,sine,0.6,-0.9998,nan,-0.41146,-0.07625,-0.68647,0.57725,-0.06646,-0.97451,-0.50622,0.39083,-1.27318,0.42751,0.34381,-0.86607,0.0195,0.0195,0.0195,0.0586,0.1758,0.0195,0.0977,0.6447,-0.1368,0.0195,0.6056,-0.0195,-0.40737,-0.03880,-0.68670,0.57604,-0.03321,-0.97448,-0.50384,0.43541,-1.27329,0.42791,0.39099,-0.86607,0.256,0.916,0.110,0.037,0.403,-0.110,-0.037,0.403,0.110,-0.183,0.183,-0.110,30.00,1.200
5.5350,sine,0.6,-0.9998,nan,-0.41146,-0.07603,-0.68647,0.57725,-0.06572,-0.97448,-0.50589,0.39448,-1.27318,0.42773,0.35138,-0.86607,0.0195,0.0977,-0.0195,0.0586,0.1368,-0.0195,0.0586,0.6447,0.0195,-0.0195,0.5275,0.0586,-0.40737,-0.03632,-0.68670,0.57604,-0.03073,-0.97448,-0.50384,0.43789,-1.27329,0.42791,0.39347,-0.86607,0.256,0.989,0.110,0.037,0.549,-0.110,-0.037,0.476,0.110,-0.110,0.183,-0.110,30.00,1.200
5.5400,sine,0.6,-0.9998,nan,-0.41139,-0.07559,-0.68647,0.57729,-0.06437,-0.97442,-0.50589,0.39818,-1.27318,0.42813,0.35310,-0.86607,0.0195,0.1758,0.0195,0.0195,0.2540,0.0195,0.0586,0.6447,-0.0586,-0.0586,0.5275,-0.0195,-0.40737,-0.03387,-0.68670,0.57604,-0.02828,-0.97448,-0.50384,0.44033,-1.27329,0.42791,0.39592,-0.86607,0.183,0.989,0.110,0.037,0.476,-0.037,-0.037,0.403,0.110,-0.183,0.183,-0.256,30.00,1.200
5.5450,sine,0.6,-0.9998,nan,-0.41154,-0.07457,-0.68641,0.57707,-0.06375,-0.97448,-0.50574,0.40084,-1.27318,0.42846,0.35855,-0.86607,0.0586,0.0586,0.0195,-0.0977,0.2540,-0.0195,-0.0195,0.6447,0.0195,0.0586,0.4493,-0.0195,-0.40737,-0.03147,-0.68670,0.57604,-0.02588,-0.97448,-0.50384,0.44274,-1.27329,0.42791,0.39832,-0.86607,0.256,0.916,0.110,0.110,0.549,-0.110,-0.037,0.403,0.183,-0.110,0.183,-0.256,30.00,1.200
5.5500,sine,0.5,-0.9998,nan,-0.41157,-0.07325,-0.68647,0.57707,-0.06258,-0.97448,-0.50582,0.40318,-1.27321,0.42864,0.36063,-0.86607,0.0977,0.1368,-0.0195,0.0195,0.1368,-0.0195,-0.0195,0.6447,0.0195,0.0586,0.6056,-0.0195,-0.40737,-0.02911,-0.68670,0.57604,-0.02352,-0.97448,-0.50384,0.44510,-1.27329,0.42791,0.40068,-0.86607,0.256,0.916,0.037,0.037,0.623,-0.110,-0.037,0.403,0.110,-0.110,0.183,0.037,30.00,1.200
5.5550,sine,0.5,-0.9998,nan,-0.41157,-0.07227,-0.68647,0.57707,-0.06123,-0.97448,-0.50574,0.40688,-1.27318,0.42886,0.36063,-0.86607,0.0977,0.2930,0.0586,0.0195,0.1758,-0.0586,-0.0195,0.7619,0.0195,0.0195,0.6056,-0.0195,-0.40737,-0.02679,-0.68670,0.57604,-0.02120,-0.97448,-0.50384,0.44741,-1.27329,0.42791,0.40300,-0.86607,0.183,0.916,0.110,0.110,0.549,-0.037,-0.037,0.403,0.110,-0.183,0.183,0.037,30.00,1.200
5.5600,sine,0.5,-0.9998,nan,-0.41154,-0.07227,-0.68641,0.57677,-0.06101,-0.97448,-0.50582,0.40750,-1.27327,0.42894,0.36520,-0.86607,0.0195,0.2930,0.0586,-0.0977,0.2540,-0.0195,-0.0195,0.4884,-0.0586,0.0586,0.5275,-0.0195,-0.40737,-0.02452,-0.68670,0.57604,-0.01893,-0.97448,-0.50384,0.44968,-1.27329,0.42791,0.40527,-0.86607,0.183,0.916,0.110,0.183,0.623,-0.110,-0.037,0.330,0.110,-0.256,0.110,0.037,30.00,1.200
5.5650,sine,0.5,-0.9998,nan,-0.41139,-0.06956,-0.68641,0.57593,-0.05940,-0.97442,-0.50589,0.41148,-1.27318,0.42897,0.36787,-0.86607,0.1368,0.2930,0.0586,-0.0586,0.2540,-0.0195,-0.0977,0.6447,0.0195,-0.0586,0.5665,-0.0195,-0.40737,-0.02230,-0.68670,0.57604,-0.01671,-0.97448,-0.50384,0.45190,-1.27329,0.42791,0.40749,-0.86607,0.183,1.062,0.110,0.256,0.696,-0.110,-0.037,0.403,0.110,-0.110,0.037,0.037,30.00,1.200
5.5700,sine,0.5,-0.9998,nan,-0.41110,-0.06883,-0.68641,0.57542,-0.05772,-0.97448,-0.50604,0.41554,-1.27318,0.42901,0.36787,-0.86607,-0.0586,0.2930,-0.0586,-0.2149,0.1368,-0.0586,-0.0195,0.6056,0.0195,-0.0195,0.5665,-0.0195,-0.40737,-0.02013,-0.68670,0.57604,-0.01454,-0.97448,-0.50384,0.45407,-1.27329,0.42791,0.40966,-0.86607,0.183,1.062,0.037,0.256,0.696,-0.110,0.037,0.403,0.110,-0.110,0.037,0.037,30.00,1.200
5.5750,sine,0.4,-0.9998,nan,-0.41099,-0.06784,-0.68641,0.57520,-0.05585,-0.97451,-0.50629,0.41890,-1.27329,0.42897,0.37635,-0.86598,0.0195,0.3712,-0.0195,0.0195,0.2540,-0.0586,-0.0195,0.4884,0.0195,-0.0586,0.5275,-0.0195,-0.40737,-0.01802,-0.68670,0.57604,-0.01242,-0.97448,-0.50384,0.45619,-1.27329,0.42791,0.41177,-0.86607,0.183,1.062,0.110,0.183,0.696,-0.037,0.037,0.330,0.110,-0.110,-0.037,-0.110,30.00,1.200
5.5800,sine,0.4,-0.9998,nan,-0.41051,-0.06543,-0.68647,0.57480,-0.05450,-0.97448,-0.50659,0.42157,-1.27321,0.42879,0.38165,-0.86598,0.0195,0.2930,0.0977,-0.0977,0.1758,-0.0195,-0.2149,0.5275,0.0977,-0.0195,0.4103,-0.0195,-0.40737,-0.01595,-0.68670,0.57604,-0.01036,-0.97448,-0.50384,0.45826,-1.27329,0.42791,0.41384,-0.86607,0.110,1.062,0.037,0.183,0.696,-0.110,0.037,0.330,0.110,-0.037,0.037,-0.110,30.00,1.200
5.5850,sine,0.4,-0.9998,nan,-0.41033,-0.06441,-0.68641,0.57451,-0.05348,-0.97448,-0.50677,0.42263,-1.27327,0.42864,0.38253,-0.86607,0.0977,0.1368,0.0977,-0.1758,0.1758,-0.0195,-0.0977,0.6056,0.0195,-0.1368,0.4103,-0.0195,-0.40737,-0.01394,-0.68670,0.57604,-0.00835,-0.97448,-0.50384,0.46026,-1.27329,0.42791,0.41585,-0.86607,0.183,1.136,0.110,0.183,0.769,-0.110,0.037,0.330,0.110,-0.110,0.110,-0.037,30.00,1.200
5.5900,sine,0.4,-0.9998,nan,-0.40985,-0.06338,-0.68638,0.57418,-0.05212,-0.97442,-0.50699,0.42640,-1.27327,0.42857,0.38403,-0.86607,0.1368,0.1368,-0.0195,0.0195,0.2540,0.0195,-0.0195,0.5275,0.0195,-0.0586,0.4493,-0.0195,-0.40737,-0.01199,-0.68670,0.57604,-0.00640,-0.97448,-0.50384,0.46222,-1.27329,0.42791,0.41780,-0.86607,0.037,1.282,0.037,0.256,0.842,-0.110,0.037,0.403,0.110,-0.037,0.110,-0.037,30.00,1.200
5.5950,sine,0.3,-0.9998,nan,-0.40960,-0.06254,-0.68638,0.57396,-0.05125,-0.97442,-0.50706,0.42936,-1.27327,0.42846,0.38746,-0.86607,0.0977,0.2540,0.0195,-0.0977,0.2540,-0.0195,-0.2149,0.5275,0.0195,-0.0195,0.4493,-0.0195,-0.40737,-0.01010,-0.68670,0.57604,-0.00451,-0.97448,-0.50384,0.46411,-1.27329,0.42791,0.41969,-0.86607,0.110,1.282,0.037,0.183,0.769,-0.110,0.037,0.403,0.110,-0.037,0.110,-0.037,30.00,1.200
5.6000,sine,0.3,-0.9998,nan,-0.40923,-0.06083,-0.68641,0.57367,-0.04938,-0.97448,-0.50717,0.43210,-1.27327,0.42832,0.39101,-0.86598,0.0977,0.2540,0.0586,-0.0977,0.3321,-0.0195,-0.0195,0.5275,0.0195,0.0195,0.4884,-0.0195,-0.40737,-0.00827,-0.68670,0.57604,-0.00267,-0.97448,-0.50384,0.46594,-1.27329,0.42791,0.42152,-0.86607,0.037,1.282,0.110,0.256,0.842,-0.110,-0.037,0.330,0.110,-0.110,0.037,0.037,30.00,1.200
5.6050,sine,0.3,-0.9998,nan,-0.40898,-0.06028,-0.68633,0.57345,-0.04818,-0.97442,-0.50706,0.43440,-1.27338,0.42832,0.39152,-0.86607,0.1758,0.2149,0.0195,0.0195,0.2540,-0.0195,-0.0195,0.5275,-0.0195,0.0195,0.4493,-0.0586,-0.40737,-0.00650,-0.68670,0.57604,-0.00090,-0.97448,-0.50384,0.46771,-1.27329,0.42791,0.42329,-0.86607,0.037,1.355,0.037,0.256,0.842,-0.110,0.037,0.403,0.110,-0.037,-0.037,0.037,30.00,1.200
5.6100,sine,0.3,-0.9998,nan,-0.40865,-0.05943,-0.68641,0.57323,-0.04697,-0.97442,-0.50706,0.43616,-1.27327,0.42832,0.39456,-0.86607,0.0977,0.2540,-0.0586,-0.0977,0.3321,-0.0195,-0.0195,0.5275,0.0195,-0.0195,0.5665,-0.0195,-0.40737,-0.00479,-0.68670,0.57604,0.00081,-0.97448,-0.50384,0.46942,-1.27329,0.42791,0.42500,-0.86607,0.037,1.355,0.110,0.183,0.842,-0.110,-0.037,0.403,0.110,-0.110,-0.037,0.037,30.00,1.200
5.6150,sine,0.3,-0.9998,nan,-0.40846,-0.05819,-0.68633,0.57294,-0.04591,-0.97442,-0.50699,0.43766,-1.27327,0.42832,0.39737,-0.86607,0.0195,0.2540,-0.0195,-0.0195,0.2540,-0.0195,0.0586,0.6056,-0.0195,0.0195,0.4103,-0.0195,-0.40737,-0.00314,-0.68670,0.57604,0.00245,-0.97448,-0.50384,0.47106,-1.27329,0.42791,0.42665,-0.86607,0.110,1.429,0.110,0.256,0.916,-0.110,-0.037,0.330,0.110,-0.110,0.037,-0.110,30.00,1.200
5.6200,sine,0.2,-0.9998,nan,-0.40835,-0.05732,-0.68641,0.57283,-0.04503,-0.97442,-0.50699,0.44128,-1.27332,0.42832,0.40051,-0.86601,0.0195,0.1758,-0.0195,0.0195,0.1758,0.0195,-0.0195,0.4493,0.0586,-0.0977,0.3712,-0.0586,-0.40737,-0.00156,-0.68670,0.57604,0.00403,-0.97448,-0.50384,0.47264,-1.27329,0.42791,0.42822,-0.86607,0.110,1.355,0.183,0.256,0.989,-0.110,-0.037,0.330,0.110,-0.110,0.037,-0.037,30.00,1.200
5.6250,sine,0.2,-0.9998,nan,-0.40817,-0.05655,-0.68641,0.57264,-0.04397,-0.97448,-0.50691,0.44248,-1.27329,0.42839,0.40242,-0.86607,-0.0195,0.0977,0.0586,-0.0977,0.1758,-0.0586,-0.0586,0.4103,0.0195,-0.0195,0.3321,-0.0977,-0.40737,-0.00005,-0.68670,0.57604,0.00554,-0.97448,-0.50384,0.47415,-1.27329,0.42791,0.42974,-0.86607,0.037,1.429,0.110,0.256,1.062,-0.110,-0.037,0.476,0.110,-0.110,0.183,-0.037,30.00,1.200
5.6300,sine,0.2,-0.9998,nan,-0.40810,-0.05552,-0.68633,0.57239,-0.04313,-0.97448,-0.50688,0.44541,-1.27329,0.42839,0.40347,-0.86607,-0.0977,0.1758,-0.0195,0.0195,0.1758,-0.0195,-0.0195,0.4884,0.0195,-0.0195,0.2930,0.0586,-0.40737,0.00139,-0.68670,0.57604,0.00698,-0.97448,-0.50384,0.47560,-1.27329,0.42791,0.43118,-0.86607,0.037,1.502,0.037,0.256,0.989,-0.110,-0.037,0.330,0.110,-0.110,0.183,-0.037,30.00,1.200
5.6350,sine,0.2,-0.9998,nan,-0.40799,-0.05505,-0.68633,0.57231,-0.04196,-0.97442,-0.50677,0.44661,-1.27332,0.42846,0.40563,-0.86607,0.1368,0.1368,0.0195,-0.0977,0.1758,-0.0195,-0.0195,0.4884,0.0195,-0.0586,0.2540,0.0977,-0.40737,0.00276,-0.68670,0.57604,0.00836,-0.97448,-0.50384,0.47697,-1.27329,0.42791,0.43255,-0.86607,0.037,1.502,0.110,0.256,1.062,-0.110,0.037,0.403,0.110,-0.110,0.183,-0.110,30.00,1.200
5.6400,sine,0.2,-0.9998,nan,-0.40784,-0.05435,-0.68633,0.57221,-0.04101,-0.97442,-0.50662,0.44906,-1.27332,0.42846,0.40779,-0.86607,0.0195,0.0977,0.0586,0.1368,0.1758,-0.0195,-0.0195,0.2930,-0.0977,0.0977,0.3712,-0.0977,-0.40737,0.00407,-0.68670,0.57604,0.00966,-0.97448,-0.50384,0.47827,-1.27329,0.42791,0.43386,-0.86607,0.110,1.648,0.037,0.256,1.062,-0.110,-0.037,0.476,0.183,-0.037,0.183,-0.256,30.00,1.200
5.6450,sine,0.1,-0.9998,nan,-0.40770,-0.05395,-0.68633,0.57188,-0.03999,-0.97448,-0.50647,0.45060,-1.27329,0.42857,0.40845,-0.86601,0.0586,0.0977,0.0195,0.0195,0.1758,-0.0195,-0.1368,0.3321,-0.0195,0.0195,0.2540,-0.0586,-0.40737,0.00530,-0.68670,0.57604,0.01089,-0.97448,-0.50384,0.47951,-1.27329,0.42791,0.43509,-0.86607,0.110,1.648,0.110,0.256,1.136,-0.110,-0.037,0.476,0.037,-0.110,0.110,-0.110,30.00,1.200
5.6500,sine,0.1,-0.9998,nan,-0.40781,-0.05348,-0.68633,0.57180,-0.03904,-0.97442,-0.50659,0.45192,-1.27338,0.42850,0.41101,-0.86607,0.0195,0.1758,-0.0586,0.0195,0.1368,-0.0195,-0.0195,0.2930,0.0586,-0.0195,0.3321,-0.0977,-0.40737,0.00646,-0.68670,0.57604,0.01205,-0.97448,-0.50384,0.48067,-1.27329,0.42791,0.43625,-0.86607,0.037,1.648,0.110,0.256,1.209,-0.110,-0.037,0.476,0.110,-0.037,0.110,-0.256,30.00,1.200
5.6550,sine,1.1,-0.9998,nan,-0.40770,-0.05304,-0.68633,0.57169,-0.03860,-0.97442,-0.50647,0.45345,-1.27327,0.42850,0.41327,-0.86607,0.0195,0.0977,0.0195,-0.0977,0.1758,-0.0195,-0.0195,0.2540,0.0195,-0.0195,0.3321,0.0977,-0.40737,0.00754,-0.68670,0.57604,0.01314,-0.97448,-0.50384,0.48175,-1.27329,0.42791,0.43733,-0.86607,0.037,1.722,0.037,0.256,1.136,-0.110,-0.037,0.476,0.110,-0.110,0.037,-0.037,30.00,1.200
5.6600,sine,0.1,-0.9998,nan,-0.40759,-0.05264,-0.68641,0.57158,-0.03779,-0.97442,-0.50640,0.45517,-1.27329,0.42853,0.41492,-0.86607,0.1758,0.0977,0.0195,-0.0977,0.2540,-0.0195,-0.0195,0.2540,0.0195,0.0586,0.3321,-0.0586,-0.40737,0.00856,-0.68670,0.57604,0.01415,-0.97448,-0.50384,0.48276,-1.27329,0.42791,0.43835,-0.86607,0.183,1.722,0.110,0.256,1.136,-0.110,-0.037,0.476,0.110,-0.110,0.183,0.037,30.00,1.200
5.6650,sine,0.1,-0.9998,nan,-0.40759,-0.05227,-0.68641,0.57140,-0.03695,-0.97442,-0.50647,0.45678,-1.27332,0.42846,0.41528,-0.86601,0.0195,0.1758,0.0195,0.0977,0.0586,-0.0195,0.0195,0.3321,0.0586,-0.0195,0.1758,-0.0586,-0.40737,0.00949,-0.68670,0.57604,0.01508,-0.97448,-0.50384,0.48370,-1.27329,0.42791,0.43928,-0.86607,0.183,1.795,0.037,0.256,1.209,-0.110,-0.037,0.476,0.110,-0.037,0.183,-0.256,30.00,1.200
5.6700,sine,0.1,-0.9998,nan,-0.40759,-0.05194,-0.68633,0.57140,-0.03641,-0.97442,-0.50647,0.45820,-1.27327,0.42846,0.41675,-0.86601,0.1368,0.0977,0.0195,-0.0977,-0.0195,-0.0195,0.0195,0.3712,0.0195,-0.0586,0.2540,-0.0586,-0.40737,0.01035,-0.68670,0.57604,0.01595,-0.97448,-0.50384,0.48456,-1.27329,0.42791,0.44014,-0.86607,0.183,1.795,0.110,0.256,1.282,-0.037,-0.037,0.476,0.037,-0.110,0.256,0.037,30.00,1.200
5.6750,sine,0.1,-0.9998,nan,-0.40751,-0.05139,-0.68638,0.57129,-0.03597,-0.97442,-0.50647,0.45923,-1.27329,0.42839,0.41879,-0.86607,0.0195,0.1368,0.0195,0.0195,0.0586,-0.0195,-0.0195,0.2540,0.0977,-0.0195,0.2540,-0.0195,-0.40737,0.01114,-0.68670,0.57604,0.01673,-0.97448,-0.50384,0.48535,-1.27329,0.42791,0.44093,-0.86607,0.037,1.795,0.037,0.256,1.282,-0.110,-0.037,0.476,0.183,-0.110,0.256,-0.110,30.00,1.200
5.6800,sine,1.0,-0.9998,nan,-0.40751,-0.05110,-0.68633,0.57118,-0.03538,-0.97439,-0.50647,0.46058,-1.27327,0.42839,0.41982,-0.86598,0.0977,0.1758,-0.0586,0.0195,0.1758,-0.0195,0.0977,0.2540,-0.0586,-0.0195,0.3321,0.0586,-0.40737,0.01185,-0.68670,0.57604,0.01744,-0.97448,-0.50384,0.48605,-1.27329,0.42791,0.44164,-0.86607,0.110,1.795,0.037,0.256,1.282,-0.110,-0.037,0.403,0.037,-0.037,0.183,-0.037,30.00,1.200
5.6850,sine,0.3,-0.9998,nan,-0.40751,-0.05077,-0.68633,0.57111,-0.03502,-0.97442,-0.50647,0.46197,-1.27332,0.42839,0.42029,-0.86607,0.0195,0.1368,0.0195,-0.0195,0.1758,0.0195,-0.0195,0.2149,0.1368,-0.0195,0.2540,0.0195,-0.40737,0.01248,-0.68670,0.57604,0.01807,-0.97448,-0.50384,0.48668,-1.27329,0.42791,0.44227,-0.86607,0.037,1.868,0.110,0.256,1.282,-0.037,-0.037,0.476,0.110,-0.183,0.183,-0.037,30.00,1.200
5.6900,sine,1.0,-0.9998,nan,-0.40748,-0.05041,-0.68633,0.57096,-0.03432,-0.97442,-0.50647,0.46307,-1.27338,0.42839,0.42154,-0.86607,0.0586,0.1758,0.0195,-0.1368,0.0977,-0.0195,-0.0195,0.3321,0.0195,-0.0195,0.2540,-0.0586,-0.40737,0.01303,-0.68670,0.57604,0.01862,-0.97448,-0.50384,0.48723,-1.27329,0.42791,0.44282,-0.86607,0.037,1.868,-0.037,0.256,1.282,-0.110,-0.037,0.476,0.110,-0.037,0.183,0.037,30.00,1.200
5.6950,sine,0.9,-0.9998,nan,-0.40740,-0.05000,-0.68641,0.57089,-0.03374,-0.97442,-0.50647,0.46475,-1.27327,0.42839,0.42296,-0.86601,0.0586,0.0977,-0.0195,0.0195,0.1368,-0.0195,-0.0195,0.2540,0.0195,-0.0586,0.2540,-0.0195,-0.40737,0.01350,-0.68670,0.57604,0.01909,-0.97448,-0.50384,0.48771,-1.27329,0.42791,0.44329,-0.86607,0.110,1.868,0.110,0.256,1.282,-0.110,-0.110,0.403,0.110,-0.183,0.183,-0.110,30.00,1.200
5.7000,sine,0.9,-0.9998,nan,-0.40744,-0.04964,-0.68633,0.57089,-0.03319,-0.97442,-0.50659,0.46584,-1.27327,0.42832,0.42369,-0.86601,0.0586,0.0977,0.0195,0.0195,0.0977,-0.0977,-0.0195,0.2149,-0.0195,0.0586,0.2540,0.0977,-0.40737,0.01389,-0.68670,0.57604,0.01949,-0.97448,-0.50384,0.48810,-1.27329,0.42791,0.44368,-0.86607,0.037,1.868,0.037,0.256,1.355,-0.110,-0.037,0.403,0.183,-0.110,0.183,0.037,30.00,1.200
5.7050,sine,0.9,-0.9998,nan,-0.40733,-0.04924,-0.68633,0.57067,-0.03286,-0.97442,-0.50647,0.46720,-1.27338,0.42828,0.42369,-0.86601,0.0195,0.0195,-0.0195,0.0195,0.0586,-0.0977,-0.0586,0.2149,0.0586,-0.0586,0.2540,-0.0195,-0.40737,0.01421,-0.68670,0.57604,0.01980,-0.97448,-0.50384,0.48842,-1.27329,0.42791,0.44400,-0.86607,0.110,1.868,-0.037,0.256,1.355,-0.110,-0.037,0.476,0.110,-0.110,0.183,-0.037,30.00,1.200
5.7100,sine,0.9,-0.9998,nan,-0.40740,-0.04883,-0.68633,0.57067,-0.03224,-0.97442,-0.50647,0.46804,-1.27332,0.42821,0.42369,-0.86595,0.1368,0.0195,0.0195,0.0195,0.0586,-0.0977,-0.0195,0.2930,0.0586,-0.0195,0.2540,-0.0195,-0.40737,0.01444,-0.68670,0.57604,0.02004,-0.97448,-0.50384,0.48865,-1.27329,0.42791,0.44423,-0.86607,0.183,1.868,0.110,0.256,1.282,-0.110,-0.037,0.403,0.110,-0.110,0.183,-0.256,30.00,1.200
5.7150,sine,0.8,-0.9998,nan,-0.40748,-0.04847,-0.68633,0.57067,-0.03191,-0.97442,-0.50647,0.46928,-1.27332,0.42821,0.42369,-0.86601,0.0195,0.0977,0.0195,-0.0195,0.0586,-0.0586,-0.0195,0.2540,-0.0195,-0.0195,0.2540,-0.0195,-0.40737,0.01460,-0.68670,0.57604,0.02019,-0.97448,-0.50384,0.48881,-1.27329,0.42791,0.44439,-0.86607,0.037,1.941,0.037,0.256,1.355,-0.110,-0.037,0.403,0.110,-0.110,0.183,0.037,30.00,1.200
5.7200,sine,0.8,-0.9998,nan,-0.40740,-0.04832,-0.68633,0.57056,-0.03173,-0.97442,-0.50655,0.47001,-1.27332,0.42817,0.42738,-0.86607,0.0195,0.1758,-0.0586,-0.0195,0.0977,-0.0586,-0.0195,0.2540,0.0195,-0.0586,0.1758,-0.0586,-0.40737,0.01467,-0.68670,0.57604,0.02027,-0.97448,-0.50384,0.48888,-1.27329,0.42791,0.44446,-0.86607,0.110,1.868,0.183,0.256,1.355,-0.110,-0.037,0.403,0.110,-0.110,0.183,0.037,30.00,1.200
5.7250,sine,0.8,-0.9998,nan,-0.40740,-0.04810,-0.68633,0.57056,-0.03147,-0.97442,-0.50659,0.47082,-1.27332,0.42809,0.42738,-0.86607,0.0195,-0.0195,-0.0586,-0.0586,0.0586,-0.0977,-0.0586,0.1758,0.0586,-0.0586,0.1758,-0.0586,-0.40737,0.01467,-0.68670,0.57604,0.02026,-0.97448,-0.50384,0.48888,-1.27329,0.42791,0.44446,-0.86607,0.037,1.941,0.183,0.256,1.429,-0.110,0.037,0.403,0.110,-0.037,0.183,0.037,30.00,1.200
5.7300,sine,0.8,-0.9998,nan,-0.40733,-0.04799,-0.68633,0.57056,-0.03118,-0.97442,-0.50647,0.47184,-1.27332,0.42802,0.42738,-0.86607,0.0586,0.0586,0.0195,0.0977,-0.0195,0.0195,0.0977,0.2540,0.0586,0.0195,0.1758,-0.0586,-0.40737,0.01459,-0.68670,0.57604,0.02018,-0.97448,-0.50384,0.48879,-1.27329,0.42791,0.44438,-0.86607,0.183,1.941,0.037,0.256,1.355,-0.037,-0.037,0.403,0.110,-0.110,0.183,0.037,30.00,1.200
5.7350,sine,0.8,-0.9998,nan,-0.40729,-0.04777,-0.68633,0.57049,-0.03092,-0.97439,-0.50655,0.47184,-1.27332,0.42799,0.42738,-0.86607,0.0977,-0.0586,0.0195,0.0586,-0.0195,-0.0195,-0.1758,0.2540,-0.0195,-0.0195,0.1758,-0.0586,-0.40737,0.01442,-0.68670,0.57604,0.02001,-0.97448,-0.50384,0.48863,-1.27329,0.42791,0.44421,-0.86607,0.037,1.941,0.037,0.256,1.355,-0.037,-0.037,0.403,0.183,-0.037,0.183,0.037,30.00,1.200
5.7400,sine,0.7,-0.9998,nan,-0.40733,-0.04755,-0.68633,0.57038,-0.03085,-0.97442,-0.50659,0.47283,-1.27338,0.42791,0.42738,-0.86607,-0.0586,0.0586,0.0195,0.0586,0.0586,-0.0195,0.0977,0.1368,0.0977,0.0977,0.1758,-0.0586,-0.40737,0.01418,-0.68670,0.57604,0.01977,-0.97448,-0.50384,0.48839,-1.27329,0.42791,0.44397,-0.86607,0.037,1.941,0.037,0.256,1.355,-0.110,0.037,0.403,0.110,-0.037,0.183,0.037,30.00,1.200
5.7450,sine,0.7,-0.9998,nan,-0.40740,-0.04748,-0.68633,0.57038,-0.03059,-0.97442,-0.50655,0.47363,-1.27338,0.42788,0.42738,-0.86598,0.0195,0.0586,0.0195,0.0195,-0.0195,-0.0195,-0.0195,0.1368,-0.0195,-0.0586,0.1758,-0.0586,-0.40737,0.01385,-0.68670,0.57604,0.01945,-0.97448,-0.50384,0.48806,-1.27329,0.42791,0.44364,-0.86607,0.110,1.941,0.110,0.330,1.355,-0.110,-0.037,0.403,0.110,-0.037,0.183,-0.256,30.00,1.200
5.7500,sine,0.7,-0.9998,nan,-0.40733,-0.04741,-0.68633,0.57038,-0.03041,-0.97445,-0.50659,0.47421,-1.27338,0.42780,0.42738,-0.86598,0.0195,-0.0195,0.0195,-0.0195,0.0977,-0.0195,-0.1368,0.1758,0.0586,-0.0977,0.1758,-0.0586,-0.40737,0.01345,-0.68670,0.57604,0.01904,-0.97448,-0.50384,0.48766,-1.27329,0.42791,0.44324,-0.86607,0.110,1.941,0.110,0.256,1.355,-0.110,-0.037,0.476,0.110,-0.110,0.183,-0.256,30.00,1.200
5.7550,sine,0.7,-0.9998,nan,-0.40733,-0.04741,-0.68633,0.57027,-0.03034,-0.97434,-0.50659,0.47451,-1.27332,0.42780,0.42738,-0.86595,-0.0195,-0.0195,0.0586,0.0195,0.0977,-0.0195,-0.0195,0.0195,0.0977,-0.0195,0.1758,-0.1368,-0.40737,0.01297,-0.68670,0.57604,0.01856,-0.97448,-0.50384,0.48718,-1.27329,0.42791,0.44276,-0.86607,0.110,1.941,0.110,0.256,1.355,-0.110,-0.037,0.476,0.110,-0.037,0.183,0.037,30.00,1.200
5.7600,sine,0.7,-0.9998,nan,-0.40733,-0.04741,-0.68633,0.57027,-0.03023,-0.97439,-0.50647,0.47480,-1.27332,0.42780,0.43192,-0.86595,0.0195,0.1368,0.0586,0.0195,-0.0195,-0.0195,-0.0195,0.0195,-0.0977,-0.0195,0.0977,-0.1368,-0.40737,0.01241,-0.68670,0.57604,0.01800,-0.97448,-0.50384,0.48662,-1.27329,0.42791,0.44220,-0.86607,0.037,1.941,0.110,0.256,1.355,-0.110,-0.037,0.476,0.110,-0.110,0.183,0.037,30.00,1.200
5.7650,sine,1.0,-0.9998,nan,-0.40733,-0.04741,-0.68633,0.57016,-0.03015,-0.97442,-0.50659,0.47473,-1.27327,0.42780,0.43210,-0.86595,0.0195,0.0195,0.0195,-0.0977,-0.0195,-0.0195,-0.0195,0.0195,0.0195,-0.0195,0.0977,-0.1368,-0.40737,0.01177,-0.68670,0.57604,0.01736,-0.97448,-0.50384,0.48598,-1.27329,0.42791,0.44156,-0.86607,0.110,1.941,0.037,0.330,1.355,-0.110,-0.037,0.476,0.110,-0.110,0.183,0.037,30.00,1.200
5.7700,sine,0.6,-0.9998,nan,-0.40729,-0.04741,-0.68633,0.56997,-0.03005,-0.97442,-0.50647,0.47480,-1.27338,0.42773,0.43210,-0.86595,0.0195,0.0195,0.0195,0.0195,-0.0195,-0.0586,-0.0195,0.0977,0.0195,-0.0195,0.0977,-0.1368,-0.40737,0.01105,-0.68670,0.57604,0.01665,-0.97448,-0.50384,0.48526,-1.27329,0.42791,0.44084,-0.86607,0.183,1.941,0.110,0.256,1.355,-0.110,-0.037,0.476,0.110,-0.110,0.183,0.037,30.00,1.200
5.7750,sine,0.6,-0.9998,nan,-0.40729,-0.04748,-0.68633,0.56994,-0.03005,-0.97442,-0.50647,0.47465,-1.27338,0.42780,0.43217,-0.86601,0.0586,0.0195,0.0195,0.0195,0.0586,0.0195,-0.0195,0.0195,0.0977,-0.0977,-0.0195,-0.0586,-0.40737,0.01026,-0.68670,0.57604,0.01585,-0.97448,-0.50384,0.48447,-1.27329,0.42791,0.44005,-0.86607,0.037,1.868,0.110,0.330,1.355,-0.110,-0.037,0.476,0.110,-0.110,0.183,0.037,30.00,1.200
5.7800,sine,0.1,-0.9998,nan,-0.40729,-0.04748,-0.68633,0.56987,-0.03005,-0.97448,-0.50647,0.47451,-1.27332,0.42780,0.43217,-0.86595,-0.0977,0.0977,0.0586,0.0195,-0.0195,0.0195,-0.0195,-0.0977,0.0977,-0.0195,-0.0195,-0.0586,-0.40737,0.00939,-0.68670,0.57604,0.01498,-0.97448,-0.50384,0.48360,-1.27329,0.42791,0.43918,-0.86607,0.110,1.868,0.110,0.330,1.355,-0.110,-0.037,0.476,0.110,-0.110,0.183,-0.110,30.00,1.200
5.7850,sine,0.6,-0.9998,nan,-0.40733,-0.04748,-0.68633,0.56972,-0.02997,-0.97442,-0.50647,0.47444,-1.27338,0.42780,0.43199,-0.86595,0.1368,0.0586,0.0195,0.0586,-0.0195,-0.0195,-0.0195,0.0586,-0.0586,-0.0195,-0.0195,-0.0586,-0.40737,0.00845,-0.68670,0.57604,0.01404,-0.97448,-0.50384,0.48265,-1.27329,0.42791,0.43824,-0.86607,0.037,1.868,0.110,0.256,1.355,-0.110,-0.037,0.476,0.110,-0.110,0.183,-0.110,30.00,1.200
5.7900,sine,0.5,-0.9998,nan,-0.40722,-0.04763,-0.68633,0.56961,-0.02997,-0.97431,-0.50647,0.47407,-1.27338,0.42780,0.43174,-0.86595,-0.0977,0.0977,0.0195,0.0195,-0.0195,-0.0195,-0.0195,-0.0586,-0.0586,-0.0195,-0.0977,0.0586,-0.40737,0.00743,-0.68670,0.57604,0.01302,-0.97448,-0.50384,0.48163,-1.27329,0.42791,0.43722,-0.86607,0.037,1.868,0.110,0.330,1.282,-0.110,-0.037,0.476,0.110,-0.037,0.183,-0.037,30.00,1.200
5.7950,sine,0.5,-0.9998,nan,-0.40729,-0.04763,-0.68633,0.56961,-0.02997,-0.97442,-0.50655,0.47385,-1.27338,0.42788,0.43174,-0.86598,0.0586,0.0195,0.0195,0.0195,-0.0195,-0.0195,-0.0195,-0.1368,0.0195,0.0586,-0.0977,0.0977,-0.40737,0.00633,-0.68670,0.57604,0.01192,-0.97448,-0.50384,0.48054,-1.27329,0.42791,0.43612,-0.86607,0.037,1.795,0.110,0.330,1.209,-0.110,-0.037,0.476,0.110,-0.110,0.183,-0.037,30.00,1.200
5.8000,sine,0.5,-0.9998,nan,-0.40733,-0.04763,-0.68633,0.56954,-0.02997,-0.97442,-0.50647,0.47359,-1.27338,0.42788,0.43130,-0.86598,0.0586,0.0195,0.0195,0.0977,-0.0195,0.0195,-0.0195,0.0195,0.0195,-0.0195,-0.0195,0.0977,-0.40737,0.00516,-0.68670,0.57604,0.01076,-0.97448,-0.50384,0.47937,-1.27329,0.42791,0.43495,-0.86607,0.110,1.795,0.110,0.256,1.209,-0.110,-0.037,0.403,0.110,-0.037,0.183,-0.037,30.00,1.200
5.8050,sine,0.1,-0.9998,nan,-0.40729,-0.04763,-0.68633,0.56961,-0.02997,-0.97442,-0.50647,0.47337,-1.27338,0.42780,0.43111,-0.86601,0.0586,0.0195,0.0195,0.0195,-0.0977,-0.0195,-0.0195,-0.0195,0.0195,-0.0586,-0.0586,-0.0195,-0.40737,0.00393,-0.68670,0.57604,0.00952,-0.97448,-0.50384,0.47813,-1.27329,0.42791,0.43372,-0.86607,0.037,1.795,0.037,0.330,1.209,-0.110,-0.037,0.403,0.110,-0.110,0.183,-0.037,30.00,1.200
5.8100,sine,0.5,-0.9998,nan,-0.40733,-0.04770,-0.68633,0.56954,-0.03005,-0.97442,-0.50647,0.47337,-1.27338,0.42780,0.43111,-0.86601,-0.0195,0.0195,0.0195,0.0195,-0.0195,-0.0195,-0.0977,-0.0195,0.0195,-0.0977,-0.0586,-0.0195,-0.40737,0.00261,-0.68670,0.57604,0.00821,-0.97448,-0.50384,0.47682,-1.27329,0.42791,0.43240,-0.86607,0.037,1.722,0.110,0.256,1.136,-0.037,-0.037,0.403,0.183,-0.037,0.183,-0.037,30.00,1.200
5.8150,sine,0.4,-0.9998,nan,-0.40733,-0.04777,-0.68633,0.56954,-0.03015,-0.97442,-0.50647,0.47272,-1.27338,0.42780,0.43060,-0.86598,-0.0195,-0.0586,0.0195,0.0195,-0.1368,0.0195,-0.0195,-0.0586,-0.0586,-0.0195,-0.0977,-0.0195,-0.40737,0.00123,-0.68670,0.57604,0.00682,-0.97448,-0.50384,0.47544,-1.27329,0.42791,0.43102,-0.86607,0.183,1.648,0.110,0.256,1.136,-0.110,-0.037,0.403,0.110,-0.037,0.183,0.037,30.00,1.200
5.8200,sine,0.4,-0.9998,nan,-0.40733,-0.04792,-0.68633,0.56961,-0.03015,-0.97442,-0.50647,0.47239,-1.27329,0.42780,0.43016,-0.86598,0.0586,-0.0586,0.0195,0.0195,-0.0195,-0.0195,-0.0195,0.0195,-0.0977,0.0586,-0.1368,-0.0195,-0.40737,-0.00022,-0.68670,0.57604,0.00537,-0.97448,-0.50384,0.47399,-1.27329,0.42791,0.42957,-0.86607,0.037,1.648,0.037,0.256,1.136,-0.110,-0.037,0.330,0.037,-0.110,0.110,0.037,30.00,1.200
5.8250,sine,0.3,-0.9998,nan,-0.40722,-0.04799,-0.68633,0.56961,-0.03034,-0.97442,-0.50647,0.47213,-1.27329,0.42780,0.42991,-0.86595,0.0195,0.0195,0.0195,0.0977,-0.1368,-0.0195,-0.0195,-0.0977,0.1368,-0.0977,-0.0195,-0.0586,-0.40737,-0.00174,-0.68670,0.57604,0.00386,-0.97448,-0.50384,0.47247,-1.27329,0.42791,0.42805,-0.86607,0.037,1.648,0.110,0.330,1.062,-0.110,-0.037,0.330,0.110,-0.037,0.110,-0.110,30.00,1.200
5.8300,sine,1.2,-0.9998,nan,-0.40729,-0.04810,-0.68633,0.56961,-0.03034,-0.97439,-0.50647,0.47210,-1.27338,0.42780,0.42940,-0.86607,0.0195,-0.0195,0.0195,0.0977,-0.0195,-0.0195,-0.0195,-0.0977,0.0195,-0.0195,-0.2149,-0.0195,-0.40737,-0.00332,-0.68670,0.57604,0.00227,-0.97448,-0.50384,0.47089,-1.27329,0.42791,0.42647,-0.86607,0.110,1.648,0.110,0.256,1.062,-0.110,-0.037,0.256,0.110,-0.037,0.037,0.037,30.00,1.200
5.8350,sine,0.3,-0.9998,nan,-0.40733,-0.04810,-0.68633,0.56961,-0.03052,-0.97439,-0.50644,0.47151,-1.27332,0.42773,0.42903,-0.86601,-0.0586,0.0195,0.0195,0.0195,0.0195,-0.0195,0.0586,-0.0977,0.0586,-0.0195,-0.1368,0.0977,-0.40737,-0.00497,-0.68670,0.57604,0.00062,-0.97448,-0.50384,0.46923,-1.27329,0.42791,0.42482,-0.86607,0.037,1.575,0.110,0.256,0.989,-0.110,-0.037,0.256,0.110,-0.110,0.037,-0.110,30.00,1.200
5.8400,sine,1.2,-0.9998,nan,-0.40733,-0.04832,-0.68633,0.56961,-0.03059,-0.97439,-0.50647,0.47125,-1.27332,0.42773,0.42896,-0.86598,0.0195,0.0195,0.0195,0.0195,-0.0195,-0.0195,-0.0195,-0.1368,0.0586,-0.0195,-0.0977,-0.0195,-0.40737,-0.00669,-0.68670,0.57604,-0.00110,-0.97448,-0.50384,0.46752,-1.27329,0.42791,0.42310,-0.86607,0.037,1.575,0.037,0.256,0.989,-0.110,-0.037,0.183,0.110,-0.110,0.037,-0.037,30.00,1.200
5.8450,sine,0.3,-0.9998,nan,-0.40729,-0.04854,-0.68633,0.56961,-0.03085,-0.97439,-0.50640,0.47074,-1.27327,0.42780,0.42844,-0.86601,0.0195,0.0977,0.0195,0.0195,-0.0195,-0.0586,-0.0195,-0.0195,0.0195,-0.0195,-0.2149,-0.0586,-0.40737,-0.00847,-0.68670,0.57604,-0.00287,-0.97448,-0.50384,0.46574,-1.27329,0.42791,0.42132,-0.86607,0.037,1.429,0.110,0.256,0.916,-0.037,-0.037,0.183,0.110,-0.037,-0.037,-0.110,30.00,1.200
5.8500,sine,0.3,-0.9998,nan,-0.40733,-0.04861,-0.68641,0.56972,-0.03103,-0.97439,-0.50647,0.47041,-1.27338,0.42773,0.42764,-0.86601,0.0586,0.0977,0.0195,-0.0977,-0.1368,-0.0195,0.0586,-0.0586,-0.0195,0.0195,-0.0977,0.0195,-0.40737,-0.01031,-0.68670,0.57604,-0.00471,-0.97448,-0.50384,0.46390,-1.27329,0.42791,0.41948,-0.86607,0.110,1.429,0.037,0.256,0.916,-0.110,-0.037,0.183,0.110,-0.110,-0.037,-0.110,30.00,1.200
5.8550,sine,0.2,-0.9998,nan,-0.40722,-0.04883,-0.68633,0.56972,-0.03118,-0.97442,-0.50647,0.46986,-1.27329,0.42769,0.42709,-0.86601,0.0586,0.0195,-0.0586,0.0195,0.0195,-0.0195,-0.0195,-0.1368,0.0586,-0.0195,-0.1368,-0.0586,-0.40737,-0.01221,-0.68670,0.57604,-0.00661,-0.97448,-0.50384,0.46200,-1.27329,0.42791,0.41758,-0.86607,0.037,1.429,0.110,0.256,0.842,-0.110,-0.037,0.110,0.110,-0.037,-0.037,-0.256,30.00,1.200
5.8600,sine,0.2,-0.9998,nan,-0.40733,-0.04916,-0.68627,0.56983,-0.03162,-0.97442,-0.50647,0.46917,-1.27338,0.42766,0.42687,-0.86607,-0.0195,-0.0586,0.0195,0.0586,-0.0977,-0.0195,-0.0586,-0.1368,0.0586,0.0586,-0.2149,-0.0195,-0.40737,-0.01416,-0.68670,0.57604,-0.00857,-0.97448,-0.50384,0.46004,-1.27329,0.42791,0.41563,-0.86607,0.037,1.429,0.110,0.256,0.842,-0.110,0.037,0.183,0.110,-0.037,-0.037,-0.110,30.00,1.200
5.8650,sine,0.2,-0.9998,nan,-0.40733,-0.04931,-0.68633,0.56983,-0.03198,-0.97442,-0.50644,0.46848,-1.27327,0.42762,0.42607,-0.86607,0.0195,-0.0586,0.0195,0.0195,-0.1368,0.0195,-0.0195,-0.1368,0.0195,0.0586,-0.2149,-0.0195,-0.40737,-0.01618,-0.68670,0.57604,-0.01059,-0.97448,-0.50384,0.45803,-1.27329,0.42791,0.41361,-0.86607,0.037,1.355,0.037,0.256,0.696,-0.110,0.037,0.110,0.110,-0.037,-0.110,-0.256,30.00,1.200
5.8700,sine,0.2,-0.9998,nan,-0.40722,-0.04986,-0.68633,0.56983,-0.03216,-0.97442,-0.50647,0.46785,-1.27338,0.42769,0.42501,-0.86601,-0.0195,-0.1368,0.0195,0.0195,-0.1368,-0.0195,0.0195,-0.1368,-0.0195,0.0195,-0.1368,0.0195,-0.40737,-0.01825,-0.68670,0.57604,-0.01266,-0.97448,-0.50384,0.45596,-1.27329,0.42791,0.41154,-0.86607,0.037,1.209,0.037,0.256,0.769,-0.110,0.037,0.110,0.110,-0.110,-0.110,-0.110,30.00,1.200
5.8750,sine,0.2,-0.9998,nan,-0.40733,-0.05026,-0.68633,0.56987,-0.03260,-0.97439,-0.50647,0.46687,-1.27338,0.42773,0.42424,-0.86601,0.1368,0.0195,0.0195,-0.0586,-0.2149,0.0195,0.0586,-0.0586,0.0195,0.0195,-0.1368,0.0195,-0.40737,-0.02037,-0.68670,0.57604,-0.01478,-0.97448,-0.50384,0.45384,-1.27329,0.42791,0.40942,-0.86607,0.110,1.209,0.037,0.256,0.696,-0.037,-0.037,0.110,0.110,-0.037,-0.183,-0.110,30.00,1.200
5.8800,sine,0.2,-0.9998,nan,-0.40729,-0.05055,-0.68633,0.56994,-0.03311,-0.97442,-0.50640,0.46584,-1.27329,0.42766,0.42409,-0.86601,0.0195,-0.0586,0.0195,0.0195,-0.0977,-0.0195,-0.0977,-0.2149,0.0195,-0.0195,-0.0977,-0.0195,-0.40737,-0.02255,-0.68670,0.57604,-0.01696,-0.97448,-0.50384,0.45166,-1.27329,0.42791,0.40724,-0.86607,0.037,1.136,0.110,0.256,0.623,-0.110,-0.037,0.037,0.110,-0.037,-0.183,0.037,30.00,1.200
5.8850,sine,0.1,-0.9998,nan,-0.40722,-0.05081,-0.68633,0.57005,-0.03344,-0.97442,-0.50640,0.46530,-1.27332,0.42773,0.42252,-0.86595,0.1368,0.0195,0.0195,0.0977,-0.0977,-0.0586,-0.0195,-0.2540,0.0586,0.0195,-0.2149,0.0977,-0.40737,-0.02477,-0.68670,0.57604,-0.01918,-0.97448,-0.50384,0.44943,-1.27329,0.42791,0.40502,-0.86607,0.110,1.062,0.037,0.256,0.549,-0.110,-0.037,0.037,0.110,-0.110,-0.037,-0.256,30.00,1.200
5.8900,sine,0.1,-0.9998,nan,-0.40729,-0.05132,-0.68641,0.57005,-0.03381,-0.97442,-0.50633,0.46394,-1.27338,0.42773,0.42121,-0.86595,0.0586,-0.0586,-0.0586,0.0195,-0.0977,-0.0195,-0.0977,-0.1758,0.0586,-0.0195,-0.2930,-0.0586,-0.40737,-0.02705,-0.68670,0.57604,-0.02146,-0.97448,-0.50384,0.44716,-1.27329,0.42791,0.40274,-0.86607,0.037,1.062,0.110,0.256,0.623,-0.110,-0.037,0.037,0.110,-0.110,-0.256,-0.256,30.00,1.200
5.8950,sine,0.1,-0.9998,nan,-0.40722,-0.05179,-0.68633,0.57016,-0.03443,-0.97442,-0.50640,0.46252,-1.27327,0.42773,0.42121,-0.86607,0.0195,0.0195,0.0195,0.0195,-0.1368,-0.0195,-0.0977,-0.2149,-0.0586,-0.0195,-0.2930,0.0195,-0.40737,-0.02937,-0.68670,0.57604,-0.02378,-0.97448,-0.50384,0.44484,-1.27329,0.42791,0.40042,-0.86607,0.110,0.989,0.110,0.256,0.476,-0.110,-0.037,0.037,0.110,-0.110,-0.256,-0.110,30.00,1.200
5.9000,sine,0.1,-0.9998,nan,-0.40722,-0.05220,-0.68633,0.57027,-0.03502,-0.97442,-0.50640,0.46142,-1.27332,0.42780,0.42004,-0.86601,-0.0586,-0.1368,0.0195,0.0195,-0.0977,-0.0586,-0.0977,-0.3321,0.0977,-0.0195,-0.2930,-0.0586,-0.40737,-0.03174,-0.68670,0.57604,-0.02614,-0.97448,-0.50384,0.44247,-1.27329,0.42791,0.39805,-0.86607,0.110,1.062,0.110,0.256,0.476,-0.110,-0.037,0.037,0.110,-0.110,-0.330,0.037,30.00,1.200
5.9050,sine,0.0,-0.9998,nan,-0.40733,-0.05278,-0.68633,0.57038,-0.03545,-0.97442,-0.50647,0.45974,-1.27338,0.42791,0.41817,-0.86595,0.0195,-0.0586,0.0195,0.0195,-0.0195,-0.0586,-0.0195,-0.1758,0.0977,0.0977,-0.2930,0.0195,-0.40737,-0.03414,-0.68670,0.57604,-0.02855,-0.97448,-0.50384,0.44006,-1.27329,0.42791,0.39565,-0.86607,0.037,1.062,0.037,0.256,0.403,-0.110,-0.037,0.037,0.037,-0.037,-0.256,-0.110,30.00,1.200
5.9100,sine,0.1,-0.9998,nan,-0.40733,-0.05366,-0.68633,0.57049,-0.03608,-0.97442,-0.50644,0.45824,-1.27332,0.42791,0.41653,-0.86595,-0.0977,-0.0586,0.0195,0.0195,-0.1368,-0.0586,0.0586,-0.4103,0.0195,-0.0977,-0.2930,0.0195,-0.40737,-0.03659,-0.68670,0.57604,-0.03100,-0.97448,-0.50384,0.43762,-1.27329,0.42791,0.39320,-0.86607,0.110,0.916,0.037,0.256,0.330,-0.110,-0.037,0.037,0.110,-0.110,-0.256,0.037,30.00,1.200
5.9150,sine,1.0,-0.9998,nan,-0.40733,-0.05395,-0.68633,0.57049,-0.03677,-0.97442,-0.50640,0.45722,-1.27338,0.42799,0.41653,-0.86607,0.1368,0.0195,-0.0586,0.0977,-0.2149,-0.0586,-0.0195,-0.2540,0.0586,0.1368,-0.2930,0.0195,-0.40737,-0.03908,-0.68670,0.57604,-0.03349,-0.97448,-0.50384,0.43513,-1.27329,0.42791,0.39071,-0.86607,0.037,0.916,0.183,0.256,0.403,-0.110,-0.037,0.037,0.110,-0.110,-0.256,0.037,30.00,1.200
5.9200,sine,0.1,-0.9998,nan,-0.40722,-0.05483,-0.68633,0.57067,-0.03754,-0.97442,-0.50647,0.45495,-1.27332,0.42821,0.41419,-0.86601,0.1368,-0.0586,0.0977,0.0195,-0.0977,-0.0195,-0.0586,-0.3712,0.0586,-0.0195,-0.3321,-0.0586,-0.40737,-0.04161,-0.68670,0.57604,-0.03601,-0.97448,-0.50384,0.43260,-1.27329,0.42791,0.38818,-0.86607,0.037,0.769,0.183,0.183,0.256,-0.110,-0.037,0.037,0.110,-0.183,-0.256,-0.183,30.00,1.200
5.9250,sine,1.0,-0.9998,nan,-0.40733,-0.05523,-0.68633,0.57074,-0.03816,-0.97442,-0.50640,0.45334,-1.27329,0.42821,0.41236,-0.86601,0.1368,-0.0977,0.0195,0.0586,-0.2930,-0.0195,-0.0586,-0.2540,-0.0195,-0.0195,-0.3321,-0.0586,-0.40737,-0.04417,-0.68670,0.57604,-0.03857,-0.97448,-0.50384,0.43004,-1.27329,0.42791,0.38562,-0.86607,0.037,0.769,0.037,0.256,0.256,-0.110,-0.037,0.110,0.110,-0.110,-0.256,-0.183,30.00,1.200
5.9300,sine,1.0,-0.9998,nan,-0.40733,-0.05578,-0.68641,0.57089,-0.03867,-0.97442,-0.50633,0.45129,-1.27327,0.42846,0.41199,-0.86607,0.0195,-0.1368,0.0195,0.1368,-0.2149,-0.0977,-0.0195,-0.3712,0.0195,0.0586,-0.4103,-0.0195,-0.40737,-0.04676,-0.68670,0.57604,-0.04117,-0.97448,-0.50384,0.42745,-1.27329,0.42791,0.38303,-0.86607,0.037,0.769,0.183,0.256,0.183,-0.110,-0.037,0.110,0.110,-0.110,-0.256,0.037,30.00,1.200
5.9350,sine,0.9,-0.9998,nan,-0.40733,-0.05615,-0.68638,0.57107,-0.03937,-0.97448,-0.50647,0.44965,-1.27327,0.42850,0.40958,-0.86607,0.0195,0.0195,-0.0195,0.1368,-0.2149,-0.0586,-0.0195,-0.4884,0.0195,-0.0195,-0.4884,0.0195,-0.40737,-0.04938,-0.68670,0.57604,-0.04379,-0.97448,-0.50384,0.42482,-1.27329,0.42791,0.38041,-0.86607,0.037,0.696,0.110,0.183,0.183,-0.110,-0.037,0.037,0.110,-0.183,-0.183,-0.110,30.00,1.200
5.9400,sine,0.9,-0.9998,nan,-0.40729,-0.05695,-0.68641,0.57107,-0.04024,-0.97439,-0.50647,0.44749,-1.27338,0.42864,0.40958,-0.86601,-0.0195,-0.0977,0.0977,0.0195,-0.2149,-0.0195,0.0195,-0.4103,-0.0195,0.0977,-0.4884,-0.0586,-0.40737,-0.05204,-0.68670,0.57604,-0.04644,-0.97448,-0.50384,0.42217,-1.27329,0.42791,0.37775,-0.86607,0.037,0.696,0.183,0.183,0.110,-0.110,-0.037,0.037,0.110,-0.183,-0.183,-0.110,30.00,1.200
5.9450,sine,0.9,-0.9998,nan,-0.40729,-0.05779,-0.68641,0.57118,-0.04101,-0.97442,-0.50647,0.44468,-1.27338,0.42886,0.40391,-0.86601,0.0195,-0.0586,0.0586,0.1368,-0.2930,-0.0195,-0.0195,-0.3712,0.0586,-0.0195,-0.5275,-0.0195,-0.40737,-0.05472,-0.68670,0.57604,-0.04912,-0.97448,-0.50384,0.41949,-1.27329,0.42791,0.37507,-0.86607,0.110,0.623,0.110,0.183,0.110,-0.110,0.037,0.037,0.110,-0.183,-0.110,-0.110,30.00,1.200
5.9500,sine,0.9,-0.9998,nan,-0.40722,-0.05819,-0.68638,0.57140,-0.04189,-0.97448,-0.50647,0.44237,-1.27338,0.42901,0.40234,-0.86607,-0.0195,-0.0977,0.0195,0.1368,-0.1368,-0.0195,-0.0195,-0.4493,0.0195,0.0977,-0.5275,0.0195,-0.40737,-0.05742,-0.68670,0.57604,-0.05183,-0.97448,-0.50384,0.41679,-1.27329,0.42791,0.37237,-0.86607,0.037,0.549,0.110,0.183,0.037,-0.110,-0.037,0.110,0.110,-0.110,-0.037,-0.037,30.00,1.200
5.9550,sine,0.8,-0.9998,nan,-0.40722,-0.05943,-0.68633,0.57147,-0.04225,-0.97442,-0.50647,0.43985,-1.27327,0.42916,0.39920,-0.86607,-0.0195,-0.2540,0.0586,0.0586,-0.2149,-0.0195,-0.0195,-0.4884,-0.0195,-0.0195,-0.5275,-0.0195,-0.40737,-0.06014,-0.68670,0.57604,-0.05455,-0.97448,-0.50384,0.41406,-1.27329,0.42791,0.36965,-0.86607,0.183,0.476,0.110,0.256,-0.037,-0.037,-0.037,0.037,0.110,-0.110,-0.110,-0.037,30.00,1.200
5.9600,sine,0.8,-0.9998,nan,-0.40729,-0.06050,-0.68641,0.57169,-0.04339,-0.97442,-0.50659,0.43788,-1.27329,0.42930,0.39587,-0.86607,0.0195,-0.2540,-0.0195,0.1368,-0.2149,-0.0195,-0.0195,-0.3712,0.0195,-0.0195,-0.4884,-0.0195,-0.40737,-0.06289,-0.68670,0.57604,-0.05730,-0.97448,-0.50384,0.41132,-1.27329,0.42791,0.36690,-0.86607,0.183,0.476,0.110,0.183,-0.183,-0.037,-0.037,0.256,0.110,-0.183,-0.110,-0.037,30.00,1.200
5.9650,sine,0.8,-0.9998,nan,-0.40733,-0.06159,-0.68641,0.57210,-0.04423,-0.97448,-0.50659,0.43470,-1.27329,0.42952,0.39342,-0.86607,0.0977,-0.2540,0.0195,0.0586,-0.1758,-0.0586,-0.0195,-0.5665,0.0195,0.0195,-0.5275,-0.0586,-0.40737,-0.06565,-0.68670,0.57604,-0.06006,-0.97448,-0.50384,0.40855,-1.27329,0.42791,0.36414,-0.86607,0.037,0.549,0.037,0.183,-0.037,-0.110,0.037,0.183,0.110,-0.183,-0.110,-0.256,30.00,1.200
5.9700,sine,0.8,-0.9998,nan,-0.40722,-0.06254,-0.68638,0.57231,-0.04511,-0.97442,-0.50659,0.43239,-1.27318,0.42959,0.39244,-0.86601,0.1368,-0.1368,0.0195,0.1368,-0.2930,-0.0195,-0.0586,-0.6056,0.0195,0.0586,-0.4493,-0.0195,-0.40737,-0.06843,-0.68670,0.57604,-0.06284,-0.97448,-0.50384,0.40577,-1.27329,0.42791,0.36136,-0.86607,0.037,0.403,0.110,0.110,-0.110,-0.110,-0.037,0.183,0.110,-0.183,-0.183,-0.110,30.00,1.200
5.9750,sine,0.8,-0.9998,nan,-0.40722,-0.06357,-0.68641,0.57264,-0.04591,-0.97448,-0.50659,0.42914,-1.27327,0.42959,0.38904,-0.86609,0.0195,-0.1758,-0.0195,0.1368,-0.2930,-0.0195,-0.0195,-0.4884,-0.0586,0.0195,-0.6056,-0.0586,-0.40737,-0.07123,-0.68670,0.57604,-0.06564,-0.97448,-0.50384,0.40298,-1.27329,0.42791,0.35856,-0.86607,0.037,0.403,0.110,0.183,-0.183,-0.110,-0.037,0.110,0.110,-0.183,-0.183,-0.256,30.00,1.200
5.9800,sine,0.7,-0.9998,nan,-0.40722,-0.06503,-0.68641,0.57294,-0.04730,-0.97442,-0.50647,0.42651,-1.27327,0.42970,0.38659,-0.86607,0.0195,-0.2149,0.0977,0.0977,-0.2930,-0.0586,-0.0195,-0.5665,0.0195,-0.0195,-0.5275,-0.0195,-0.40737,-0.07403,-0.68670,0.57604,-0.06844,-0.97448,-0.50384,0.40018,-1.27329,0.42791,0.35576,-0.86607,0.183,0.330,0.110,0.110,-0.183,-0.110,-0.037,0.183,0.110,-0.183,-0.183,-0.110,30.00,1.200
5.9850,sine,0.7,-0.9998,nan,-0.40733,-0.06613,-0.68638,0.57338,-0.04898,-0.97442,-0.50647,0.42362,-1.27327,0.42967,0.38549,-0.86607,0.0195,-0.1368,0.0195,0.1368,-0.2930,-0.0586,-0.0977,-0.5665,0.0195,0.0586,-0.4493,-0.0195,-0.40737,-0.07685,-0.68670,0.57604,-0.07125,-0.97448,-0.50384,0.39736,-1.27329,0.42791,0.35294,-0.86607,0.037,0.330,0.110,0.110,-0.183,-0.037,-0.037,0.183,0.110,-0.183,-0.110,-0.110,30.00,1.200
5.9900,sine,0.7,-0.9998,nan,-0.40733,-0.06682,-0.68641,0.57367,-0.04993,-0.97442,-0.50647,0.42106,-1.27327,0.42963,0.38300,-0.86607,0.0195,-0.2149,0.0195,0.0195,-0.3321,-0.0195,-0.0195,-0.3712,0.0195,0.0195,-0.5275,-0.0195,-0.40737,-0.07967,-0.68670,0.57604,-0.07407,-0.97448,-0.50384,0.39454,-1.27329,0.42791,0.35012,-0.86607,0.037,0.256,0.037,0.110,-0.183,-0.037,-0.037,0.183,0.183,-0.110,-0.110,-0.256,30.00,1.200
5.9950,sine,0.7,-0.9998,nan,-0.40722,-0.06861,-0.68633,0.57392,-0.05212,-0.97448,-0.50647,0.41901,-1.27327,0.42970,0.37920,-0.86607,0.1368,-0.2930,0.0195,0.0195,-0.3712,-0.0586,-0.1368,-0.5665,0.0195,-0.0586,-0.6447,-0.0195,-0.40737,-0.08249,-0.68670,0.57604,-0.07690,-0.97448,-0.50384,0.39172,-1.27329,0.42791,0.34730,-0.86607,0.037,0.256,0.110,0.183,-0.110,-0.110,-0.037,0.110,0.110,-0.110,-0.183,-0.256,30.00,1.200
6.0000,exit_damp,0.8,-0.9998,nan,-0.40733,-0.06993,-0.68641,0.57414,-0.05410,-0.97448,-0.50647,0.41554,-1.27327,0.42959,0.37810,-0.86612,0.0195,-0.3321,0.0195,0.1368,-0.3712,-0.0195,-0.0195,-0.4884,0.0195,0.0586,-0.5665,0.0195,-0.40733,-0.06993,-0.68641,0.57414,-0.05410,-0.97448,-0.50647,0.41554,-1.27327,0.42959,0.37810,-0.86612,0.037,0.256,0.037,0.110,-0.110,-0.110,0.037,0.256,0.110,-0.183,-0.110,-0.110,0.00,3.000
6.0050,exit_damp,0.9,-0.9998,nan,-0.40722,-0.07073,-0.68638,0.57429,-0.05640,-0.97448,-0.50659,0.41287,-1.27318,0.42952,0.37810,-0.86612,0.0195,-0.2930,0.0586,0.0195,-0.4493,0.0195,-0.1368,-0.4884,-0.0586,-0.0195,-0.5665,0.0195,-0.40722,-0.07073,-0.68638,0.57429,-0.05640,-0.97448,-0.50659,0.41287,-1.27318,0.42952,0.37810,-0.86612,0.110,0.183,-0.037,0.183,-0.110,-0.110,0.037,0.110,0.110,-0.110,-0.110,-0.110,0.00,3.000
6.0100,exit_damp,0.8,-0.9998,nan,-0.40722,-0.07219,-0.68638,0.57429,-0.05816,-0.97442,-0.50647,0.41020,-1.27327,0.42941,0.37810,-0.86607,0.0195,-0.1758,0.0586,0.0195,-0.5275,-0.0586,0.0195,-0.4884,0.0977,-0.0977,-0.5665,-0.0195,-0.40722,-0.07219,-0.68638,0.57429,-0.05816,-0.97442,-0.50647,0.41020,-1.27327,0.42941,0.37810,-0.86607,0.037,0.110,-0.037,0.183,-0.110,-0.110,-0.037,0.183,0.110,-0.110,-0.110,0.037,0.00,3.000
6.0150,exit_damp,0.8,-0.9998,nan,-0.40722,-0.07355,-0.68633,0.57436,-0.06017,-0.97442,-0.50647,0.40860,-1.27327,0.42930,0.37810,-0.86607,0.0195,-0.0977,0.0195,0.0977,-0.0977,-0.0586,-0.0195,-0.2149,0.0977,-0.1368,-0.5665,-0.0195,-0.40722,-0.07355,-0.68633,0.57436,-0.06017,-0.97442,-0.50647,0.40860,-1.27327,0.42930,0.37810,-0.86607,0.037,0.330,0.110,0.183,0.403,-0.110,0.037,0.842,0.110,-0.110,-0.110,0.037,0.00,3.000
6.0200,exit_damp,0.8,-0.9998,nan,-0.40718,-0.07373,-0.68638,0.57436,-0.06013,-0.97448,-0.50662,0.40710,-1.27327,0.42930,0.37810,-0.86607,0.1368,-0.0586,-0.0195,0.0195,-0.0195,0.0195,-0.1758,-0.2540,0.0195,-0.0586,-0.5665,-0.0195,-0.40718,-0.07373,-0.68638,0.57436,-0.06013,-0.97448,-0.50662,0.40710,-1.27327,0.42930,0.37810,-0.86607,0.037,0.256,0.110,0.037,-0.110,-0.037,-0.110,1.062,0.110,-0.110,-0.110,0.037,0.00,3.000
6.0250,exit_damp,0.8,-0.9998,nan,-0.40707,-0.07409,-0.68647,0.57436,-0.06006,-0.97451,-0.50659,0.40578,-1.27327,0.42923,0.36878,-0.86607,0.0586,0.0195,0.0195,0.0195,-0.0977,-0.0195,-0.0195,-0.2540,0.0195,-0.0195,-0.0195,-0.0586,-0.40707,-0.07409,-0.68647,0.57436,-0.06006,-0.97451,-0.50659,0.40578,-1.27327,0.42923,0.36878,-0.86607,0.037,0.476,0.183,0.037,-0.110,-0.110,-0.037,0.989,0.110,-0.037,-0.256,-0.037,0.00,3.000
6.0300,exit_damp,0.8,-0.9998,nan,-0.40707,-0.07442,-0.68641,0.57429,-0.06024,-0.97448,-0.50669,0.40417,-1.27327,0.42923,0.36761,-0.86607,0.0195,-0.1368,0.0195,0.0977,-0.0195,-0.0977,-0.0195,-0.2540,0.0977,0.0195,-0.2930,-0.0586,-0.40707,-0.07442,-0.68641,0.57429,-0.06024,-0.97448,-0.50669,0.40417,-1.27327,0.42923,0.36761,-0.86607,0.037,0.330,0.110,0.110,-0.037,-0.110,-0.037,0.842,0.183,-0.037,0.696,-0.037,0.00,3.000
6.0350,exit_damp,0.7,-0.9998,nan,-0.40697,-0.07497,-0.68647,0.57436,-0.06031,-0.97448,-0.50669,0.40308,-1.27327,0.42905,0.36608,-0.86607,0.0195,-0.0586,0.0195,-0.0586,-0.1368,0.0586,-0.0195,-0.2930,-0.0586,-0.0586,-0.2149,-0.0586,-0.40697,-0.07497,-0.68647,0.57436,-0.06031,-0.97448,-0.50669,0.40308,-1.27327,0.42905,0.36608,-0.86607,0.110,0.476,0.256,0.183,-0.110,-0.110,-0.330,0.696,0.110,-0.037,0.476,-0.037,0.00,3.000
6.0400,exit_damp,0.7,-0.9998,nan,-0.40697,-0.07505,-0.68641,0.57436,-0.06031,-0.97442,-0.50662,0.40238,-1.27318,0.42894,0.36608,-0.86612,0.0195,0.0195,-0.0195,0.0977,-0.0195,-0.0586,-0.0977,-0.0977,0.0195,-0.0977,-0.2149,0.0195,-0.40697,-0.07505,-0.68641,0.57436,-0.06031,-0.97442,-0.50662,0.40238,-1.27318,0.42894,0.36608,-0.86612,0.183,0.256,0.183,0.256,-0.110,-0.110,-0.110,0.549,0.183,-0.037,0.476,-0.183,0.00,3.000
6.0450,exit_damp,0.7,-0.9998,nan,-0.40697,-0.07534,-0.68641,0.57429,-0.06039,-0.97442,-0.50662,0.40187,-1.27327,0.42890,0.36505,-0.86615,0.0195,-0.0586,-0.0195,-0.0195,0.0195,-0.0195,-0.0195,-0.0977,-0.0586,0.0977,-0.1758,0.0195,-0.40697,-0.07534,-0.68641,0.57429,-0.06039,-0.97442,-0.50662,0.40187,-1.27327,0.42890,0.36505,-0.86615,0.183,0.256,0.183,0.037,-0.037,-0.330,-0.330,0.330,0.110,-0.110,0.183,-0.037,0.00,3.000
6.0500,exit_damp,0.7,-0.9998,nan,-0.40697,-0.07537,-0.68641,0.57436,-0.06050,-0.97442,-0.50669,0.40168,-1.27318,0.42894,0.36410,-0.86612,0.0977,0.0195,0.0195,0.0586,0.0586,-0.0195,-0.0195,0.0195,-0.0195,0.0195,-0.0977,0.0195,-0.40697,-0.07537,-0.68641,0.57436,-0.06050,-0.97442,-0.50669,0.40168,-1.27318,0.42894,0.36410,-0.86612,0.110,0.110,0.110,0.110,-0.037,-0.330,-0.110,0.330,0.183,-0.110,0.256,-0.256,0.00,3.000
6.0550,exit_damp,0.7,-0.9998,nan,-0.40697,-0.07559,-0.68641,0.57436,-0.06057,-0.97448,-0.50677,0.40114,-1.27327,0.42894,0.36410,-0.86612,-0.0977,0.0195,0.0195,0.0195,-0.0977,0.0195,-0.0195,-0.0977,0.0195,-0.0195,-0.1368,-0.0586,-0.40697,-0.07559,-0.68641,0.57436,-0.06057,-0.97448,-0.50677,0.40114,-1.27327,0.42894,0.36410,-0.86612,0.037,0.256,0.037,0.110,-0.037,-0.110,-0.110,0.330,0.110,-0.183,0.110,0.037,0.00,3.000
6.0600,exit_damp,0.6,-0.9998,nan,-0.40678,-0.07567,-0.68641,0.57436,-0.06057,-0.97448,-0.50677,0.40084,-1.27318,0.42897,0.36385,-0.86612,0.0195,-0.1368,0.0195,0.0195,0.0586,-0.0195,0.0586,0.0586,-0.1758,0.0195,-0.1368,0.0195,-0.40678,-0.07567,-0.68641,0.57436,-0.06057,-0.97448,-0.50677,0.40084,-1.27318,0.42897,0.36385,-0.86612,0.037,0.256,0.110,0.256,-0.110,-0.110,-0.110,0.403,0.183,-0.183,0.037,-0.183,0.00,3.000
6.0650,exit_damp,0.6,-0.9998,nan,-0.40686,-0.07589,-0.68633,0.57436,-0.06075,-0.97442,-0.50691,0.40033,-1.27318,0.42905,0.36385,-0.86612,0.0195,0.0195,-0.0195,0.0195,-0.0195,0.0195,-0.0195,-0.0977,-0.0195,0.0195,-0.1368,-0.0195,-0.40686,-0.07589,-0.68633,0.57436,-0.06075,-0.97442,-0.50691,0.40033,-1.27318,0.42905,0.36385,-0.86612,0.110,0.256,0.110,0.183,-0.037,-0.110,-0.037,0.403,0.110,-0.110,0.037,-0.256,0.00,3.000
6.0700,exit_damp,0.6,-0.9998,nan,-0.40678,-0.07607,-0.68641,0.57436,-0.06075,-0.97442,-0.50699,0.40004,-1.27318,0.42905,0.36385,-0.86612,0.0195,-0.0586,-0.0586,0.0195,-0.0195,0.0195,-0.0977,-0.0586,0.0977,-0.0195,-0.1368,-0.0195,-0.40678,-0.07607,-0.68641,0.57436,-0.06075,-0.97442,-0.50699,0.40004,-1.27318,0.42905,0.36385,-0.86612,0.037,0.256,0.037,0.110,-0.037,-0.110,-0.037,0.330,0.110,-0.110,0.037,-0.110,0.00,3.000
6.0750,exit_damp,0.6,-0.9998,nan,-0.40675,-0.07611,-0.68641,0.57436,-0.06086,-0.97448,-0.50717,0.39975,-1.27321,0.42916,0.36341,-0.86612,0.0977,0.0195,-0.0195,0.0977,-0.0195,0.0195,-0.1368,-0.0977,0.0195,-0.0195,0.0586,-0.0195,-0.40675,-0.07611,-0.68641,0.57436,-0.06086,-0.97448,-0.50717,0.39975,-1.27321,0.42916,0.36341,-0.86612,0.037,0.256,0.110,0.183,-0.110,-0.256,-0.183,0.330,0.110,-0.110,-0.110,-0.110,0.00,3.000
6.0800,exit_damp,0.5,-0.9998,nan,-0.40671,-0.07633,-0.68641,0.57440,-0.06097,-0.97442,-0.50717,0.39953,-1.27318,0.42912,0.36341,-0.86615,0.0195,-0.0977,-0.0195,-0.0586,-0.0195,-0.0586,-0.0195,-0.0977,0.0586,-0.0195,0.0586,-0.0195,-0.40671,-0.07633,-0.68641,0.57440,-0.06097,-0.97442,-0.50717,0.39953,-1.27318,0.42912,0.36341,-0.86615,0.037,0.256,0.110,0.183,-0.110,-0.110,-0.330,0.330,0.110,-0.110,-0.110,-0.037,0.00,3.000
6.0850,exit_damp,0.5,-0.9998,nan,-0.40667,-0.07647,-0.68641,0.57436,-0.06094,-0.97448,-0.50721,0.39942,-1.27318,0.42923,0.36341,-0.86615,0.0586,0.0195,0.0195,0.0195,0.0195,-0.0195,-0.0195,0.0195,0.0586,-0.0195,0.0586,-0.0195,-0.40667,-0.07647,-0.68641,0.57436,-0.06094,-0.97448,-0.50721,0.39942,-1.27318,0.42923,0.36341,-0.86615,0.037,0.256,0.183,0.110,-0.183,-0.110,-0.037,0.256,0.183,-0.183,-0.110,-0.037,0.00,3.000
6.0900,exit_damp,0.5,-0.9998,nan,-0.40667,-0.07651,-0.68641,0.57436,-0.06112,-0.97448,-0.50732,0.39931,-1.27318,0.42923,0.36323,-0.86615,0.0195,-0.0195,0.0195,0.1368,-0.0195,-0.0195,-0.0195,-0.0195,0.0586,0.0586,0.0195,-0.0195,-0.40667,-0.07651,-0.68641,0.57436,-0.06112,-0.97448,-0.50732,0.39931,-1.27318,0.42923,0.36323,-0.86615,0.037,0.256,0.183,0.037,-0.037,-0.110,-0.110,0.110,0.183,-0.183,-0.037,-0.037,0.00,3.000
6.0950,exit_damp,0.5,-0.9998,nan,-0.40660,-0.07665,-0.68641,0.57436,-0.06112,-0.97448,-0.50732,0.39931,-1.27318,0.42941,0.36323,-0.86615,0.0195,0.0195,0.0195,0.0977,-0.0586,-0.0195,-0.0586,-0.0977,0.0195,0.0586,0.0195,-0.0195,-0.40660,-0.07665,-0.68641,0.57436,-0.06112,-0.97448,-0.50732,0.39931,-1.27318,0.42941,0.36323,-0.86615,0.110,0.256,0.110,0.110,-0.110,-0.110,-0.110,0.037,0.110,-0.183,-0.110,-0.037,0.00,3.000
6.1000,exit_damp,0.5,-0.9998,nan,-0.40660,-0.07658,-0.68641,0.57436,-0.06123,-0.97448,-0.50739,0.39920,-1.27315,0.42941,0.36323,-0.86612,0.0195,0.0195,0.0586,-0.0195,-0.0195,-0.0195,-0.0195,0.0195,0.0195,-0.0195,0.0195,0.0586,-0.40660,-0.07658,-0.68641,0.57436,-0.06123,-0.97448,-0.50739,0.39920,-1.27315,0.42941,0.36323,-0.86612,0.183,0.037,0.037,0.183,-0.110,-0.110,-0.110,0.110,0.183,-0.256,-0.110,-0.256,0.00,3.000
6.1050,exit_damp,0.4,-0.9998,nan,-0.40649,-0.07658,-0.68638,0.57436,-0.06130,-0.97448,-0.50735,0.39909,-1.27318,0.42941,0.36323,-0.86612,-0.0977,0.0195,-0.0195,0.0195,-0.0977,-0.0195,-0.0195,0.0586,0.0195,-0.1368,0.0195,0.0586,-0.40649,-0.07658,-0.68638,0.57436,-0.06130,-0.97448,-0.50735,0.39909,-1.27318,0.42941,0.36323,-0.86612,0.110,0.183,0.183,0.110,-0.037,-0.110,-0.110,0.330,0.110,-0.183,-0.110,-0.256,0.00,3.000
6.1100,exit_damp,0.4,-0.9998,nan,-0.40649,-0.07651,-0.68641,0.57436,-0.06141,-0.97442,-0.50746,0.39902,-1.27318,0.42948,0.36323,-0.86612,0.0195,0.0195,0.0195,0.0195,0.0586,-0.0195,0.0977,-0.0977,0.0195,0.0586,0.0195,0.0586,-0.40649,-0.07651,-0.68641,0.57436,-0.06141,-0.97442,-0.50746,0.39902,-1.27318,0.42948,0.36323,-0.86612,0.037,0.256,0.183,0.183,-0.037,-0.256,-0.037,0.183,0.110,-0.183,-0.110,-0.256,0.00,3.000
6.1150,exit_damp,0.4,-0.9998,nan,-0.40645,-0.07647,-0.68641,0.57436,-0.06156,-0.97448,-0.50732,0.39872,-1.27315,0.42959,0.36323,-0.86612,0.0195,0.0195,0.0195,0.0195,-0.0977,-0.0195,-0.0195,-0.0586,0.0586,0.0195,0.0195,0.0586,-0.40645,-0.07647,-0.68641,0.57436,-0.06156,-0.97448,-0.50732,0.39872,-1.27315,0.42959,0.36323,-0.86612,0.183,0.110,0.110,0.110,-0.183,-0.110,-0.330,0.256,0.110,-0.183,-0.110,-0.256,0.00,3.000
6.1200,exit_damp,0.4,-0.9998,nan,-0.40649,-0.07651,-0.68633,0.57436,-0.06167,-0.97448,-0.50746,0.39858,-1.27315,0.42970,0.36323,-0.86612,0.0977,0.0195,0.0586,-0.0195,-0.1368,-0.0195,0.1368,-0.0586,-0.0195,-0.0586,0.0195,0.0195,-0.40649,-0.07651,-0.68633,0.57436,-0.06167,-0.97448,-0.50746,0.39858,-1.27315,0.42970,0.36323,-0.86612,0.183,0.183,0.183,0.183,-0.110,-0.110,-0.110,0.256,0.110,-0.183,-0.110,-0.037,0.00,3.000
6.1250,exit_damp,0.4,-0.9998,nan,-0.40642,-0.07647,-0.68641,0.57440,-0.06167,-0.97442,-0.50735,0.39850,-1.27318,0.42967,0.36301,-0.86609,0.0195,-0.0195,0.0195,0.0977,-0.0586,-0.0195,0.0195,0.1368,0.0586,-0.0586,-0.0195,0.0195,-0.40642,-0.07647,-0.68641,0.57440,-0.06167,-0.97442,-0.50735,0.39850,-1.27318,0.42967,0.36301,-0.86609,0.037,0.037,0.183,0.037,-0.037,-0.110,-0.110,0.256,0.110,-0.110,-0.110,-0.110,0.00,3.000
6.1300,exit_damp,0.4,-0.9998,nan,-0.40638,-0.07651,-0.68641,0.57436,-0.06178,-0.97448,-0.50735,0.39832,-1.27315,0.42978,0.36286,-0.86612,0.0586,-0.1368,0.0195,0.0586,0.0195,-0.0195,-0.0195,-0.0586,0.0195,0.0586,-0.0195,-0.0195,-0.40638,-0.07651,-0.68641,0.57436,-0.06178,-0.97448,-0.50735,0.39832,-1.27315,0.42978,0.36286,-0.86612,0.037,0.183,0.110,0.183,-0.037,-0.183,-0.037,0.256,0.183,-0.183,-0.037,-0.256,0.00,3.000
6.1350,exit_damp,0.3,-0.9998,nan,-0.40638,-0.07651,-0.68638,0.57429,-0.06185,-0.97442,-0.50739,0.39810,-1.27315,0.42978,0.36275,-0.86612,0.0195,0.0586,-0.0586,0.0977,-0.0195,0.0195,-0.0195,-0.0586,0.0195,-0.0586,-0.1368,-0.0195,-0.40638,-0.07651,-0.68638,0.57429,-0.06185,-0.97442,-0.50739,0.39810,-1.27315,0.42978,0.36275,-0.86612,0.110,0.110,0.110,0.183,-0.037,-0.110,-0.110,0.183,0.183,-0.110,0.037,-0.183,0.00,3.000
6.1400,exit_damp,0.3,-0.9998,nan,-0.40642,-0.07654,-0.68638,0.57436,-0.06203,-0.97442,-0.50735,0.39788,-1.27318,0.42970,0.36257,-0.86609,0.0195,0.0977,0.0586,0.0195,-0.1368,-0.0195,-0.0195,0.0195,-0.0586,-0.0586,-0.0977,-0.0195,-0.40642,-0.07654,-0.68638,0.57436,-0.06203,-0.97442,-0.50735,0.39788,-1.27318,0.42970,0.36257,-0.86609,0.037,0.256,0.183,0.110,-0.037,-0.256,-0.183,0.110,0.110,-0.183,-0.037,-0.037,0.00,3.000
6.1450,exit_damp,0.3,-0.9998,nan,-0.40638,-0.07658,-0.68638,0.57436,-0.06203,-0.97448,-0.50735,0.39777,-1.27318,0.42970,0.36242,-0.86612,0.0195,0.0977,0.0195,0.0977,-0.0195,-0.0195,0.0977,-0.0977,0.0195,-0.0195,-0.0195,-0.0195,-0.40638,-0.07658,-0.68638,0.57436,-0.06203,-0.97448,-0.50735,0.39777,-1.27318,0.42970,0.36242,-0.86612,0.110,0.037,0.037,0.037,-0.037,-0.256,-0.256,0.110,0.183,-0.110,-0.037,-0.110,0.00,3.000
6.1500,exit_damp,0.3,-0.9998,nan,-0.40638,-0.07665,-0.68638,0.57429,-0.06210,-0.97448,-0.50735,0.39759,-1.27318,0.42970,0.36231,-0.86612,0.0195,0.0195,0.0586,0.0195,-0.1368,-0.0195,-0.1368,0.0195,0.0195,-0.0977,-0.0195,-0.0586,-0.40638,-0.07665,-0.68638,0.57429,-0.06210,-0.97448,-0.50735,0.39759,-1.27318,0.42970,0.36231,-0.86612,0.183,0.110,0.110,0.183,-0.037,-0.256,-0.110,0.110,0.110,-0.183,-0.037,-0.110,0.00,3.000
6.1550,exit_damp,0.2,-0.9998,nan,-0.40638,-0.07673,-0.68641,0.57440,-0.06222,-0.97448,-0.50746,0.39748,-1.27318,0.42970,0.36231,-0.86615,-0.0195,0.0195,-0.0195,0.0977,0.0586,-0.0195,-0.0195,-0.0977,-0.0586,-0.0586,-0.0195,-0.0195,-0.40638,-0.07673,-0.68641,0.57440,-0.06222,-0.97448,-0.50746,0.39748,-1.27318,0.42970,0.36231,-0.86615,0.183,0.183,0.110,0.110,-0.110,-0.183,-0.037,0.183,0.110,-0.110,-0.037,-0.183,0.00,3.000
6.1600,exit_damp,0.2,-0.9998,nan,-0.40645,-0.07680,-0.68641,0.57436,-0.06229,-0.97442,-0.50750,0.39737,-1.27318,0.42970,0.36213,-0.86615,0.0195,-0.1368,-0.0195,0.0195,-0.0977,0.0195,-0.0195,0.0195,0.0195,0.0195,-0.0195,0.0195,-0.40645,-0.07680,-0.68641,0.57436,-0.06229,-0.97442,-0.50750,0.39737,-1.27318,0.42970,0.36213,-0.86615,0.183,0.256,0.110,0.110,-0.037,-0.110,-0.110,0.110,0.110,-0.037,-0.037,-0.256,0.00,3.000
6.1650,exit_damp,0.2,-0.9998,nan,-0.40634,-0.07687,-0.68641,0.57440,-0.06232,-0.97448,-0.50761,0.39726,-1.27318,0.42970,0.36202,-0.86612,-0.0195,0.0195,-0.0195,0.0586,-0.0586,-0.0586,-0.0586,0.0195,0.0195,-0.0195,-0.0195,0.0195,-0.40634,-0.07687,-0.68641,0.57440,-0.06232,-0.97448,-0.50761,0.39726,-1.27318,0.42970,0.36202,-0.86612,0.110,0.183,0.110,0.183,-0.110,-0.110,-0.037,0.256,0.110,-0.037,-0.110,-0.183,0.00,3.000
6.1700,exit_damp,0.2,-0.9998,nan,-0.40631,-0.07702,-0.68641,0.57436,-0.06240,-0.97448,-0.50761,0.39719,-1.27318,0.42970,0.36187,-0.86612,0.0195,0.0195,0.0195,0.0195,-0.0195,-0.0195,-0.0195,0.0195,0.0977,-0.0195,-0.0195,-0.0195,-0.40631,-0.07702,-0.68641,0.57436,-0.06240,-0.97448,-0.50761,0.39719,-1.27318,0.42970,0.36187,-0.86612,0.110,0.256,0.183,0.110,-0.110,-0.183,-0.110,0.256,0.183,-0.037,-0.037,0.037,0.00,3.000
6.1750,exit_damp,0.2,-0.9998,nan,-0.40631,-0.07702,-0.68638,0.57429,-0.06247,-0.97448,-0.50761,0.39708,-1.27318,0.42970,0.36176,-0.86612,-0.0586,0.0195,-0.0195,0.0195,-0.0195,-0.0195,-0.0195,0.0195,0.0195,-0.0977,-0.0195,0.0195,-0.40631,-0.07702,-0.68638,0.57429,-0.06247,-0.97448,-0.50761,0.39708,-1.27318,0.42970,0.36176,-0.86612,0.183,0.256,0.183,0.110,-0.183,-0.110,-0.037,0.110,0.110,-0.037,-0.110,-0.110,0.00,3.000
6.1800,exit_damp,0.1,-0.9998,nan,-0.40631,-0.07713,-0.68638,0.57440,-0.06258,-0.97442,-0.50761,0.39686,-1.27315,0.42978,0.36165,-0.86612,-0.0586,-0.0195,0.0586,0.0195,-0.1368,-0.0195,-0.0586,-0.0977,0.0195,-0.0195,-0.1368,0.0195,-0.40631,-0.07713,-0.68638,0.57440,-0.06258,-0.97442,-0.50761,0.39686,-1.27315,0.42978,0.36165,-0.86612,0.037,0.256,0.110,0.110,-0.110,-0.110,-0.110,0.110,0.110,-0.110,0.037,-0.256,0.00,3.000
6.1850,exit_damp,0.1,-0.9998,nan,-0.40634,-0.07720,-0.68641,0.57436,-0.06265,-0.97448,-0.50761,0.39664,-1.27318,0.42978,0.36154,-0.86615,-0.0586,0.0195,0.0586,0.0195,0.0586,-0.0586,-0.0195,-0.0195,0.0195,-0.0977,-0.0195,-0.0195,-0.40634,-0.07720,-0.68641,0.57436,-0.06265,-0.97448,-0.50761,0.39664,-1.27318,0.42978,0.36154,-0.86615,0.110,0.183,0.037,0.110,-0.110,-0.110,-0.037,0.256,0.110,-0.037,0.110,-0.110,0.00,3.000
6.1900,exit_damp,0.1,-0.9998,nan,-0.40631,-0.07720,-0.68638,0.57436,-0.06276,-0.97448,-0.50761,0.39646,-1.27318,0.42970,0.36122,-0.86612,0.0195,-0.1368,0.0586,-0.0195,-0.0195,-0.0195,-0.0195,-0.0195,0.0195,-0.0195,-0.0977,-0.0195,-0.40631,-0.07720,-0.68638,0.57436,-0.06276,-0.97448,-0.50761,0.39646,-1.27318,0.42970,0.36122,-0.86612,0.037,0.037,0.110,0.183,-0.110,-0.110,-0.256,0.183,0.110,-0.183,-0.037,-0.037,0.00,3.000
6.1950,exit_damp,0.1,-0.9998,nan,-0.40631,-0.07727,-0.68641,0.57436,-0.06284,-0.97442,-0.50746,0.39646,-1.27318,0.42970,0.36103,-0.86615,0.0195,0.0977,0.0586,0.0586,-0.0195,0.0195,-0.0195,0.0195,-0.0195,-0.0195,-0.0195,-0.0586,-0.40631,-0.07727,-0.68641,0.57436,-0.06284,-0.97442,-0.50746,0.39646,-1.27318,0.42970,0.36103,-0.86615,0.183,0.256,0.110,0.110,-0.037,-0.110,-0.110,0.256,0.183,-0.037,-0.037,-0.256,0.00,3.000
6.2000,exit_damp,0.1,-0.9998,nan,-0.40638,-0.07727,-0.68638,0.57436,-0.06284,-0.97448,-0.50761,0.39624,-1.27318,0.42970,0.36096,-0.86615,0.0195,0.0195,0.0586,0.0195,0.0586,0.0195,-0.0195,-0.0586,0.0195,-0.0195,-0.0195,-0.0195,-0.40638,-0.07727,-0.68638,0.57436,-0.06284,-0.97448,-0.50761,0.39624,-1.27318,0.42970,0.36096,-0.86615,0.110,0.256,0.110,0.256,-0.037,-0.110,-0.110,0.183,0.110,-0.183,-0.037,-0.110,0.00,3.000
6.2050,exit_damp,0.1,-0.9998,nan,-0.40627,-0.07727,-0.68641,0.57451,-0.06295,-0.97448,-0.50761,0.39606,-1.27318,0.42970,0.36067,-0.86615,0.0195,-0.0586,0.0586,0.0586,-0.0195,0.0195,-0.0195,-0.0195,0.0195,-0.0586,-0.0977,-0.0195,-0.40627,-0.07727,-0.68641,0.57451,-0.06295,-0.97448,-0.50761,0.39606,-1.27318,0.42970,0.36067,-0.86615,0.183,0.037,0.110,0.110,-0.110,-0.256,-0.110,0.256,0.110,-0.183,-0.037,-0.256,0.00,3.000
6.2100,exit_damp,0.0,-0.9998,nan,-0.40631,-0.07727,-0.68641,0.57436,-0.06302,-0.97448,-0.50761,0.39595,-1.27318,0.42970,0.36041,-0.86612,0.0195,-0.0586,0.0195,0.0195,-0.0195,-0.0195,-0.0195,-0.0195,0.0977,0.0195,-0.0195,0.0195,-0.40631,-0.07727,-0.68641,0.57436,-0.06302,-0.97448,-0.50761,0.39595,-1.27318,0.42970,0.36041,-0.86612,0.183,0.037,0.110,0.110,-0.037,-0.330,-0.110,0.110,0.110,-0.037,0.037,-0.256,0.00,3.000
6.2150,exit_damp,1.0,-0.9998,nan,-0.40623,-0.07735,-0.68641,0.57436,-0.06313,-0.97448,-0.50761,0.39580,-1.27318,0.42970,0.36041,-0.86612,0.0977,0.0195,0.0586,0.0195,0.0977,-0.0195,-0.0195,0.0195,0.0195,-0.0195,-0.0195,0.0195,-0.40623,-0.07735,-0.68641,0.57436,-0.06313,-0.97448,-0.50761,0.39580,-1.27318,0.42970,0.36041,-0.86612,0.110,0.256,0.183,0.183,0.037,-0.110,-0.110,0.183,0.110,-0.183,0.037,-0.110,0.00,3.000
6.2200,exit_damp,1.0,-0.9998,nan,-0.40631,-0.07720,-0.68638,0.57429,-0.06320,-0.97448,-0.50765,0.39562,-1.27318,0.42970,0.36019,-0.86609,0.0195,0.0195,0.0195,-0.0195,-0.0977,-0.0586,-0.0195,0.0195,-0.0195,0.0195,0.0195,-0.0195,-0.40631,-0.07720,-0.68638,0.57429,-0.06320,-0.97448,-0.50765,0.39562,-1.27318,0.42970,0.36019,-0.86609,0.183,0.110,0.110,0.183,-0.110,-0.110,-0.110,0.330,0.110,-0.183,-0.037,-0.110,0.00,3.000
6.2250,exit_damp,1.0,-0.9998,nan,-0.40623,-0.07720,-0.68641,0.57436,-0.06324,-0.97448,-0.50765,0.39554,-1.27327,0.42959,0.35994,-0.86615,0.0195,0.0977,0.0195,-0.0195,-0.0586,-0.0586,-0.0195,-0.0586,0.0195,-0.0586,-0.0977,-0.0195,-0.40623,-0.07720,-0.68641,0.57436,-0.06324,-0.97448,-0.50765,0.39554,-1.27327,0.42959,0.35994,-0.86615,0.183,0.256,0.110,0.183,-0.037,-0.183,-0.037,0.110,0.110,-0.183,-0.037,-0.256,0.00,3.000
6.2300,exit_damp,0.9,-0.9998,nan,-0.40631,-0.07720,-0.68641,0.57436,-0.06331,-0.97448,-0.50761,0.39540,-1.27318,0.42970,0.35975,-0.86621,0.0195,0.0195,0.0195,0.0195,-0.0586,-0.0195,-0.0195,0.0195,0.0195,0.0195,-0.0195,-0.0195,-0.40631,-0.07720,-0.68641,0.57436,-0.06331,-0.97448,-0.50761,0.39540,-1.27318,0.42970,0.35975,-0.86621,0.110,0.256,0.110,0.110,-0.037,-0.110,-0.110,0.110,0.110,-0.110,0.037,-0.110,0.00,3.000
6.2350,exit_damp,1.0,-0.9998,nan,-0.40631,-0.07720,-0.68641,0.57440,-0.06339,-0.97448,-0.50757,0.39532,-1.27318,0.42970,0.35968,-0.86612,0.0195,0.0195,0.0586,0.0195,-0.0195,-0.0586,0.0195,0.1368,0.0195,-0.0195,-0.0195,-0.0586,-0.40631,-0.07720,-0.68641,0.57440,-0.06339,-0.97448,-0.50757,0.39532,-1.27318,0.42970,0.35968,-0.86612,0.037,0.037,0.183,0.110,-0.110,-0.110,-0.110,0.183,0.110,-0.110,-0.037,-0.110,0.00,3.000
6.2400,exit_damp,0.9,-0.9998,nan,-0.40631,-0.07720,-0.68641,0.57436,-0.06346,-0.97448,-0.50761,0.39521,-1.27315,0.42963,0.35946,-0.86609,-0.0195,0.0195,0.0195,0.0195,-0.0195,0.0586,-0.0195,-0.0977,0.0586,-0.0195,-0.0195,0.0195,-0.40631,-0.07720,-0.68641,0.57436,-0.06346,-0.97448,-0.50761,0.39521,-1.27315,0.42963,0.35946,-0.86609,0.037,-0.037,0.110,0.110,-0.110,-0.110,-0.183,0.330,0.110,-0.183,-0.037,0.037,0.00,3.000
6.2450,exit_damp,0.9,-0.9998,nan,-0.40620,-0.07720,-0.68641,0.57436,-0.06368,-0.97448,-0.50754,0.39489,-1.27318,0.42970,0.35913,-0.86615,0.0195,0.0195,0.0195,0.0195,-0.0195,0.0195,-0.0195,0.0586,0.1368,-0.0195,-0.0195,0.0195,-0.40620,-0.07720,-0.68641,0.57436,-0.06368,-0.97448,-0.50754,0.39489,-1.27318,0.42970,0.35913,-0.86615,0.183,0.256,0.037,0.110,-0.110,-0.110,-0.037,0.330,0.110,-0.110,-0.037,-0.110,0.00,3.000
6.2500,exit_damp,0.9,-0.9998,nan,-0.40631,-0.07713,-0.68641,0.57436,-0.06368,-0.97451,-0.50750,0.39478,-1.27318,0.42970,0.35902,-0.86612,0.0977,0.0977,0.0195,0.0195,-0.0586,-0.0195,0.0195,-0.0586,-0.0195,-0.0586,-0.0586,-0.0195,-0.40631,-0.07713,-0.68641,0.57436,-0.06368,-0.97451,-0.50750,0.39478,-1.27318,0.42970,0.35902,-0.86612,0.037,0.256,0.110,0.110,-0.037,-0.110,-0.256,0.256,0.110,-0.110,-0.037,-0.183,0.00,3.000
6.2550,exit_damp,0.8,-0.9998,nan,-0.40631,-0.07720,-0.68641,0.57440,-0.06368,-0.97448,-0.50761,0.39448,-1.27315,0.42970,0.35891,-0.86615,0.0586,0.1758,0.0195,0.0586,-0.1368,0.0195,0.0195,-0.0195,0.0586,0.0195,-0.1368,-0.0586,-0.40631,-0.07720,-0.68641,0.57440,-0.06368,-0.97448,-0.50761,0.39448,-1.27315,0.42970,0.35891,-0.86615,0.183,0.037,0.110,0.183,-0.037,-0.183,-0.110,0.183,0.110,-0.183,0.037,-0.256,0.00,3.000
6.2600,exit_damp,0.8,-0.9998,nan,-0.40631,-0.07720,-0.68638,0.57436,-0.06375,-0.97448,-0.50761,0.39426,-1.27318,0.42967,0.35858,-0.86612,-0.0586,-0.0586,0.0586,0.0195,-0.0586,0.0195,0.0195,0.0195,-0.0195,-0.0195,-0.0195,0.0195,-0.40631,-0.07720,-0.68638,0.57436,-0.06375,-0.97448,-0.50761,0.39426,-1.27318,0.42967,0.35858,-0.86612,0.037,0.037,0.110,0.110,-0.110,-0.110,-0.110,0.183,0.110,-0.110,-0.037,-0.037,0.00,3.000
6.2650,exit_damp,0.8,-0.9998,nan,-0.40631,-0.07727,-0.68638,0.57440,-0.06393,-0.97448,-0.50761,0.39394,-1.27318,0.42970,0.35822,-0.86624,0.0195,0.0195,0.0195,0.0195,-0.0195,-0.0586,-0.0195,-0.0195,0.0195,0.0195,-0.0977,-0.0195,-0.40631,-0.07727,-0.68638,0.57440,-0.06393,-0.97448,-0.50761,0.39394,-1.27318,0.42970,0.35822,-0.86624,0.037,0.110,0.110,0.183,-0.037,-0.037,-0.183,0.330,0.110,-0.110,-0.037,-0.110,0.00,3.000
6.2700,exit_damp,0.8,-0.9998,nan,-0.40631,-0.07735,-0.68641,0.57440,-0.06401,-0.97442,-0.50761,0.39386,-1.27318,0.42967,0.35822,-0.86612,0.0586,0.0977,0.0586,0.0195,-0.0195,-0.0586,-0.0195,0.0195,0.0195,0.0586,-0.0977,0.0195,-0.40631,-0.07735,-0.68641,0.57440,-0.06401,-0.97442,-0.50761,0.39386,-1.27318,0.42967,0.35822,-0.86612,0.183,0.183,0.110,0.110,-0.110,-0.110,-0.110,0.256,0.110,-0.110,0.037,-0.110,0.00,3.000
6.2750,exit_damp,0.8,-0.9998,nan,-0.40620,-0.07735,-0.68641,0.57436,-0.06412,-0.97442,-0.50765,0.39346,-1.27318,0.42967,0.35785,-0.86612,0.0195,0.0195,0.0195,-0.0586,-0.0195,-0.0195,-0.0195,0.0195,0.0195,-0.0195,-0.0195,-0.0586,-0.40620,-0.07735,-0.68641,0.57436,-0.06412,-0.97442,-0.50765,0.39346,-1.27318,0.42967,0.35785,-0.86612,0.110,0.256,0.110,0.110,-0.037,-0.110,-0.110,0.256,0.110,-0.037,0.037,-0.110,0.00,3.000
6.2800,exit_damp,0.7,-0.9998,nan,-0.40631,-0.07735,-0.68641,0.57436,-0.06415,-0.97448,-0.50765,0.39324,-1.27318,0.42970,0.35749,-0.86615,-0.0586,0.0977,0.0195,0.0586,-0.0586,0.0195,-0.0195,-0.0977,-0.0195,0.0195,-0.0977,0.0195,-0.40631,-0.07735,-0.68641,0.57436,-0.06415,-0.97448,-0.50765,0.39324,-1.27318,0.42970,0.35749,-0.86615,0.183,0.110,0.183,0.183,-0.110,-0.110,-0.110,0.256,0.256,-0.110,-0.037,-0.256,0.00,3.000
6.2850,exit_damp,0.7,-0.9998,nan,-0.40623,-0.07742,-0.68641,0.57440,-0.06437,-0.97448,-0.50761,0.39306,-1.27318,0.42970,0.35749,-0.86607,0.0195,0.0195,0.0195,0.0195,-0.1368,0.0195,-0.1368,0.0195,-0.0195,0.0586,-0.0977,0.0195,-0.40623,-0.07742,-0.68641,0.57440,-0.06437,-0.97448,-0.50761,0.39306,-1.27318,0.42970,0.35749,-0.86607,0.037,0.256,0.110,0.183,-0.037,-0.110,-0.110,0.256,0.110,-0.110,0.037,-0.256,0.00,3.000
6.2900,exit_damp,0.7,-0.9998,nan,-0.40620,-0.07735,-0.68638,0.57436,-0.06452,-0.97448,-0.50761,0.39284,-1.27318,0.42959,0.35712,-0.86612,0.0977,0.0195,0.0195,0.0195,-0.0195,-0.0195,-0.0195,0.0195,0.0195,0.0195,-0.1758,-0.0195,-0.40620,-0.07735,-0.68638,0.57436,-0.06452,-0.97448,-0.50761,0.39284,-1.27318,0.42959,0.35712,-0.86612,0.183,0.256,0.037,0.183,-0.037,-0.110,-0.330,0.256,0.183,-0.110,0.110,-0.110,0.00,3.000
6.2950,exit_damp,0.7,-0.9998,nan,-0.40623,-0.07749,-0.68641,0.57436,-0.06448,-0.97442,-0.50750,0.39247,-1.27318,0.42967,0.35712,-0.86615,0.0195,0.0195,0.0195,0.0195,-0.0586,-0.0195,-0.0195,-0.0977,0.0977,-0.0586,-0.1758,0.0195,-0.40623,-0.07749,-0.68641,0.57436,-0.06448,-0.97442,-0.50750,0.39247,-1.27318,0.42967,0.35712,-0.86615,0.037,0.037,0.037,0.183,-0.037,-0.183,-0.110,0.256,0.110,-0.183,0.110,-0.256,0.00,3.000
6.3000,exit_damp,0.6,-0.9998,nan,-0.40631,-0.07749,-0.68638,0.57436,-0.06463,-0.97448,-0.50761,0.39229,-1.27318,0.42967,0.35712,-0.86612,0.0195,0.0195,-0.0195,0.0195,-0.0195,-0.0586,0.0195,-0.0977,0.0195,-0.0195,-0.1758,-0.0195,-0.40631,-0.07749,-0.68638,0.57436,-0.06463,-0.97448,-0.50761,0.39229,-1.27318,0.42967,0.35712,-0.86612,0.183,0.037,0.110,0.183,-0.110,-0.110,-0.110,0.256,0.110,-0.110,0.110,-0.110,0.00,3.000
6.3050,exit_damp,0.6,-0.9998,nan,-0.40623,-0.07749,-0.68641,0.57436,-0.06481,-0.97448,-0.50761,0.39211,-1.27318,0.42959,0.35712,-0.86612,0.0195,0.0195,0.0195,-0.0195,-0.1368,-0.0195,-0.0195,-0.0977,0.1758,-0.0195,-0.1758,-0.0195,-0.40623,-0.07749,-0.68641,0.57436,-0.06481,-0.97448,-0.50761,0.39211,-1.27318,0.42959,0.35712,-0.86612,0.110,0.037,0.110,0.110,-0.110,-0.183,-0.110,0.256,0.110,-0.110,0.110,-0.110,0.00,3.000
6.3100,exit_damp,0.6,-0.9998,nan,-0.40623,-0.07749,-0.68641,0.57440,-0.06481,-0.97442,-0.50765,0.39178,-1.27318,0.42959,0.35617,-0.86612,-0.0195,0.0586,0.0195,0.0195,-0.0977,-0.0195,-0.0195,-0.1758,0.0195,0.0586,-0.0977,-0.0586,-0.40623,-0.07749,-0.68641,0.57440,-0.06481,-0.97442,-0.50765,0.39178,-1.27318,0.42959,0.35617,-0.86612,0.110,0.183,0.110,0.037,-0.037,-0.183,-0.037,0.330,0.110,-0.037,-0.037,-0.110,0.00,3.000
6.3150,exit_damp,0.6,-0.9998,nan,-0.40623,-0.07749,-0.68647,0.57436,-0.06492,-0.97442,-0.50761,0.39149,-1.27318,0.42959,0.35617,-0.86612,0.0195,0.0977,0.0195,0.0195,-0.0195,-0.0195,-0.0195,0.0195,-0.0586,-0.0977,-0.0977,-0.0195,-0.40623,-0.07749,-0.68647,0.57436,-0.06492,-0.97442,-0.50761,0.39149,-1.27318,0.42959,0.35617,-0.86612,0.037,0.037,0.183,0.183,-0.037,-0.183,-0.183,0.256,0.110,-0.110,-0.037,-0.037,0.00,3.000
6.3200,exit_damp,0.6,-0.9998,nan,-0.40627,-0.07757,-0.68638,0.57436,-0.06499,-0.97448,-0.50761,0.39134,-1.27318,0.42959,0.35599,-0.86612,-0.0195,0.0977,-0.0195,-0.0195,0.0195,-0.0195,-0.0586,0.0195,0.0977,-0.0195,-0.0977,-0.0195,-0.40627,-0.07757,-0.68638,0.57436,-0.06499,-0.97448,-0.50761,0.39134,-1.27318,0.42959,0.35599,-0.86612,0.110,0.037,0.037,0.183,-0.037,-0.110,-0.110,0.256,0.110,-0.110,0.110,-0.037,0.00,3.000
6.3250,exit_damp,0.6,-0.9998,nan,-0.40623,-0.07757,-0.68638,0.57436,-0.06510,-0.97442,-0.50761,0.39112,-1.27315,0.42963,0.35599,-0.86612,-0.0195,0.0195,-0.0195,0.1368,0.0195,-0.0586,-0.0195,-0.0586,0.0195,0.0195,-0.0977,0.0195,-0.40623,-0.07757,-0.68638,0.57436,-0.06510,-0.97442,-0.50761,0.39112,-1.27315,0.42963,0.35599,-0.86612,0.183,0.256,0.037,0.110,-0.037,-0.110,-0.110,0.256,0.110,-0.037,0.110,-0.037,0.00,3.000
6.3300,exit_damp,0.5,-0.9998,nan,-0.40620,-0.07749,-0.68641,0.57440,-0.06518,-0.97448,-0.50761,0.39086,-1.27318,0.42959,0.35599,-0.86612,0.0586,0.0977,0.0195,0.0195,0.0586,-0.0195,-0.0586,0.0195,0.0586,-0.0195,-0.0977,0.0195,-0.40620,-0.07749,-0.68641,0.57440,-0.06518,-0.97448,-0.50761,0.39086,-1.27318,0.42959,0.35599,-0.86612,0.183,0.037,0.183,0.110,-0.037,-0.110,-0.110,0.256,0.110,-0.037,0.110,-0.037,0.00,3.000
6.3350,exit_damp,0.5,-0.9998,nan,-0.40623,-0.07749,-0.68641,0.57440,-0.06525,-0.97448,-0.50765,0.39068,-1.27318,0.42959,0.35599,-0.86612,-0.0195,0.2540,0.0195,0.0195,-0.0586,-0.0195,-0.0586,0.0195,0.0586,-0.0977,-0.0977,-0.0195,-0.40623,-0.07749,-0.68641,0.57440,-0.06525,-0.97448,-0.50765,0.39068,-1.27318,0.42959,0.35599,-0.86612,0.183,0.037,0.183,0.183,-0.037,-0.110,-0.110,0.110,0.110,-0.183,0.110,-0.256,0.00,3.000
6.3400,exit_damp,0.5,-0.9998,nan,-0.40620,-0.07757,-0.68641,0.57436,-0.06536,-0.97448,-0.50761,0.39039,-1.27318,0.42963,0.35599,-0.86612,0.1368,0.0977,-0.0195,0.0195,-0.0195,-0.0195,0.0586,0.0195,0.0195,-0.0977,-0.0977,-0.0195,-0.40620,-0.07757,-0.68641,0.57436,-0.06536,-0.97448,-0.50761,0.39039,-1.27318,0.42963,0.35599,-0.86612,0.037,0.256,0.110,0.183,-0.110,-0.110,-0.110,0.256,0.183,0.037,0.110,-0.256,0.00,3.000
6.3450,exit_damp,0.5,-0.9998,nan,-0.40623,-0.07757,-0.68641,0.57440,-0.06547,-0.97451,-0.50761,0.39017,-1.27318,0.42959,0.35453,-0.86612,-0.0977,0.0195,0.0195,0.0586,0.0195,-0.0195,-0.0195,-0.0977,0.0195,-0.0195,-0.0586,-0.0586,-0.40623,-0.07757,-0.68641,0.57440,-0.06547,-0.97451,-0.50761,0.39017,-1.27318,0.42959,0.35453,-0.86612,0.110,0.256,0.183,0.183,-0.110,-0.110,-0.037,0.183,0.110,-0.110,-0.037,-0.256,0.00,3.000
6.3500,exit_damp,0.4,-0.9998,nan,-0.40623,-0.07757,-0.68641,0.57440,-0.06547,-0.97448,-0.50761,0.39006,-1.27318,0.42959,0.35449,-0.86612,0.0195,-0.1368,0.0195,0.0586,-0.0195,-0.0195,-0.0195,0.0195,0.0195,-0.0195,-0.0977,-0.0586,-0.40623,-0.07757,-0.68641,0.57440,-0.06547,-0.97448,-0.50761,0.39006,-1.27318,0.42959,0.35449,-0.86612,0.183,0.256,0.110,0.110,-0.110,-0.330,-0.110,0.256,0.110,-0.183,-0.037,-0.037,0.00,3.000
6.3550,exit_damp,0.4,-0.9998,nan,-0.40623,-0.07749,-0.68638,0.57436,-0.06558,-0.97448,-0.50761,0.38984,-1.27315,0.42959,0.35449,-0.86612,-0.0195,0.0195,0.0586,0.0586,-0.0195,-0.0195,0.0195,0.0195,0.0195,-0.0977,-0.0977,-0.0195,-0.40623,-0.07749,-0.68638,0.57436,-0.06558,-0.97448,-0.50761,0.38984,-1.27315,0.42959,0.35449,-0.86612,0.183,0.037,0.110,0.037,-0.110,-0.037,-0.183,0.256,0.110,-0.110,-0.037,-0.256,0.00,3.000
6.3600,exit_damp,0.4,-0.9998,nan,-0.40620,-0.07757,-0.68641,0.57436,-0.06561,-0.97448,-0.50765,0.38977,-1.27315,0.42963,0.35420,-0.86612,0.0195,0.0195,0.0195,0.0586,-0.0195,0.0195,-0.0195,-0.0195,-0.0195,0.0195,-0.0195,-0.0195,-0.40620,-0.07757,-0.68641,0.57436,-0.06561,-0.97448,-0.50765,0.38977,-1.27315,0.42963,0.35420,-0.86612,0.256,0.037,0.183,0.183,-0.183,-0.110,-0.110,0.110,0.110,-0.183,-0.037,-0.256,0.00,3.000
6.3650,exit_damp,0.4,-0.9998,nan,-0.40620,-0.07749,-0.68641,0.57436,-0.06565,-0.97448,-0.50761,0.38977,-1.27318,0.42959,0.35398,-0.86612,-0.0195,0.0195,0.0195,0.0195,-0.0195,0.0195,-0.0195,-0.0977,0.0195,-0.0195,-0.0195,-0.0195,-0.40620,-0.07749,-0.68641,0.57436,-0.06565,-0.97448,-0.50761,0.38977,-1.27318,0.42959,0.35398,-0.86612,0.037,0.110,0.110,0.183,-0.110,-0.110,-0.037,0.110,0.110,-0.110,-0.037,-0.256,0.00,3.000
6.3700,exit_damp,0.3,-0.9998,nan,-0.40623,-0.07749,-0.68641,0.57436,-0.06572,-0.97448,-0.50761,0.38955,-1.27318,0.42956,0.35398,-0.86612,-0.0977,0.0195,0.0195,0.0586,-0.0195,-0.1368,-0.0195,-0.0977,0.0195,-0.0586,-0.0195,-0.0195,-0.40623,-0.07749,-0.68641,0.57436,-0.06572,-0.97448,-0.50761,0.38955,-1.27318,0.42956,0.35398,-0.86612,0.183,0.110,0.110,0.183,-0.110,-0.110,-0.037,0.256,0.110,-0.037,-0.037,-0.256,0.00,3.000
6.3750,exit_damp,0.3,-0.9998,nan,-0.40620,-0.07757,-0.68638,0.57440,-0.06572,-0.97448,-0.50761,0.38959,-1.27318,0.42959,0.35398,-0.86615,-0.0586,0.0195,-0.0195,0.0195,-0.0195,-0.0195,-0.0195,0.0195,0.0195,0.0586,-0.0195,0.0195,-0.40620,-0.07757,-0.68638,0.57440,-0.06572,-0.97448,-0.50761,0.38959,-1.27318,0.42959,0.35398,-0.86615,0.110,0.256,0.110,0.110,-0.110,-0.110,-0.110,0.110,0.110,-0.110,-0.037,-0.183,0.00,3.000
6.3800,exit_damp,0.3,-0.9998,nan,-0.40620,-0.07757,-0.68641,0.57436,-0.06583,-0.97448,-0.50761,0.38944,-1.27318,0.42959,0.35398,-0.86612,-0.0195,0.0195,0.0195,0.0195,-0.0195,-0.0586,-0.0586,0.0195,0.0195,-0.0195,-0.0195,-0.0977,-0.40620,-0.07757,-0.68641,0.57436,-0.06583,-0.97448,-0.50761,0.38944,-1.27318,0.42959,0.35398,-0.86612,0.183,0.183,0.110,0.037,-0.110,-0.110,-0.183,0.256,0.110,-0.110,-0.037,0.037,0.00,3.000
6.3850,exit_damp,0.3,-0.9998,nan,-0.40620,-0.07757,-0.68641,0.57436,-0.06583,-0.97457,-0.50761,0.38922,-1.27318,0.42959,0.35398,-0.86612,0.0195,0.0195,0.0195,0.0195,-0.0195,-0.0195,-0.0195,-0.0586,0.0195,-0.0977,-0.0195,0.0195,-0.40620,-0.07757,-0.68641,0.57436,-0.06583,-0.97457,-0.50761,0.38922,-1.27318,0.42959,0.35398,-0.86612,0.110,0.110,0.183,0.183,-0.110,-0.110,-0.183,0.256,0.110,-0.110,-0.037,-0.110,0.00,3.000
6.3900,exit_damp,0.3,-0.9998,nan,-0.40620,-0.07764,-0.68641,0.57436,-0.06591,-0.97448,-0.50761,0.38918,-1.27318,0.42959,0.35325,-0.86612,0.0195,0.0977,0.0195,0.0586,-0.0195,-0.0195,-0.0195,0.0195,0.0195,-0.0977,-0.0195,-0.0195,-0.40620,-0.07764,-0.68641,0.57436,-0.06591,-0.97448,-0.50761,0.38918,-1.27318,0.42959,0.35325,-0.86612,0.183,0.037,0.110,0.037,-0.037,-0.110,-0.110,0.256,0.110,-0.183,-0.037,-0.110,0.00,3.000
6.3950,exit_damp,0.2,-0.9998,nan,-0.40609,-0.07753,-0.68641,0.57440,-0.06591,-0.97448,-0.50761,0.38900,-1.27318,0.42959,0.35310,-0.86615,-0.0195,0.0977,0.0195,0.0195,-0.0195,-0.0195,-0.0195,-0.0977,0.0195,-0.0195,-0.0195,0.0195,-0.40609,-0.07753,-0.68641,0.57440,-0.06591,-0.97448,-0.50761,0.38900,-1.27318,0.42959,0.35310,-0.86615,0.037,0.037,0.110,0.037,-0.110,-0.110,-0.110,0.110,0.110,-0.183,-0.037,-0.037,0.00,3.000
6.4000,exit_damp,0.2,-0.9998,nan,-0.40612,-0.07757,-0.68641,0.57447,-0.06602,-0.97448,-0.50761,0.38900,-1.27318,0.42952,0.35292,-0.86612,0.0586,0.1758,0.0586,0.0195,-0.0195,-0.0195,-0.0977,-0.0586,0.0195,-0.0195,-0.0195,-0.0586,-0.40612,-0.07757,-0.68641,0.57447,-0.06602,-0.97448,-0.50761,0.38900,-1.27318,0.42952,0.35292,-0.86612,0.037,0.037,0.037,0.110,-0.110,-0.110,-0.183,0.183,0.110,-0.110,-0.183,-0.183,0.00,3.000
6.4050,exit_damp,0.2,-0.9998,nan,-0.40620,-0.07757,-0.68641,0.57436,-0.06602,-0.97448,-0.50761,0.38893,-1.27318,0.42952,0.35292,-0.86612,-0.0977,-0.0586,0.0195,-0.0195,-0.0195,-0.0195,-0.0195,0.0195,0.0195,0.0195,-0.0977,-0.0195,-0.40620,-0.07757,-0.68641,0.57436,-0.06602,-0.97448,-0.50761,0.38893,-1.27318,0.42952,0.35292,-0.86612,0.183,0.037,0.183,0.110,-0.183,-0.256,-0.110,0.183,0.256,-0.110,-0.110,0.037,0.00,3.000
6.4100,exit_damp,0.2,-0.9998,nan,-0.40602,-0.07757,-0.68641,0.57440,-0.06609,-0.97448,-0.50761,0.38878,-1.27315,0.42952,0.35273,-0.86615,-0.0195,-0.0586,0.0195,0.0195,-0.0195,-0.0586,0.0977,-0.0195,0.0195,-0.0586,-0.0195,0.0195,-0.40602,-0.07757,-0.68641,0.57440,-0.06609,-0.97448,-0.50761,0.38878,-1.27315,0.42952,0.35273,-0.86615,0.110,0.037,0.110,0.110,-0.037,-0.110,-0.110,0.256,0.110,-0.183,-0.037,-0.183,0.00,3.000
6.4150,exit_damp,0.2,-0.9998,nan,-0.40609,-0.07764,-0.68641,0.57436,-0.06609,-0.97448,-0.50761,0.38860,-1.27318,0.42959,0.35252,-0.86612,-0.0195,0.0195,-0.0195,0.0195,-0.0977,0.0195,-0.0195,-0.0977,0.0195,-0.0977,-0.0195,-0.0586,-0.40609,-0.07764,-0.68641,0.57436,-0.06609,-0.97448,-0.50761,0.38860,-1.27318,0.42959,0.35252,-0.86612,0.183,0.037,0.110,0.037,-0.110,-0.110,-0.037,0.256,0.183,-0.037,-0.110,-0.183,0.00,3.000
6.4200,exit_damp,0.1,-0.9998,nan,-0.40609,-0.07764,-0.68647,0.57440,-0.06616,-0.97448,-0.50761,0.38860,-1.27318,0.42952,0.35252,-0.86612,0.0195,-0.0586,0.0195,0.0586,-0.0977,-0.0195,-0.0195,0.0195,0.0195,-0.0195,-0.0195,0.0195,-0.40609,-0.07764,-0.68647,0.57440,-0.06616,-0.97448,-0.50761,0.38860,-1.27318,0.42952,0.35252,-0.86612,0.183,0.037,0.183,0.183,-0.110,-0.110,-0.037,0.110,0.110,-0.110,-0.110,0.037,0.00,3.000
6.4250,exit_damp,0.1,-0.9998,nan,-0.40609,-0.07757,-0.68638,0.57440,-0.06620,-0.97448,-0.50761,0.38852,-1.27318,0.42952,0.35237,-0.86615,0.1368,-0.0586,0.0195,0.0195,-0.0586,-0.0195,-0.0195,0.0586,-0.0195,-0.0977,-0.0195,-0.0195,-0.40609,-0.07757,-0.68638,0.57440,-0.06620,-0.97448,-0.50761,0.38852,-1.27318,0.42952,0.35237,-0.86615,0.183,0.037,0.183,0.110,-0.110,-0.110,-0.110,0.110,0.110,-0.037,-0.037,0.037,0.00,3.000
6.4300,exit_damp,0.1,-0.9998,nan,-0.40609,-0.07757,-0.68641,0.57436,-0.06616,-0.97451,-0.50761,0.38838,-1.27318,0.42959,0.35211,-0.86609,0.0195,-0.0586,0.0195,-0.0195,0.0195,-0.0586,-0.0195,0.0977,0.0195,-0.0195,0.0195,-0.0977,-0.40609,-0.07757,-0.68641,0.57436,-0.06616,-0.97451,-0.50761,0.38838,-1.27318,0.42959,0.35211,-0.86609,0.037,0.256,0.183,0.037,-0.110,-0.110,-0.110,0.110,0.110,-0.110,-0.037,-0.110,0.00,3.000
6.4350,exit_damp,0.1,-0.9998,nan,-0.40609,-0.07753,-0.68641,0.57436,-0.06627,-0.97448,-0.50761,0.38831,-1.27318,0.42952,0.35200,-0.86612,0.0195,0.0195,0.0195,0.0195,-0.0977,0.0977,-0.0195,0.0977,0.0977,-0.0195,-0.0977,-0.0195,-0.40609,-0.07753,-0.68641,0.57436,-0.06627,-0.97448,-0.50761,0.38831,-1.27318,0.42952,0.35200,-0.86612,0.110,0.110,0.110,0.183,-0.110,-0.110,-0.256,0.110,0.183,-0.110,-0.110,-0.256,0.00,3.000
6.4400,exit_damp,0.1,-0.9998,nan,-0.40623,-0.07757,-0.68638,0.57440,-0.06627,-0.97448,-0.50761,0.38820,-1.27318,0.42952,0.35189,-0.86607,0.0195,0.0195,0.0195,0.0586,-0.0195,-0.0195,-0.0195,-0.1368,0.0195,0.0586,-0.0586,-0.0195,-0.40623,-0.07757,-0.68638,0.57440,-0.06627,-0.97448,-0.50761,0.38820,-1.27318,0.42952,0.35189,-0.86607,0.110,0.037,0.183,0.110,-0.183,-0.110,-0.110,0.110,0.037,-0.183,-0.037,-0.256,0.00,3.000
6.4450,exit_damp,0.0,-0.9998,nan,-0.40609,-0.07757,-0.68641,0.57440,-0.06627,-0.97448,-0.50761,0.38809,-1.27315,0.42952,0.35189,-0.86612,0.0195,0.0977,0.0195,-0.0586,-0.0195,-0.0195,-0.0195,0.0195,0.0195,-0.0195,-0.0195,0.0195,-0.40609,-0.07757,-0.68641,0.57440,-0.06627,-0.97448,-0.50761,0.38809,-1.27315,0.42952,0.35189,-0.86612,0.183,0.110,0.037,0.183,-0.110,-0.110,-0.037,0.183,0.110,-0.183,-0.037,-0.037,0.00,3.000
6.4500,exit_damp,0.1,-0.9998,nan,-0.40620,-0.07757,-0.68638,0.57440,-0.06627,-0.97448,-0.50761,0.38798,-1.27315,0.42959,0.35189,-0.86615,-0.0195,0.0977,0.0586,-0.0195,-0.0195,-0.0195,-0.0195,0.0195,0.0195,-0.0195,-0.0195,-0.0195,-0.40620,-0.07757,-0.68638,0.57440,-0.06627,-0.97448,-0.50761,0.38798,-1.27315,0.42959,0.35189,-0.86615,0.256,0.256,0.183,0.183,-0.110,-0.110,-0.110,0.183,0.183,-0.183,-0.037,-0.110,0.00,3.000
6.4550,exit_damp,1.0,-0.9998,nan,-0.40612,-0.07764,-0.68638,0.57440,-0.06627,-0.97451,-0.50761,0.38794,-1.27318,0.42952,0.35167,-0.86612,-0.0195,0.0977,0.0977,0.0586,0.0977,-0.0586,-0.0195,-0.0195,0.0586,-0.1368,-0.0195,-0.0195,-0.40612,-0.07764,-0.68638,0.57440,-0.06627,-0.97451,-0.50761,0.38794,-1.27318,0.42952,0.35167,-0.86612,0.183,0.037,0.110,0.183,-0.183,-0.110,-0.110,0.037,0.183,-0.110,-0.037,-0.037,0.00,3.000
6.4600,exit_damp,1.0,-0.9998,nan,-0.40609,-0.07753,-0.68638,0.57436,-0.06638,-0.97457,-0.50761,0.38787,-1.27318,0.42952,0.35156,-0.86612,0.0195,0.0977,0.0195,0.0195,-0.0195,-0.0195,-0.0195,0.0195,0.0195,-0.0195,-0.0977,-0.0586,-0.40609,-0.07753,-0.68638,0.57436,-0.06638,-0.97457,-0.50761,0.38787,-1.27318,0.42952,0.35156,-0.86612,0.110,0.037,0.183,0.110,-0.110,-0.256,-0.110,0.110,0.183,-0.183,-0.110,-0.110,0.00,3.000
6.4650,exit_damp,1.0,-0.9998,nan,-0.40609,-0.07753,-0.68641,0.57447,-0.06638,-0.97448,-0.50761,0.38787,-1.27318,0.42952,0.35149,-0.86612,-0.0195,0.1368,0.0586,0.0195,-0.0195,0.0195,-0.0195,0.0195,0.0195,-0.0195,-0.0195,-0.0195,-0.40609,-0.07753,-0.68641,0.57447,-0.06638,-0.97448,-0.50761,0.38787,-1.27318,0.42952,0.35149,-0.86612,0.183,0.037,0.183,0.110,-0.110,-0.330,-0.110,0.256,0.110,-0.110,-0.110,-0.110,0.00,3.000
6.4700,exit_damp,1.0,-0.9998,nan,-0.40609,-0.07764,-0.68638,0.57440,-0.06638,-0.97451,-0.50761,0.38776,-1.27318,0.42956,0.35145,-0.86612,0.0195,-0.0586,-0.0586,0.0195,-0.0195,-0.0195,-0.0195,-0.0977,0.0586,-0.0195,0.0586,-0.0195,-0.40609,-0.07764,-0.68638,0.57440,-0.06638,-0.97451,-0.50761,0.38776,-1.27318,0.42956,0.35145,-0.86612,0.183,0.110,0.110,0.110,-0.037,-0.037,-0.110,0.110,0.110,-0.110,-0.037,-0.110,0.00,3.000
6.4750,exit_damp,0.9,-0.9998,nan,-0.40609,-0.07749,-0.68641,0.57436,-0.06646,-0.97448,-0.50761,0.38772,-1.27318,0.42952,0.35145,-0.86612,-0.0977,0.0195,-0.0586,0.0195,0.0586,-0.0195,-0.0195,0.0195,0.0195,0.0586,0.0586,0.0195,-0.40609,-0.07749,-0.68641,0.57436,-0.06646,-0.97448,-0.50761,0.38772,-1.27318,0.42952,0.35145,-0.86612,0.110,0.037,0.037,0.183,-0.037,-0.110,-0.110,0.183,0.110,-0.110,-0.037,-0.110,0.00,3.000
6.4800,exit_damp,0.9,-0.9998,nan,-0.40609,-0.07764,-0.68633,0.57436,-0.06646,-0.97448,-0.50761,0.38776,-1.27318,0.42948,0.35127,-0.86612,0.0195,0.0195,0.0586,0.0195,0.0977,-0.0195,0.0586,0.0195,0.0195,-0.0195,-0.0195,0.0195,-0.40609,-0.07764,-0.68633,0.57436,-0.06646,-0.97448,-0.50761,0.38776,-1.27318,0.42948,0.35127,-0.86612,0.110,0.037,0.110,0.183,-0.110,-0.110,-0.110,0.256,0.110,-0.110,0.037,-0.110,0.00,3.000
6.4850,exit_damp,0.9,-0.9998,nan,-0.40609,-0.07764,-0.68638,0.57436,-0.06646,-0.97448,-0.50765,0.38768,-1.27318,0.42952,0.35109,-0.86612,0.0195,0.0195,-0.0586,0.0586,0.0586,-0.0586,-0.0195,0.0195,0.0586,-0.0195,-0.0195,0.0195,-0.40609,-0.07764,-0.68638,0.57436,-0.06646,-0.97448,-0.50765,0.38768,-1.27318,0.42952,0.35109,-0.86612,0.110,0.037,0.183,0.110,-0.183,-0.330,-0.037,0.110,0.110,-0.110,-0.037,-0.110,0.00,3.000
6.4900,exit_damp,0.8,-0.9998,nan,-0.40620,-0.07771,-0.68641,0.57440,-0.06646,-0.97448,-0.50761,0.38754,-1.27318,0.42952,0.35109,-0.86612,0.0195,-0.0586,-0.0586,0.1368,0.0977,0.0195,-0.0195,-0.0977,0.0586,-0.0195,-0.0195,0.0195,-0.40620,-0.07771,-0.68641,0.57440,-0.06646,-0.97448,-0.50761,0.38754,-1.27318,0.42952,0.35109,-0.86612,0.183,0.256,0.110,0.110,-0.110,-0.110,-0.037,0.037,0.110,-0.110,-0.037,-0.110,0.00,3.000
6.4950,exit_damp,0.8,-0.9998,nan,-0.40602,-0.07757,-0.68638,0.57436,-0.06646,-0.97448,-0.50761,0.38754,-1.27318,0.42952,0.35076,-0.86612,0.0195,0.0977,0.0195,0.0195,0.0195,-0.0586,-0.0195,0.0195,0.0586,0.0195,-0.0586,0.0195,-0.40602,-0.07757,-0.68638,0.57436,-0.06646,-0.97448,-0.50761,0.38754,-1.27318,0.42952,0.35076,-0.86612,0.183,0.256,0.110,0.037,-0.037,-0.110,-0.110,0.183,0.110,-0.110,-0.037,-0.110,0.00,3.000
6.5000,exit_damp,0.8,-0.9998,nan,-0.40609,-0.07764,-0.68638,0.57436,-0.06649,-0.97448,-0.50761,0.38765,-1.27318,0.42952,0.35065,-0.86607,0.0195,0.0195,-0.0195,0.1368,0.0195,0.0195,-0.0195,0.0195,-0.0195,0.0195,-0.0586,0.0195,-0.40609,-0.07764,-0.68638,0.57436,-0.06649,-0.97448,-0.50761,0.38765,-1.27318,0.42952,0.35065,-0.86607,0.037,0.256,0.110,0.110,-0.037,-0.110,-0.110,0.256,0.183,-0.110,-0.037,-0.256,0.00,3.000
6.5050,exit_damp,0.8,-0.9998,nan,-0.40609,-0.07764,-0.68638,0.57436,-0.06649,-0.97442,-0.50761,0.38754,-1.27318,0.42959,0.35058,-0.86615,0.0195,0.0195,0.0195,0.0586,-0.0195,-0.0586,-0.0977,0.0195,0.0586,-0.0977,-0.0195,0.0195,-0.40609,-0.07764,-0.68638,0.57436,-0.06649,-0.97442,-0.50761,0.38754,-1.27318,0.42959,0.35058,-0.86615,0.183,0.183,0.183,0.037,-0.110,-0.110,-0.330,0.110,0.110,-0.037,-0.037,-0.037,0.00,3.000
6.5100,exit_damp,0.8,-0.9998,nan,-0.40609,-0.07764,-0.68641,0.57440,-0.06657,-0.97448,-0.50761,0.38754,-1.27315,0.42952,0.35047,-0.86609,0.0195,0.0195,0.0195,0.0586,-0.0195,-0.0195,0.0586,0.0195,0.0195,-0.0586,-0.0195,0.0195,-0.40609,-0.07764,-0.68641,0.57440,-0.06657,-0.97448,-0.50761,0.38754,-1.27315,0.42952,0.35047,-0.86609,0.183,0.256,0.183,0.110,-0.110,-0.110,-0.037,0.037,0.183,-0.110,0.037,-0.256,0.00,3.000
6.5150,exit_damp,0.8,-0.9998,nan,-0.40609,-0.07764,-0.68638,0.57436,-0.06657,-0.97448,-0.50761,0.38743,-1.27315,0.42952,0.35025,-0.86615,0.0195,0.0977,0.0195,0.0195,-0.0195,-0.0195,-0.0586,-0.0195,0.0586,-0.0195,-0.0195,-0.0977,-0.40609,-0.07764,-0.68638,0.57436,-0.06657,-0.97448,-0.50761,0.38743,-1.27315,0.42952,0.35025,-0.86615,0.183,0.037,0.110,0.110,-0.110,-0.110,-0.183,0.110,0.110,-0.110,-0.037,-0.037,0.00,3.000
6.5200,exit_damp,0.7,-0.9998,nan,-0.40612,-0.07764,-0.68638,0.57436,-0.06657,-0.97457,-0.50768,0.38743,-1.27309,0.42952,0.35021,-0.86612,0.0195,0.0195,-0.0195,0.0195,-0.0586,-0.0195,-0.0195,-0.0195,0.0195,-0.0195,-0.0586,-0.0195,-0.40612,-0.07764,-0.68638,0.57436,-0.06657,-0.97457,-0.50768,0.38743,-1.27309,0.42952,0.35021,-0.86612,0.183,0.037,0.110,0.110,-0.110,-0.110,-0.037,0.256,0.110,-0.110,-0.037,-0.256,0.00,3.000
6.5250,exit_damp,0.7,-0.9998,nan,-0.40609,-0.07771,-0.68638,0.57436,-0.06657,-0.97448,-0.50761,0.38743,-1.27318,0.42952,0.35014,-0.86612,0.0195,-0.0586,-0.0195,-0.0195,0.0586,-0.0586,-0.0195,0.1758,0.0195,-0.0195,0.0195,-0.0195,-0.40609,-0.07771,-0.68638,0.57436,-0.06657,-0.97448,-0.50761,0.38743,-1.27318,0.42952,0.35014,-0.86612,0.183,0.183,0.037,0.183,-0.110,-0.183,-0.183,0.110,0.110,-0.183,-0.037,-0.183,0.00,3.000
6.5300,exit_damp,0.6,-0.9998,nan,-0.40609,-0.07764,-0.68638,0.57436,-0.06664,-0.97448,-0.50761,0.38732,-1.27318,0.42952,0.35003,-0.86612,0.0195,0.0195,0.0195,0.0195,0.0586,-0.0195,0.0586,0.0195,0.0586,-0.0195,-0.0586,-0.0195,-0.40609,-0.07764,-0.68638,0.57436,-0.06664,-0.97448,-0.50761,0.38732,-1.27318,0.42952,0.35003,-0.86612,0.183,0.256,0.110,0.037,-0.110,-0.037,-0.110,0.110,0.110,-0.183,-0.110,-0.037,0.00,3.000
6.5350,exit_damp,0.7,-0.9998,nan,-0.40612,-0.07764,-0.68638,0.57440,-0.06664,-0.97448,-0.50768,0.38725,-1.27309,0.42952,0.34988,-0.86615,-0.0586,0.0195,0.0977,0.0977,-0.0977,-0.0195,-0.0195,-0.0586,-0.0195,-0.0195,-0.0977,-0.0195,-0.40612,-0.07764,-0.68638,0.57440,-0.06664,-0.97448,-0.50768,0.38725,-1.27309,0.42952,0.34988,-0.86615,0.183,0.110,0.037,0.110,-0.183,-0.037,-0.110,0.110,0.110,-0.110,0.037,-0.110,0.00,3.000
6.5400,exit_damp,0.7,-0.9998,nan,-0.40620,-0.07764,-0.68641,0.57451,-0.06664,-0.97448,-0.50761,0.38725,-1.27309,0.42952,0.34977,-0.86615,0.0586,0.0195,0.0977,0.0586,-0.0195,-0.0195,-0.0977,0.0586,0.0195,0.0195,-0.0195,-0.0195,-0.40620,-0.07764,-0.68641,0.57451,-0.06664,-0.97448,-0.50761,0.38725,-1.27309,0.42952,0.34977,-0.86615,0.037,0.110,0.037,0.037,-0.037,-0.183,-0.110,0.110,0.110,-0.183,0.037,-0.256,0.00,3.000
6.5450,exit_damp,0.6,-0.9998,nan,-0.40609,-0.07764,-0.68641,0.57440,-0.06667,-0.97448,-0.50761,0.38725,-1.27315,0.42952,0.34977,-0.86615,0.0195,-0.0195,0.0195,-0.0195,-0.0977,-0.0195,-0.0195,0.0195,-0.0195,-0.1368,-0.0977,-0.0195,-0.40609,-0.07764,-0.68641,0.57440,-0.06667,-0.97448,-0.50761,0.38725,-1.27315,0.42952,0.34977,-0.86615,-0.037,-0.037,0.037,0.110,-0.110,-0.110,-0.110,0.256,0.183,-0.110,-0.110,-0.256,0.00,3.000
6.5500,exit_damp,0.6,-0.9998,nan,-0.40609,-0.07764,-0.68641,0.57436,-0.06664,-0.97448,-0.50761,0.38721,-1.27318,0.42952,0.34955,-0.86615,0.0195,0.0977,0.0195,0.1758,-0.0195,-0.0195,0.0195,0.0977,0.0195,-0.0195,-0.0195,-0.0586,-0.40609,-0.07764,-0.68641,0.57436,-0.06664,-0.97448,-0.50761,0.38721,-1.27318,0.42952,0.34955,-0.86615,0.110,0.256,0.183,0.183,-0.110,-0.256,-0.110,0.110,0.037,-0.183,-0.037,-0.037,0.00,3.000
6.5550,exit_damp,0.1,-0.9998,nan,-0.40609,-0.07764,-0.68638,0.57436,-0.06667,-0.97445,-0.50761,0.38714,-1.27318,0.42959,0.34944,-0.86612,0.0195,0.0586,-0.0586,-0.0586,-0.0977,-0.0195,-0.0195,0.0586,0.0195,0.0977,-0.0195,-0.0195,-0.40609,-0.07764,-0.68638,0.57436,-0.06667,-0.97445,-0.50761,0.38714,-1.27318,0.42959,0.34944,-0.86612,0.037,0.256,0.110,0.183,-0.110,-0.183,-0.183,0.110,0.183,-0.256,-0.110,-0.037,0.00,3.000
6.5600,exit_damp,0.6,-0.9998,nan,-0.40609,-0.07764,-0.68638,0.57436,-0.06667,-0.97448,-0.50761,0.38710,-1.27318,0.42948,0.34944,-0.86612,0.0195,-0.0586,0.0586,0.0195,0.0195,-0.0195,-0.0195,-0.0586,0.0195,-0.1368,-0.0586,-0.0195,-0.40609,-0.07764,-0.68638,0.57436,-0.06667,-0.97448,-0.50761,0.38710,-1.27318,0.42948,0.34944,-0.86612,0.183,0.110,0.183,0.183,-0.110,-0.110,-0.110,0.256,0.256,-0.183,-0.037,-0.183,0.00,3.000
6.5650,exit_damp,0.6,-0.9998,nan,-0.40609,-0.07775,-0.68641,0.57436,-0.06664,-0.97448,-0.50761,0.38699,-1.27309,0.42941,0.34933,-0.86612,0.0195,-0.0586,0.0195,0.0586,-0.0977,-0.0586,-0.0977,-0.0586,0.0195,-0.0195,-0.0977,-0.0195,-0.40609,-0.07775,-0.68641,0.57436,-0.06664,-0.97448,-0.50761,0.38699,-1.27309,0.42941,0.34933,-0.86612,0.037,0.110,0.183,0.183,-0.110,-0.110,-0.110,0.110,0.110,-0.110,-0.110,0.037,0.00,3.000
6.5700,exit_damp,0.5,-0.9998,nan,-0.40609,-0.07771,-0.68638,0.57436,-0.06671,-0.97448,-0.50761,0.38703,-1.27318,0.42948,0.34919,-0.86607,0.0195,0.0195,0.0195,-0.0195,0.0586,-0.0586,-0.0195,0.0586,-0.0195,-0.0195,-0.0977,0.0195,-0.40609,-0.07771,-0.68638,0.57436,-0.06671,-0.97448,-0.50761,0.38703,-1.27318,0.42948,0.34919,-0.86607,0.183,0.037,0.110,0.183,-0.110,-0.110,-0.110,0.037,0.110,-0.183,-0.110,-0.110,0.00,3.000
6.5750,exit_damp,0.5,-0.9998,nan,-0.40609,-0.07764,-0.68641,0.57436,-0.06664,-0.97448,-0.50761,0.38688,-1.27318,0.42952,0.34915,-0.86612,0.0195,0.0195,0.0195,0.0195,-0.0586,-0.0586,-0.0195,-0.1368,0.0195,0.0195,-0.0195,-0.0586,-0.40609,-0.07764,-0.68641,0.57436,-0.06664,-0.97448,-0.50761,0.38688,-1.27318,0.42952,0.34915,-0.86612,0.110,0.037,0.110,0.110,-0.110,-0.110,-0.110,0.110,0.183,-0.110,-0.037,-0.037,0.00,3.000
6.5800,exit_damp,0.5,-0.9998,nan,-0.40609,-0.07764,-0.68641,0.57436,-0.06671,-0.97448,-0.50765,0.38695,-1.27318,0.42948,0.34915,-0.86615,0.0195,0.0195,0.0977,0.0195,0.0586,0.0195,-0.0195,-0.0586,0.0195,0.0586,-0.0586,0.0195,-0.40609,-0.07764,-0.68641,0.57436,-0.06671,-0.97448,-0.50765,0.38695,-1.27318,0.42948,0.34915,-0.86615,0.183,0.183,0.183,0.110,-0.110,-0.110,-0.256,0.110,0.110,-0.183,-0.183,-0.256,0.00,3.000
6.5850,exit_damp,0.5,-0.9998,nan,-0.40620,-0.07764,-0.68641,0.57436,-0.06671,-0.97448,-0.50761,0.38688,-1.27318,0.42952,0.34908,-0.86612,0.0195,0.0977,-0.0586,0.0195,-0.0195,-0.0195,-0.0195,0.0195,0.0195,0.0586,-0.0195,-0.0195,-0.40620,-0.07764,-0.68641,0.57436,-0.06671,-0.97448,-0.50761,0.38688,-1.27318,0.42952,0.34908,-0.86612,0.110,-0.037,0.110,0.110,-0.110,-0.110,-0.110,0.110,0.110,-0.183,-0.110,0.037,0.00,3.000
6.5900,exit_damp,0.4,-0.9998,nan,-0.40609,-0.07764,-0.68638,0.57436,-0.06671,-0.97451,-0.50761,0.38688,-1.27318,0.42952,0.34908,-0.86612,0.0195,0.0195,-0.0195,0.0195,0.0195,-0.0977,-0.0195,0.0977,0.0195,-0.0195,-0.0195,-0.0195,-0.40609,-0.07764,-0.68638,0.57436,-0.06671,-0.97451,-0.50761,0.38688,-1.27318,0.42952,0.34908,-0.86612,0.183,0.183,0.183,0.183,-0.256,-0.110,-0.256,0.256,0.183,-0.183,-0.110,0.037,0.00,3.000
6.5950,exit_damp,0.4,-0.9998,nan,-0.40609,-0.07768,-0.68641,0.57436,-0.06671,-0.97448,-0.50761,0.38684,-1.27318,0.42941,0.34897,-0.86612,0.0195,0.0195,0.0977,0.0195,-0.0586,-0.0586,0.0586,0.0586,0.0195,-0.0586,-0.0195,-0.0195,-0.40609,-0.07768,-0.68641,0.57436,-0.06671,-0.97448,-0.50761,0.38684,-1.27318,0.42941,0.34897,-0.86612,0.183,0.110,0.110,0.183,-0.110,-0.110,-0.183,0.183,0.110,-0.110,-0.037,0.037,0.00,3.000
6.6000,exit_damp,0.4,-0.9998,nan,-0.40609,-0.07771,-0.68641,0.57436,-0.06671,-0.97448,-0.50761,0.38684,-1.27318,0.42952,0.34890,-0.86612,0.0195,0.0195,0.0195,0.0195,-0.0195,0.0195,-0.0195,0.0195,0.0586,-0.0195,-0.0195,-0.0195,-0.40609,-0.07771,-0.68641,0.57436,-0.06671,-0.97448,-0.50761,0.38684,-1.27318,0.42952,0.34890,-0.86612,0.037,0.256,0.037,0.110,-0.110,-0.110,-0.183,0.110,0.183,-0.110,-0.037,0.037,0.00,3.000
6.6050,exit_damp,0.4,-0.9998,nan,-0.40609,-0.07768,-0.68638,0.57451,-0.06675,-0.97448,-0.50761,0.38684,-1.27318,0.42952,0.34882,-0.86615,0.0195,0.0586,-0.0195,0.0586,-0.0195,0.0195,-0.0195,-0.0586,0.1368,-0.0195,-0.0977,-0.0195,-0.40609,-0.07768,-0.68638,0.57451,-0.06675,-0.97448,-0.50761,0.38684,-1.27318,0.42952,0.34882,-0.86615,0.183,0.037,0.037,0.183,-0.110,-0.110,-0.110,0.110,0.110,-0.110,-0.037,-0.256,0.00,3.000
6.6100,exit_damp,0.4,-0.9998,nan,-0.40609,-0.07764,-0.68641,0.57436,-0.06675,-0.97448,-0.50761,0.38673,-1.27315,0.42952,0.34882,-0.86612,0.0195,-0.0195,0.0586,0.0195,0.0195,-0.0195,-0.0195,0.0977,0.0586,-0.0195,-0.0977,-0.0586,-0.40609,-0.07764,-0.68641,0.57436,-0.06675,-0.97448,-0.50761,0.38673,-1.27315,0.42952,0.34882,-0.86612,0.037,0.256,0.110,0.110,-0.183,-0.037,-0.183,0.256,0.110,-0.110,-0.037,0.037,0.00,3.000
6.6150,exit_damp,0.4,-0.9998,nan,-0.40609,-0.07764,-0.68641,0.57436,-0.06682,-0.97451,-0.50761,0.38673,-1.27318,0.42952,0.34871,-0.86612,0.0195,0.0195,0.0586,0.0586,-0.0195,-0.0195,-0.0195,0.0195,0.0195,-0.0195,-0.0586,-0.0586,-0.40609,-0.07764,-0.68641,0.57436,-0.06682,-0.97451,-0.50761,0.38673,-1.27318,0.42952,0.34871,-0.86612,0.183,-0.037,0.183,0.183,-0.110,-0.110,-0.183,0.183,0.110,-0.183,-0.110,-0.037,0.00,3.000
6.6200,exit_damp,0.3,-0.9998,nan,-0.40609,-0.07771,-0.68641,0.57436,-0.06682,-0.97451,-0.50761,0.38673,-1.27315,0.42952,0.34871,-0.86609,0.0195,0.0195,0.0586,-0.1368,-0.1368,0.0195,0.0586,0.0195,0.0586,-0.0195,-0.0586,-0.0195,-0.40609,-0.07771,-0.68641,0.57436,-0.06682,-0.97451,-0.50761,0.38673,-1.27315,0.42952,0.34871,-0.86609,0.110,0.183,0.183,0.110,-0.110,-0.037,-0.110,0.110,0.183,-0.183,-0.110,-0.037,0.00,3.000
6.6250,exit_damp,0.3,-0.9998,nan,-0.40612,-0.07764,-0.68638,0.57436,-0.06682,-0.97451,-0.50768,0.38673,-1.27318,0.42941,0.34871,-0.86612,-0.0195,0.0977,0.0195,0.0195,-0.0195,-0.0195,-0.0977,-0.0586,0.0195,-0.0195,-0.0586,-0.0195,-0.40612,-0.07764,-0.68638,0.57436,-0.06682,-0.97451,-0.50768,0.38673,-1.27318,0.42941,0.34871,-0.86612,0.037,0.110,0.183,0.183,-0.037,-0.183,-0.183,0.037,0.110,-0.183,-0.110,-0.256,0.00,3.000
6.6300,exit_damp,0.3,-0.9998,nan,-0.40609,-0.07771,-0.68638,0.57436,-0.06682,-0.97451,-0.50761,0.38662,-1.27318,0.42952,0.34860,-0.86612,0.0195,0.0195,0.0195,0.0195,-0.0195,-0.0586,-0.0586,0.0195,0.0195,-0.0195,-0.0195,-0.0195,-0.40609,-0.07771,-0.68638,0.57436,-0.06682,-0.97451,-0.50761,0.38662,-1.27318,0.42952,0.34860,-0.86612,0.037,0.037,0.183,0.110,-0.110,-0.037,-0.037,0.110,0.183,-0.037,-0.037,-0.256,0.00,3.000
6.6350,exit_damp,0.3,-0.9998,nan,-0.40609,-0.07771,-0.68638,0.57440,-0.06682,-0.97451,-0.50761,0.38662,-1.27315,0.42952,0.34857,-0.86612,0.0195,0.0586,0.0195,0.0195,-0.0195,-0.0195,-0.0195,0.0195,0.0195,-0.0195,-0.0977,-0.0195,-0.40609,-0.07771,-0.68638,0.57440,-0.06682,-0.97451,-0.50761,0.38662,-1.27315,0.42952,0.34857,-0.86612,0.183,0.037,0.183,0.037,-0.110,-0.110,-0.256,0.110,0.110,-0.110,-0.110,-0.256,0.00,3.000
6.6400,exit_damp,0.2,-0.9998,nan,-0.40609,-0.07771,-0.68638,0.57436,-0.06693,-0.97451,-0.50761,0.38651,-1.27318,0.42952,0.34849,-0.86615,0.0586,0.0586,-0.0195,0.0586,0.0586,-0.0195,-0.1368,0.0195,0.0977,0.0977,-0.0195,-0.0977,-0.40609,-0.07771,-0.68638,0.57436,-0.06693,-0.97451,-0.50761,0.38651,-1.27318,0.42952,0.34849,-0.86615,0.110,0.183,0.110,0.183,-0.183,-0.110,-0.110,0.110,0.110,-0.110,-0.183,-0.183,0.00,3.000
6.6450,exit_damp,0.2,-0.9998,nan,-0.40609,-0.07771,-0.68641,0.57447,-0.06682,-0.97448,-0.50761,0.38648,-1.27309,0.42941,0.34849,-0.86615,0.0195,0.0195,0.0195,0.0195,-0.0195,-0.0195,0.0586,0.0195,0.0586,-0.1368,-0.0195,0.0195,-0.40609,-0.07771,-0.68641,0.57447,-0.06682,-0.97448,-0.50761,0.38648,-1.27309,0.42941,0.34849,-0.86615,0.037,0.183,0.183,0.110,-0.037,-0.110,-0.183,0.183,0.110,-0.110,-0.037,-0.183,0.00,3.000
6.6500,exit_damp,0.2,-0.9998,nan,-0.40609,-0.07771,-0.68641,0.57440,-0.06693,-0.97448,-0.50761,0.38644,-1.27318,0.42941,0.34849,-0.86607,-0.0195,0.0195,0.0586,0.0195,-0.0195,-0.0195,-0.0977,0.0586,0.0195,-0.1368,-0.0195,0.0586,-0.40609,-0.07771,-0.68641,0.57440,-0.06693,-0.97448,-0.50761,0.38644,-1.27318,0.42941,0.34849,-0.86607,0.183,0.037,0.110,0.110,-0.110,-0.110,-0.110,0.110,0.183,-0.110,-0.037,-0.183,0.00,3.000
6.6550,exit_damp,0.2,-0.9998,nan,-0.40612,-0.07782,-0.68647,0.57436,-0.06682,-0.97448,-0.50761,0.38640,-1.27318,0.42952,0.34838,-0.86607,0.0195,-0.0977,0.0195,0.0195,-0.0195,-0.0195,-0.0195,0.0195,-0.0195,-0.0586,-0.0195,-0.0977,-0.40612,-0.07782,-0.68647,0.57436,-0.06682,-0.97448,-0.50761,0.38640,-1.27318,0.42952,0.34838,-0.86607,0.183,0.256,0.183,0.110,-0.037,-0.110,-0.037,0.256,0.110,-0.037,-0.110,-0.256,0.00,3.000
6.6600,exit_damp,0.2,-0.9998,nan,-0.40609,-0.07775,-0.68638,0.57440,-0.06693,-0.97448,-0.50761,0.38640,-1.27315,0.42952,0.34838,-0.86612,0.0195,0.0586,-0.0195,0.0195,-0.0195,-0.0195,-0.0195,-0.0195,0.0195,0.0195,-0.0195,-0.0195,-0.40609,-0.07775,-0.68638,0.57440,-0.06693,-0.97448,-0.50761,0.38640,-1.27315,0.42952,0.34838,-0.86612,0.037,0.256,0.110,0.183,-0.110,-0.110,-0.110,0.183,0.183,-0.110,-0.183,-0.183,0.00,3.000
6.6650,exit_damp,0.1,-0.9998,nan,-0.40612,-0.07771,-0.68641,0.57436,-0.06693,-0.97448,-0.50761,0.38640,-1.27318,0.42948,0.34838,-0.86615,-0.0195,0.1368,0.0195,0.0195,0.0977,-0.0195,-0.0195,0.0195,-0.0195,-0.0195,-0.0195,0.0195,-0.40612,-0.07771,-0.68641,0.57436,-0.06693,-0.97448,-0.50761,0.38640,-1.27318,0.42948,0.34838,-0.86615,0.110,0.037,0.183,0.110,-0.110,-0.110,-0.256,0.183,0.110,-0.037,-0.183,-0.110,0.00,3.000
6.6700,exit_damp,0.3,-0.9998,nan,-0.40609,-0.07775,-0.68641,0.57440,-0.06693,-0.97448,-0.50761,0.38630,-1.27315,0.42952,0.34831,-0.86612,0.0195,0.0586,0.0586,0.0195,-0.0586,-0.0195,-0.0195,0.0195,0.0195,0.0195,-0.0977,-0.0195,-0.40609,-0.07775,-0.68641,0.57440,-0.06693,-0.97448,-0.50761,0.38630,-1.27315,0.42952,0.34831,-0.86612,0.110,0.037,0.037,0.110,-0.037,-0.110,-0.256,0.183,0.110,-0.110,-0.183,0.037,0.00,3.000
6.6750,exit_damp,0.1,-0.9998,nan,-0.40609,-0.07782,-0.68638,0.57436,-0.06693,-0.97451,-0.50761,0.38622,-1.27318,0.42952,0.34831,-0.86612,-0.0195,-0.0195,0.0977,0.0586,-0.1368,0.0195,-0.0195,-0.0195,0.0195,-0.0195,-0.0195,-0.0977,-0.40609,-0.07782,-0.68638,0.57436,-0.06693,-0.97451,-0.50761,0.38622,-1.27318,0.42952,0.34831,-0.86612,0.037,0.256,0.110,0.256,-0.183,-0.110,-0.110,0.183,0.110,-0.183,-0.183,-0.110,0.00,3.000
6.6800,exit_damp,0.1,-0.9998,nan,-0.40620,-0.07771,-0.68641,0.57447,-0.06693,-0.97451,-0.50761,0.38622,-1.27318,0.42952,0.34831,-0.86612,-0.0195,0.1368,0.0586,0.0195,-0.0977,-0.0195,-0.0586,0.0195,-0.0195,-0.0195,-0.0195,-0.0977,-0.40620,-0.07771,-0.68641,0.57447,-0.06693,-0.97451,-0.50761,0.38622,-1.27318,0.42952,0.34831,-0.86612,0.183,0.037,0.110,0.037,-0.110,0.037,-0.110,0.110,0.110,-0.183,-0.037,-0.110,0.00,3.000
6.6850,exit_damp,0.1,-0.9998,nan,-0.40609,-0.07775,-0.68638,0.57436,-0.06693,-0.97448,-0.50761,0.38608,-1.27318,0.42952,0.34831,-0.86607,0.0195,0.0977,0.0586,0.0195,-0.0195,-0.0195,-0.0195,-0.0195,0.0195,-0.0586,-0.0195,-0.0586,-0.40609,-0.07775,-0.68638,0.57436,-0.06693,-0.97448,-0.50761,0.38608,-1.27318,0.42952,0.34831,-0.86607,0.037,0.037,0.110,0.183,-0.110,-0.037,-0.110,0.183,0.110,-0.110,-0.037,-0.256,0.00,3.000
6.6900,exit_damp,0.0,-0.9998,nan,-0.40609,-0.07775,-0.68638,0.57436,-0.06682,-0.97448,-0.50761,0.38608,-1.27318,0.42948,0.34820,-0.86612,0.0195,0.0195,0.0195,0.0195,0.0977,-0.0195,-0.0195,0.0195,0.0195,0.0977,-0.0195,0.0586,-0.40609,-0.07775,-0.68638,0.57436,-0.06682,-0.97448,-0.50761,0.38608,-1.27318,0.42948,0.34820,-0.86612,0.037,0.256,0.183,0.183,-0.037,-0.110,-0.183,0.110,0.110,-0.183,-0.110,0.037,0.00,3.000
6.6950,exit_damp,0.1,-0.9998,nan,-0.40609,-0.07775,-0.68638,0.57436,-0.06682,-0.97448,-0.50761,0.38597,-1.27315,0.42941,0.34820,-0.86612,0.0195,0.0586,0.0586,0.0195,-0.0195,-0.0195,-0.0195,0.0195,0.0195,-0.0195,-0.0195,0.0586,-0.40609,-0.07775,-0.68638,0.57436,-0.06682,-0.97448,-0.50761,0.38597,-1.27315,0.42941,0.34820,-0.86612,0.183,0.037,0.110,0.183,-0.110,-0.110,-0.110,0.110,0.037,-0.183,-0.110,0.037,0.00,3.000
6.7000,exit_damp,1.0,-0.9998,nan,-0.40609,-0.07775,-0.68638,0.57440,-0.06693,-0.97448,-0.50761,0.38597,-1.27318,0.42952,0.34820,-0.86612,-0.0195,0.0195,0.0586,0.0195,-0.0195,-0.0195,0.1758,-0.0195,-0.0586,-0.0195,-0.0195,0.0586,-0.40609,-0.07775,-0.68638,0.57440,-0.06693,-0.97448,-0.50761,0.38597,-1.27318,0.42952,0.34820,-0.86612,0.037,0.183,0.183,0.110,-0.110,-0.110,-0.110,0.110,0.110,-0.183,-0.110,0.037,0.00,3.000
6.7050,exit_damp,1.0,-0.9998,nan,-0.40609,-0.07775,-0.68638,0.57436,-0.06693,-0.97448,-0.50761,0.38597,-1.27318,0.42952,0.34813,-0.86612,0.1758,0.0195,0.0195,0.0195,-0.0195,-0.0195,-0.0586,-0.0977,0.0195,-0.1368,-0.0977,0.0586,-0.40609,-0.07775,-0.68638,0.57436,-0.06693,-0.97448,-0.50761,0.38597,-1.27318,0.42952,0.34813,-0.86612,0.037,0.256,0.037,0.037,-0.110,-0.037,-0.037,0.183,0.110,-0.110,-0.037,0.037,0.00,3.000
6.7100,exit_damp,1.0,-0.9998,nan,-0.40609,-0.07771,-0.68638,0.57447,-0.06693,-0.97448,-0.50761,0.38586,-1.27315,0.42941,0.34813,-0.86612,0.0195,0.0195,-0.0195,-0.0977,-0.1368,-0.0195,-0.0195,0.0195,0.0195,-0.1368,-0.0977,0.0586,-0.40609,-0.07771,-0.68638,0.57447,-0.06693,-0.97448,-0.50761,0.38586,-1.27315,0.42941,0.34813,-0.86612,0.037,-0.037,0.110,0.183,-0.110,-0.037,-0.256,0.110,0.183,-0.183,-0.110,0.037,0.00,3.000
6.7150,exit_damp,0.9,-0.9998,nan,-0.40609,-0.07771,-0.68638,0.57451,-0.06693,-0.97448,-0.50761,0.38578,-1.27306,0.42941,0.34813,-0.86612,-0.0195,0.0586,-0.0195,0.0195,0.0977,-0.0195,-0.0195,0.0195,0.0195,-0.0586,-0.0977,0.0586,-0.40609,-0.07771,-0.68638,0.57451,-0.06693,-0.97448,-0.50761,0.38578,-1.27306,0.42941,0.34813,-0.86612,0.110,0.110,0.183,0.037,-0.037,-0.110,-0.110,0.110,0.183,-0.256,-0.110,0.037,0.00,3.000
6.7200,exit_damp,0.9,-0.9998,nan,-0.40609,-0.07771,-0.68633,0.57440,-0.06693,-0.97448,-0.50761,0.38578,-1.27318,0.42952,0.34805,-0.86612,0.0586,0.0195,-0.0586,-0.0195,-0.0195,0.0195,-0.0977,0.0977,0.0586,-0.1368,-0.0195,0.0586,-0.40609,-0.07771,-0.68633,0.57440,-0.06693,-0.97448,-0.50761,0.38578,-1.27318,0.42952,0.34805,-0.86612,0.110,0.183,0.037,0.110,-0.110,-0.110,-0.110,0.183,0.110,-0.183,-0.183,-0.110,0.00,3.000
6.7250,exit_damp,0.9,-0.9998,nan,-0.40609,-0.07775,-0.68641,0.57440,-0.06682,-0.97448,-0.50768,0.38578,-1.27315,0.42952,0.34805,-0.86612,0.0195,0.0586,0.0586,0.0195,-0.0195,-0.0586,-0.0977,0.1368,0.0586,0.1368,-0.0195,0.0586,-0.40609,-0.07775,-0.68641,0.57440,-0.06682,-0.97448,-0.50768,0.38578,-1.27315,0.42952,0.34805,-0.86612,0.110,0.037,0.110,0.183,-0.110,-0.110,-0.183,0.183,0.037,-0.037,-0.183,-0.110,0.00,3.000
6.7300,exit_damp,0.9,-0.9998,nan,-0.40612,-0.07779,-0.68641,0.57440,-0.06693,-0.97448,-0.50761,0.38564,-1.27315,0.42952,0.34805,-0.86612,0.0195,-0.0195,0.0195,0.0586,-0.0195,0.0195,-0.0195,-0.0195,0.0195,-0.0195,-0.0977,0.0586,-0.40612,-0.07779,-0.68641,0.57440,-0.06693,-0.97448,-0.50761,0.38564,-1.27315,0.42952,0.34805,-0.86612,0.037,0.256,0.110,0.183,-0.037,-0.037,-0.110,0.183,0.110,-0.256,-0.183,-0.110,0.00,3.000
6.7350,exit_damp,0.9,-0.9998,nan,-0.40609,-0.07779,-0.68638,0.57436,-0.06686,-0.97448,-0.50761,0.38556,-1.27315,0.42941,0.34805,-0.86615,0.0195,0.0586,0.0195,0.0195,-0.0195,-0.0195,0.0195,0.0195,-0.0195,0.0977,-0.0977,0.0195,-0.40609,-0.07779,-0.68638,0.57436,-0.06686,-0.97448,-0.50761,0.38556,-1.27315,0.42941,0.34805,-0.86615,0.110,0.037,0.110,0.037,-0.183,-0.256,-0.110,0.183,0.037,-0.037,-0.183,-0.256,0.00,3.000
6.7400,exit_damp,0.8,-0.9998,nan,-0.40612,-0.07775,-0.68638,0.57436,-0.06693,-0.97448,-0.50761,0.38556,-1.27315,0.42952,0.34805,-0.86615,0.0195,-0.0586,0.0195,0.0195,-0.0195,-0.0195,-0.0195,0.0195,0.0195,-0.0195,-0.0977,0.0195,-0.40612,-0.07775,-0.68638,0.57436,-0.06693,-0.97448,-0.50761,0.38556,-1.27315,0.42952,0.34805,-0.86615,0.183,0.110,0.110,0.183,-0.110,-0.110,-0.110,0.183,0.183,-0.110,-0.183,-0.110,0.00,3.000
6.7450,exit_damp,0.8,-0.9998,nan,-0.40609,-0.07771,-0.68641,0.57440,-0.06693,-0.97448,-0.50761,0.38556,-1.27315,0.42952,0.34805,-0.86615,-0.0195,0.0195,0.0195,-0.0195,-0.0195,-0.0195,-0.0195,-0.0195,0.0195,-0.0977,-0.0977,0.0195,-0.40609,-0.07771,-0.68641,0.57440,-0.06693,-0.97448,-0.50761,0.38556,-1.27315,0.42952,0.34805,-0.86615,0.183,0.183,0.037,0.110,-0.110,-0.110,-0.110,0.183,0.183,-0.256,-0.183,-0.110,0.00,3.000
6.7500,exit_damp,0.8,-0.9998,nan,-0.40609,-0.07775,-0.68641,0.57436,-0.06693,-0.97448,-0.50765,0.38542,-1.27315,0.42952,0.34805,-0.86615,0.0195,0.0195,-0.0195,-0.0195,0.0977,-0.0195,-0.0195,0.1368,0.0195,0.0977,-0.0977,0.0586,-0.40609,-0.07775,-0.68641,0.57436,-0.06693,-0.97448,-0.50765,0.38542,-1.27315,0.42952,0.34805,-0.86615,0.110,0.037,0.110,0.183,-0.110,-0.037,-0.110,0.256,0.110,-0.110,-0.183,-0.110,0.00,3.000
6.7550,exit_damp,0.8,-0.9998,nan,-0.40602,-0.07782,-0.68638,0.57436,-0.06693,-0.97448,-0.50761,0.38542,-1.27318,0.42941,0.34805,-0.86612,0.0977,0.0977,0.0195,0.0586,-0.0195,-0.0586,-0.0977,-0.0977,-0.0195,-0.1368,-0.0977,-0.0977,-0.40602,-0.07782,-0.68638,0.57436,-0.06693,-0.97448,-0.50761,0.38542,-1.27318,0.42941,0.34805,-0.86612,0.110,0.256,0.110,0.183,-0.183,-0.110,-0.110,0.183,0.183,-0.037,-0.183,-0.183,0.00,3.000
6.7600,exit_damp,0.8,-0.9998,nan,-0.40609,-0.07775,-0.68641,0.57447,-0.06693,-0.97448,-0.50761,0.38524,-1.27318,0.42948,0.34794,-0.86612,0.0586,0.0586,-0.0195,0.0586,-0.0195,0.1368,-0.0195,-0.1368,0.0195,0.0586,-0.0586,-0.0977,-0.40609,-0.07775,-0.68641,0.57447,-0.06693,-0.97448,-0.50761,0.38524,-1.27318,0.42948,0.34794,-0.86612,0.183,0.256,0.110,0.110,-0.183,-0.110,-0.110,0.183,0.183,-0.110,-0.110,-0.183,0.00,3.000
6.7650,exit_damp,0.8,-0.9998,nan,-0.40609,-0.07775,-0.68641,0.57440,-0.06693,-0.97451,-0.50768,0.38524,-1.27321,0.42948,0.34794,-0.86612,0.0195,0.0195,0.0586,0.0586,-0.0977,-0.0586,0.0586,-0.1368,0.0195,-0.0195,-0.0586,-0.0977,-0.40609,-0.07775,-0.68641,0.57440,-0.06693,-0.97451,-0.50768,0.38524,-1.27321,0.42948,0.34794,-0.86612,0.110,0.037,0.110,0.183,-0.110,-0.110,-0.110,0.183,0.183,-0.110,-0.110,-0.183,0.00,3.000
6.7700,exit_damp,0.7,-0.9998,nan,-0.40609,-0.07782,-0.68641,0.57436,-0.06693,-0.97448,-0.50761,0.38520,-1.27318,0.42941,0.34794,-0.86612,0.0195,0.0195,0.0977,-0.0586,-0.0195,-0.0195,-0.0195,-0.0195,0.0586,-0.1368,-0.0195,-0.0977,-0.40609,-0.07782,-0.68641,0.57436,-0.06693,-0.97448,-0.50761,0.38520,-1.27318,0.42941,0.34794,-0.86612,0.183,0.256,0.183,0.183,-0.110,-0.110,-0.256,0.183,0.110,-0.183,-0.183,-0.183,0.00,3.000
6.7750,exit_damp,0.7,-0.9998,nan,-0.40609,-0.07782,-0.68641,0.57447,-0.06693,-0.97448,-0.50761,0.38513,-1.27315,0.42941,0.34787,-0.86612,0.0195,0.0195,-0.0586,0.0195,-0.0195,-0.0586,-0.0195,0.0195,0.0195,-0.0586,-0.0977,0.0195,-0.40609,-0.07782,-0.68641,0.57447,-0.06693,-0.97448,-0.50761,0.38513,-1.27315,0.42941,0.34787,-0.86612,0.110,0.256,0.110,0.110,-0.110,-0.110,-0.110,0.183,0.110,-0.183,-0.183,-0.037,0.00,3.000
6.7800,exit_damp,0.7,-0.9998,nan,-0.40609,-0.07782,-0.68641,0.57440,-0.06693,-0.97448,-0.50761,0.38498,-1.27318,0.42952,0.34787,-0.86612,0.0195,0.0195,0.0195,0.0195,-0.0195,-0.0195,-0.0195,0.0195,0.0195,-0.0195,-0.0977,-0.0195,-0.40609,-0.07782,-0.68641,0.57440,-0.06693,-0.97448,-0.50761,0.38498,-1.27318,0.42952,0.34787,-0.86612,0.037,0.256,0.183,0.183,-0.110,-0.110,-0.110,0.183,0.110,-0.183,-0.183,-0.037,0.00,3.000
6.7850,exit_damp,0.7,-0.9998,nan,-0.40609,-0.07775,-0.68638,0.57447,-0.06693,-0.97448,-0.50761,0.38480,-1.27318,0.42952,0.34787,-0.86612,0.0195,0.0195,-0.0586,0.1368,-0.0195,-0.0195,-0.0195,-0.1368,0.0195,-0.0586,-0.0195,-0.0586,-0.40609,-0.07775,-0.68638,0.57447,-0.06693,-0.97448,-0.50761,0.38480,-1.27318,0.42952,0.34787,-0.86612,0.183,0.110,0.183,0.037,-0.110,-0.183,-0.256,0.183,0.110,-0.110,-0.110,-0.256,0.00,3.000
6.7900,exit_damp,0.6,-0.9998,nan,-0.40609,-0.07782,-0.68641,0.57447,-0.06693,-0.97448,-0.50761,0.38480,-1.27318,0.42952,0.34787,-0.86612,0.0195,0.0195,0.0195,0.0977,0.0977,-0.0195,-0.0195,0.0195,0.0977,-0.0195,-0.0977,-0.0195,-0.40609,-0.07782,-0.68641,0.57447,-0.06693,-0.97448,-0.50761,0.38480,-1.27318,0.42952,0.34787,-0.86612,0.183,0.183,0.183,0.183,-0.183,-0.110,-0.110,0.183,0.183,-0.183,-0.110,-0.256,0.00,3.000
6.7950,exit_damp,0.6,-0.9998,nan,-0.40609,-0.07782,-0.68638,0.57436,-0.06693,-0.97448,-0.50761,0.38472,-1.27309,0.42952,0.34787,-0.86612,0.0195,-0.0586,0.0195,-0.0977,-0.0195,-0.0195,-0.0195,0.0195,0.0586,-0.0586,0.0586,-0.0195,-0.40609,-0.07782,-0.68638,0.57436,-0.06693,-0.97448,-0.50761,0.38472,-1.27309,0.42952,0.34787,-0.86612,0.110,0.183,0.110,0.037,-0.110,-0.037,-0.037,0.110,0.110,-0.183,-0.110,-0.256,0.00,3.000
6.8000,exit_damp,0.6,-0.9998,nan,-0.40609,-0.07782,-0.68641,0.57436,-0.06693,-0.97457,-0.50761,0.38469,-1.27318,0.42941,0.34791,-0.86612,-0.0195,0.0195,0.0195,0.0195,0.0586,-0.0195,-0.0586,-0.0977,0.0195,-0.1368,0.0195,-0.0195,-0.40609,-0.07782,-0.68641,0.57436,-0.06693,-0.97457,-0.50761,0.38469,-1.27318,0.42941,0.34791,-0.86612,0.037,0.183,0.110,0.110,-0.183,-0.110,-0.256,0.330,0.110,-0.256,-0.110,0.037,0.00,3.000
6.8050,exit_damp,0.5,-0.9998,nan,-0.40612,-0.07782,-0.68641,0.57447,-0.06693,-0.97448,-0.50761,0.38450,-1.27318,0.42941,0.34787,-0.86615,-0.0586,0.0195,-0.0195,0.1758,-0.0195,-0.0195,0.0195,0.0977,0.0195,-0.0586,-0.0195,-0.0586,-0.40612,-0.07782,-0.68641,0.57447,-0.06693,-0.97448,-0.50761,0.38450,-1.27318,0.42941,0.34787,-0.86615,0.183,0.110,0.037,0.110,-0.110,-0.183,-0.110,0.183,0.110,-0.183,-0.183,-0.037,0.00,3.000
6.8100,exit_damp,0.6,-0.9998,nan,-0.40612,-0.07782,-0.68638,0.57440,-0.06693,-0.97448,-0.50750,0.38447,-1.27318,0.42941,0.34791,-0.86615,0.0195,0.0977,0.0195,0.0195,-0.0195,-0.0195,0.0586,-0.0586,0.0195,-0.0195,0.0195,0.0195,-0.40612,-0.07782,-0.68638,0.57440,-0.06693,-0.97448,-0.50750,0.38447,-1.27318,0.42941,0.34791,-0.86615,0.037,0.183,0.110,0.037,-0.110,-0.110,-0.183,0.183,0.110,-0.110,-0.183,-0.183,0.00,3.000
6.8150,exit_damp,0.5,-0.9998,nan,-0.40609,-0.07782,-0.68638,0.57436,-0.06693,-0.97448,-0.50761,0.38436,-1.27318,0.42941,0.34787,-0.86615,0.0195,0.0195,0.0195,0.0586,-0.0195,-0.0195,-0.0195,0.0195,0.0195,-0.0195,-0.1368,-0.0586,-0.40609,-0.07782,-0.68638,0.57436,-0.06693,-0.97448,-0.50761,0.38436,-1.27318,0.42941,0.34787,-0.86615,0.037,0.110,0.110,0.183,-0.110,-0.110,-0.256,0.110,0.110,-0.037,-0.183,-0.256,0.00,3.000
6.8200,exit_damp,0.5,-0.9998,nan,-0.40612,-0.07782,-0.68638,0.57436,-0.06693,-0.97448,-0.50772,0.38436,-1.27318,0.42941,0.34787,-0.86612,0.0195,-0.0195,0.0586,0.0195,-0.0195,-0.0195,-0.0977,0.0195,0.0195,-0.0977,-0.0195,-0.0195,-0.40612,-0.07782,-0.68638,0.57436,-0.06693,-0.97448,-0.50772,0.38436,-1.27318,0.42941,0.34787,-0.86612,0.183,0.037,0.183,0.110,-0.183,-0.110,-0.110,0.256,0.256,-0.183,-0.183,-0.183,0.00,3.000
6.8250,exit_damp,0.5,-0.9998,nan,-0.40609,-0.07775,-0.68638,0.57436,-0.06693,-0.97451,-0.50761,0.38425,-1.27315,0.42941,0.34787,-0.86612,0.0195,0.0195,0.0195,0.0195,-0.0195,-0.0195,0.0586,0.0195,-0.0977,-0.0195,0.0586,-0.0586,-0.40609,-0.07775,-0.68638,0.57436,-0.06693,-0.97451,-0.50761,0.38425,-1.27315,0.42941,0.34787,-0.86612,0.183,0.256,0.110,0.037,-0.183,0.037,-0.110,0.183,0.110,-0.110,-0.183,-0.256,0.00,3.000
6.8300,exit_damp,0.4,-0.9998,nan,-0.40609,-0.07782,-0.68633,0.57436,-0.06704,-0.97448,-0.50761,0.38414,-1.27309,0.42941,0.34791,-0.86615,0.0195,-0.0586,0.0195,-0.0195,-0.0586,-0.0195,-0.0195,0.0195,0.0586,-0.0195,-0.0977,-0.0586,-0.40609,-0.07782,-0.68633,0.57436,-0.06704,-0.97448,-0.50761,0.38414,-1.27309,0.42941,0.34791,-0.86615,0.183,0.183,0.183,0.037,-0.183,-0.110,-0.110,0.256,0.110,-0.183,-0.110,-0.110,0.00,3.000
6.8350,exit_damp,0.4,-0.9998,nan,-0.40609,-0.07775,-0.68638,0.57436,-0.06693,-0.97448,-0.50761,0.38414,-1.27318,0.42941,0.34787,-0.86607,0.0195,0.0195,0.0586,0.0195,0.0586,-0.0195,-0.0586,-0.0195,0.0195,-0.0195,-0.0977,0.0586,-0.40609,-0.07775,-0.68638,0.57436,-0.06693,-0.97448,-0.50761,0.38414,-1.27318,0.42941,0.34787,-0.86607,0.183,0.110,0.183,0.110,-0.183,-0.110,-0.110,0.183,0.110,-0.183,-0.183,-0.110,0.00,3.000
6.8400,exit_damp,0.4,-0.9998,nan,-0.40609,-0.07782,-0.68638,0.57436,-0.06700,-0.97448,-0.50761,0.38407,-1.27318,0.42941,0.34787,-0.86612,0.0586,-0.0977,0.0195,0.0195,-0.0195,-0.0195,-0.0195,-0.0195,0.0195,-0.0195,-0.0977,-0.0586,-0.40609,-0.07782,-0.68638,0.57436,-0.06700,-0.97448,-0.50761,0.38407,-1.27318,0.42941,0.34787,-0.86612,0.183,0.256,0.183,0.183,-0.183,-0.110,-0.110,0.183,0.110,-0.183,-0.037,0.037,0.00,3.000
6.8450,exit_damp,0.4,-0.9998,nan,-0.40609,-0.07782,-0.68638,0.57451,-0.06704,-0.97448,-0.50761,0.38392,-1.27318,0.42941,0.34780,-0.86612,-0.0195,0.0195,0.0586,0.0977,-0.0195,-0.0977,-0.0195,-0.1368,-0.0195,-0.0195,-0.0977,-0.0586,-0.40609,-0.07782,-0.68638,0.57451,-0.06704,-0.97448,-0.50761,0.38392,-1.27318,0.42941,0.34780,-0.86612,0.183,0.037,0.183,0.037,-0.110,-0.183,-0.110,0.183,0.183,-0.110,-0.110,0.037,0.00,3.000
6.8500,exit_damp,0.3,-0.9998,nan,-0.40609,-0.07782,-0.68638,0.57440,-0.06704,-0.97448,-0.50768,0.38392,-1.27318,0.42941,0.34780,-0.86607,0.0195,0.0195,0.0195,-0.0195,-0.0586,-0.0195,-0.0195,0.0195,-0.0586,-0.0195,-0.0586,-0.0586,-0.40609,-0.07782,-0.68638,0.57440,-0.06704,-0.97448,-0.50768,0.38392,-1.27318,0.42941,0.34780,-0.86607,0.037,0.183,0.110,0.037,-0.110,-0.110,-0.256,0.183,0.110,-0.183,-0.110,-0.256,0.00,3.000
6.8550,exit_damp,0.3,-0.9998,nan,-0.40609,-0.07782,-0.68641,0.57436,-0.06693,-0.97457,-0.50761,0.38392,-1.27318,0.42952,0.34776,-0.86615,0.0195,0.0195,0.0195,-0.0977,-0.0195,0.0586,-0.0195,0.0195,0.0195,-0.0195,0.0977,-0.0195,-0.40609,-0.07782,-0.68641,0.57436,-0.06693,-0.97457,-0.50761,0.38392,-1.27318,0.42952,0.34776,-0.86615,0.110,0.037,0.110,0.183,-0.037,-0.110,-0.037,0.183,0.110,-0.110,-0.110,-0.256,0.00,3.000
6.8600,exit_damp,0.3,-0.9998,nan,-0.40609,-0.07782,-0.68641,0.57436,-0.06704,-0.97448,-0.50761,0.38392,-1.27306,0.42952,0.34769,-0.86612,-0.0195,0.0195,-0.0195,0.0195,-0.0195,-0.0977,-0.0195,0.0977,-0.0195,-0.0195,-0.0195,-0.0195,-0.40609,-0.07782,-0.68641,0.57436,-0.06704,-0.97448,-0.50761,0.38392,-1.27306,0.42952,0.34769,-0.86612,0.037,-0.037,0.183,0.183,-0.110,-0.110,-0.037,0.183,0.183,-0.256,-0.037,-0.256,0.00,3.000
6.8650,exit_damp,0.3,-0.9998,nan,-0.40609,-0.07782,-0.68641,0.57440,-0.06700,-0.97459,-0.50761,0.38384,-1.27318,0.42941,0.34773,-0.86612,0.0195,0.0195,-0.0195,-0.0977,-0.0195,-0.0195,0.0195,0.0195,0.0586,-0.0195,-0.0586,-0.0195,-0.40609,-0.07782,-0.68641,0.57440,-0.06700,-0.97459,-0.50761,0.38384,-1.27318,0.42941,0.34773,-0.86612,0.037,0.037,0.037,0.037,-0.110,-0.183,-0.110,0.183,0.256,-0.110,-0.183,-0.110,0.00,3.000
6.8700,exit_damp,0.4,-0.9998,nan,-0.40609,-0.07793,-0.68638,0.57436,-0.06700,-0.97448,-0.50761,0.38384,-1.27318,0.42941,0.34769,-0.86612,0.0586,0.0195,0.0586,-0.1368,-0.0195,-0.0586,-0.0195,-0.0586,0.0586,-0.0195,-0.0195,-0.0586,-0.40609,-0.07793,-0.68638,0.57436,-0.06700,-0.97448,-0.50761,0.38384,-1.27318,0.42941,0.34769,-0.86612,0.183,0.256,0.037,0.183,-0.110,-0.110,-0.110,0.110,0.110,-0.110,-0.110,-0.110,0.00,3.000
6.8750,exit_damp,0.2,-0.9998,nan,-0.40609,-0.07782,-0.68638,0.57436,-0.06700,-0.97448,-0.50761,0.38384,-1.27318,0.42941,0.34769,-0.86615,0.0195,0.1368,-0.0195,0.0195,-0.0195,-0.0195,-0.0586,0.0195,0.0586,-0.0195,-0.0195,0.0195,-0.40609,-0.07782,-0.68638,0.57436,-0.06700,-0.97448,-0.50761,0.38384,-1.27318,0.42941,0.34769,-0.86615,0.183,0.110,0.110,0.110,-0.110,-0.330,-0.110,0.110,0.110,-0.183,-0.110,-0.037,0.00,3.000
6.8800,exit_damp,0.2,-0.9998,nan,-0.40602,-0.07782,-0.68641,0.57436,-0.06693,-0.97451,-0.50765,0.38374,-1.27318,0.42941,0.34769,-0.86612,0.0195,0.0977,0.0195,0.0195,0.0977,-0.0195,-0.0977,0.0195,-0.0195,-0.0195,-0.0977,-0.0195,-0.40602,-0.07782,-0.68641,0.57436,-0.06693,-0.97451,-0.50765,0.38374,-1.27318,0.42941,0.34769,-0.86612,0.110,-0.037,0.183,0.110,-0.110,-0.110,-0.256,0.183,0.110,-0.037,-0.183,-0.256,0.00,3.000
6.8850,exit_damp,0.2,-0.9998,nan,-0.40609,-0.07782,-0.68641,0.57436,-0.06704,-0.97451,-0.50761,0.38370,-1.27318,0.42948,0.34762,-0.86615,0.0195,0.0195,0.0586,-0.0195,0.0195,-0.0195,0.0586,-0.0195,0.0195,-0.0195,-0.0977,-0.0586,-0.40609,-0.07782,-0.68641,0.57436,-0.06704,-0.97451,-0.50761,0.38370,-1.27318,0.42948,0.34762,-0.86615,0.183,0.110,0.110,0.183,-0.110,-0.110,-0.330,0.256,0.183,-0.183,-0.110,-0.256,0.00,3.000
6.8900,exit_damp,0.2,-0.9998,nan,-0.40602,-0.07790,-0.68641,0.57436,-0.06700,-0.97448,-0.50761,0.38374,-1.27306,0.42941,0.34762,-0.86615,0.0195,0.0195,0.0195,0.0586,-0.0586,-0.0195,-0.0195,0.0195,0.0586,0.0977,-0.0195,-0.0195,-0.40602,-0.07790,-0.68641,0.57436,-0.06700,-0.97448,-0.50761,0.38374,-1.27306,0.42941,0.34762,-0.86615,0.183,0.256,0.110,0.183,-0.037,-0.110,-0.110,0.110,0.110,-0.183,-0.183,-0.037,0.00,3.000
6.8950,exit_damp,0.1,-0.9998,nan,-0.40609,-0.07793,-0.68641,0.57436,-0.06700,-0.97448,-0.50761,0.38370,-1.27318,0.42941,0.34762,-0.86612,0.0195,0.0977,0.0977,0.0586,-0.0586,0.0195,-0.0195,-0.0195,0.0586,-0.1368,-0.0586,-0.0195,-0.40609,-0.07793,-0.68641,0.57436,-0.06700,-0.97448,-0.50761,0.38370,-1.27318,0.42941,0.34762,-0.86612,0.110,0.037,0.183,0.037,-0.110,-0.110,-0.110,0.110,0.110,-0.183,-0.037,-0.110,0.00,3.000
6.9000,exit_damp,0.1,-0.9998,nan,-0.40609,-0.07793,-0.68641,0.57436,-0.06700,-0.97451,-0.50768,0.38363,-1.27315,0.42941,0.34758,-0.86612,-0.0195,0.0586,-0.0195,0.0195,-0.0586,-0.0586,-0.0195,-0.0195,-0.0586,-0.1368,-0.0586,-0.0195,-0.40609,-0.07793,-0.68641,0.57436,-0.06700,-0.97451,-0.50768,0.38363,-1.27315,0.42941,0.34758,-0.86612,0.110,0.256,0.183,0.183,-0.110,-0.110,-0.110,0.110,0.110,-0.256,-0.110,-0.037,0.00,3.000
6.9050,exit_damp,0.1,-0.9998,nan,-0.40609,-0.07782,-0.68638,0.57436,-0.06700,-0.97448,-0.50761,0.38363,-1.27306,0.42941,0.34762,-0.86607,-0.0586,0.0195,0.0195,0.0195,0.0977,-0.0195,-0.0195,0.0977,-0.0195,-0.0195,-0.0195,-0.0586,-0.40609,-0.07782,-0.68638,0.57436,-0.06700,-0.97448,-0.50761,0.38363,-1.27306,0.42941,0.34762,-0.86607,0.183,0.037,0.110,0.110,-0.110,-0.110,-0.110,0.110,0.256,-0.183,-0.110,-0.110,0.00,3.000
6.9100,exit_damp,0.1,-0.9998,nan,-0.40609,-0.07790,-0.68641,0.57436,-0.06711,-0.97457,-0.50761,0.38370,-1.27309,0.42941,0.34762,-0.86615,-0.0586,-0.0586,0.0195,0.0195,-0.0195,-0.0195,-0.0195,0.0586,0.0195,-0.0195,-0.0195,-0.0586,-0.40609,-0.07790,-0.68641,0.57436,-0.06711,-0.97457,-0.50761,0.38370,-1.27309,0.42941,0.34762,-0.86615,0.183,0.256,0.037,0.110,-0.183,-0.037,-0.110,0.183,0.110,-0.110,-0.110,-0.256,0.00,3.000
6.9150,exit_damp,0.1,-0.9998,nan,-0.40609,-0.07782,-0.68638,0.57436,-0.06700,-0.97448,-0.50761,0.38370,-1.27318,0.42941,0.34758,-0.86612,0.0195,0.0195,-0.0195,0.0586,0.0195,-0.0586,-0.0195,0.0195,-0.0586,-0.1368,-0.0586,0.0586,-0.40609,-0.07782,-0.68638,0.57436,-0.06700,-0.97448,-0.50761,0.38370,-1.27318,0.42941,0.34758,-0.86612,0.037,0.110,0.183,0.183,-0.110,-0.110,-0.110,0.183,0.110,-0.110,-0.110,-0.037,0.00,3.000
6.9200,exit_damp,0.1,-0.9998,nan,-0.40609,-0.07782,-0.68641,0.57440,-0.06693,-0.97448,-0.50761,0.38363,-1.27318,0.42941,0.34758,-0.86607,0.0586,0.1368,0.0977,0.0586,-0.0195,-0.0195,-0.0195,-0.0586,-0.0195,-0.1368,0.0195,0.0195,-0.40609,-0.07782,-0.68641,0.57440,-0.06693,-0.97448,-0.50761,0.38363,-1.27318,0.42941,0.34758,-0.86607,0.183,0.256,0.183,0.183,-0.110,-0.110,-0.110,0.110,0.183,-0.110,-0.110,0.037,0.00,3.000
6.9250,exit_damp,0.1,-0.9998,nan,-0.40609,-0.07782,-0.68638,0.57436,-0.06711,-0.97448,-0.50765,0.38363,-1.27318,0.42941,0.34758,-0.86609,0.0195,-0.0977,-0.0195,0.0586,0.0195,0.0195,0.0977,0.0195,-0.0195,-0.0977,-0.0195,0.0195,-0.40609,-0.07782,-0.68638,0.57436,-0.06711,-0.97448,-0.50765,0.38363,-1.27318,0.42941,0.34758,-0.86609,0.183,0.037,0.183,0.183,-0.037,-0.110,-0.110,0.183,0.110,-0.183,-0.110,-0.037,0.00,3.000
6.9300,exit_damp,1.0,-0.9998,nan,-0.40612,-0.07782,-0.68641,0.57436,-0.06704,-0.97448,-0.50761,0.38363,-1.27318,0.42941,0.34762,-0.86615,-0.0195,0.0195,-0.0195,-0.1368,-0.0195,-0.0586,-0.0195,-0.0586,0.0586,-0.0195,0.0977,0.0195,-0.40612,-0.07782,-0.68641,0.57436,-0.06704,-0.97448,-0.50761,0.38363,-1.27318,0.42941,0.34762,-0.86615,0.110,0.110,0.110,0.037,-0.183,-0.110,-0.110,0.110,0.183,-0.110,-0.183,0.037,0.00,3.000
6.9350,exit_damp,1.0,-0.9998,nan,-0.40609,-0.07782,-0.68641,0.57436,-0.06700,-0.97451,-0.50761,0.38366,-1.27318,0.42941,0.34758,-0.86615,0.0195,0.0195,0.0195,-0.1368,-0.0586,-0.0195,-0.0586,0.1368,0.0586,-0.0195,-0.0977,-0.0195,-0.40609,-0.07782,-0.68641,0.57436,-0.06700,-0.97451,-0.50761,0.38366,-1.27318,0.42941,0.34758,-0.86615,0.110,0.256,0.110,0.110,-0.183,-0.110,-0.183,0.183,0.110,-0.037,-0.110,0.037,0.00,3.000
6.9400,exit_damp,1.0,-0.9998,nan,-0.40602,-0.07782,-0.68641,0.57447,-0.06704,-0.97451,-0.50761,0.38363,-1.27318,0.42941,0.34762,-0.86615,0.0195,0.0195,0.0195,0.0195,-0.0195,-0.0195,-0.0195,0.0195,0.0195,-0.0195,-0.0977,-0.0195,-0.40602,-0.07782,-0.68641,0.57447,-0.06704,-0.97451,-0.50761,0.38363,-1.27318,0.42941,0.34762,-0.86615,0.110,0.037,0.110,0.110,-0.183,-0.110,-0.110,0.183,0.110,-0.256,-0.183,-0.183,0.00,3.000
6.9450,exit_damp,0.9,-0.9998,nan,-0.40609,-0.07782,-0.68633,0.57440,-0.06700,-0.97451,-0.50757,0.38370,-1.27309,0.42941,0.34758,-0.86615,0.0195,0.1368,0.0195,-0.0977,-0.0195,0.0195,-0.0195,0.0977,-0.0586,-0.0195,-0.0977,-0.0195,-0.40609,-0.07782,-0.68633,0.57440,-0.06700,-0.97451,-0.50757,0.38370,-1.27309,0.42941,0.34758,-0.86615,0.110,0.183,0.110,0.110,-0.183,-0.110,-0.037,0.183,0.110,-0.183,-0.110,0.037,0.00,3.000
6.9500,exit_damp,0.9,-0.9998,nan,-0.40609,-0.07782,-0.68641,0.57436,-0.06704,-0.97448,-0.50761,0.38363,-1.27315,0.42941,0.34754,-0.86607,0.0195,0.0195,0.0195,0.0195,-0.0195,-0.0586,0.0977,0.0195,0.0195,-0.0195,0.0586,-0.0586,-0.40609,-0.07782,-0.68641,0.57436,-0.06704,-0.97448,-0.50761,0.38363,-1.27315,0.42941,0.34754,-0.86607,0.110,0.183,0.110,0.183,-0.183,-0.110,-0.256,0.110,0.110,-0.110,-0.110,-0.110,0.00,3.000
6.9550,exit_damp,0.9,-0.9998,nan,-0.40609,-0.07782,-0.68641,0.57436,-0.06700,-0.97451,-0.50761,0.38363,-1.27318,0.42941,0.34758,-0.86612,0.0977,0.0195,-0.0195,0.0586,-0.0195,-0.0195,-0.0195,0.0195,0.0586,-0.1368,0.0195,-0.0195,-0.40609,-0.07782,-0.68641,0.57436,-0.06700,-0.97451,-0.50761,0.38363,-1.27318,0.42941,0.34758,-0.86612,0.183,0.256,0.110,0.037,-0.110,-0.110,-0.110,0.183,0.183,-0.110,-0.037,-0.037,0.00,3.000
6.9600,exit_damp,0.9,-0.9998,nan,-0.40609,-0.07793,-0.68641,0.57440,-0.06700,-0.97448,-0.50761,0.38363,-1.27318,0.42941,0.34758,-0.86607,-0.0586,0.0195,0.0195,-0.0977,-0.0586,0.0586,-0.0195,0.0195,-0.0586,-0.0195,-0.0977,-0.0586,-0.40609,-0.07793,-0.68641,0.57440,-0.06700,-0.97448,-0.50761,0.38363,-1.27318,0.42941,0.34758,-0.86607,0.183,0.256,0.110,0.183,-0.110,-0.110,-0.110,0.110,0.110,-0.183,-0.183,-0.037,0.00,3.000
6.9650,exit_damp,0.9,-0.9998,nan,-0.40612,-0.07793,-0.68633,0.57436,-0.06704,-0.97448,-0.50761,0.38363,-1.27318,0.42941,0.34751,-0.86607,-0.0195,0.0586,-0.0195,-0.0195,0.0195,-0.0195,-0.0195,0.0195,-0.0586,0.0977,-0.0977,-0.0195,-0.40612,-0.07793,-0.68633,0.57436,-0.06704,-0.97448,-0.50761,0.38363,-1.27318,0.42941,0.34751,-0.86607,0.110,0.037,0.110,0.183,-0.110,-0.183,-0.110,0.110,0.256,-0.183,-0.037,0.037,0.00,3.000
6.9700,exit_damp,0.8,-0.9998,nan,-0.40609,-0.07782,-0.68641,0.57436,-0.06704,-0.97448,-0.50761,0.38363,-1.27318,0.42941,0.34751,-0.86615,0.0195,-0.0977,0.0195,-0.1368,0.0586,-0.0195,-0.0195,0.0586,-0.0195,-0.0195,0.0586,-0.0977,-0.40609,-0.07782,-0.68641,0.57436,-0.06704,-0.97448,-0.50761,0.38363,-1.27318,0.42941,0.34751,-0.86615,0.110,0.256,0.183,0.110,-0.110,-0.110,-0.037,0.183,0.183,-0.110,-0.110,-0.037,0.00,3.000
6.9750,exit_damp,0.8,-0.9998,nan,-0.40612,-0.07793,-0.68641,0.57451,-0.06704,-0.97457,-0.50761,0.38363,-1.27318,0.42952,0.34758,-0.86615,0.0195,-0.0977,-0.0586,0.0195,-0.0195,-0.0195,-0.0195,0.0195,0.0195,-0.0195,-0.0195,-0.0195,-0.40612,-0.07793,-0.68641,0.57451,-0.06704,-0.97457,-0.50761,0.38363,-1.27318,0.42952,0.34758,-0.86615,0.037,0.256,0.110,0.110,-0.110,-0.110,-0.110,0.110,0.110,-0.256,-0.183,-0.037,0.00,3.000
6.9800,exit_damp,0.8,-0.9998,nan,-0.40602,-0.07782,-0.68638,0.57451,-0.06704,-0.97451,-0.50765,0.38363,-1.27318,0.42941,0.34751,-0.86612,-0.0195,0.1368,0.0195,0.0195,-0.0195,-0.0195,-0.0195,0.0586,0.0586,-0.0195,-0.0195,-0.0977,-0.40602,-0.07782,-0.68638,0.57451,-0.06704,-0.97451,-0.50765,0.38363,-1.27318,0.42941,0.34751,-0.86612,0.183,0.183,0.183,0.037,-0.110,-0.110,-0.110,0.110,0.037,-0.110,-0.183,0.037,0.00,3.000
6.9850,exit_damp,0.8,-0.9998,nan,-0.40609,-0.07793,-0.68633,0.57436,-0.06708,-0.97448,-0.50761,0.38363,-1.27306,0.42941,0.34751,-0.86612,0.0195,0.1758,0.0195,0.0195,0.0195,-0.0586,-0.1368,0.0195,0.0195,-0.0195,0.0586,0.0195,-0.40609,-0.07793,-0.68633,0.57436,-0.06708,-0.97448,-0.50761,0.38363,-1.27306,0.42941,0.34751,-0.86612,0.037,0.256,0.110,0.110,-0.110,-0.183,-0.110,0.037,0.110,-0.037,-0.110,-0.110,0.00,3.000
6.9900,exit_damp,0.7,-0.9998,nan,-0.40609,-0.07782,-0.68641,0.57440,-0.06711,-0.97451,-0.50761,0.38363,-1.27318,0.42941,0.34754,-0.86607,0.0977,0.0195,0.0195,0.0195,0.0195,-0.0195,-0.0195,0.0195,0.0586,-0.0195,-0.0195,-0.0195,-0.40609,-0.07782,-0.68641,0.57440,-0.06711,-0.97451,-0.50761,0.38363,-1.27318,0.42941,0.34754,-0.86607,0.110,0.037,0.183,0.110,-0.110,-0.037,-0.110,0.037,0.183,-0.110,-0.110,-0.037,0.00,3.000
6.9950,exit_damp,0.7,-0.9998,nan,-0.40609,-0.07793,-0.68638,0.57436,-0.06711,-0.97448,-0.50761,0.38363,-1.27318,0.42941,0.34751,-0.86609,0.0195,0.0977,-0.0195,0.0195,-0.1368,-0.0586,-0.0195,0.0195,-0.0586,-0.0195,-0.0195,0.0195,-0.40609,-0.07793,-0.68638,0.57436,-0.06711,-0.97448,-0.50761,0.38363,-1.27318,0.42941,0.34751,-0.86609,0.183,0.110,0.183,0.037,-0.110,-0.183,-0.183,0.110,0.256,-0.110,-0.037,-0.110,0.00,3.000
